0.0	0.0	0.0	0.0	0.0	0.0	0.0	0.0	0.0	0.0	1.0	0.0	-1.17382e-06	-0.0111239	0.0134286	-0.000110507	-6.36123e-05	0.0	0.0	0.1865021053642918	-1.4637972200554468	12.15976479046854	0.5209306182224744	0.1794655377680191	1.6266285155770797	-0.7174192367787882	1.2148160380898194	-0.6262636300600629	1.2225320588104156
0.0	0.0	0.0	0.0	0.0	0.0	0.0	0.0	0.0	0.0	0.0	1.0	-0.0074405699999999	0.0148095	0.00411076	-0.000184868	-0.000260225	0.0	0.05623932118	-0.937775771219446	1.2448901952922475	6.004216074381231	0.6966609328772806	1.3406017228531828	0.1826387034143526	-0.2970760810525058	0.2987250852715533	-0.6303995173695047	0.9997977908212522
0.1019773539	-0.0396053261	-0.0215204928	0.0236405077	-0.0313088414	0.0460243545	0.0962225004	0.0962148673	0.0962021459	0.0961843369	0.0	0.0	-0.00878489	0.0158349	0.0619247	-0.000930956	-0.000173895	0.0	0.10180456	-0.8035522802403425	0.5584271639604368	2.9746064467613054	0.1276941120247486	1.4873286897391436	1.4376556403206069	-0.0954855894984465	0.7918342556412216	-0.8149771607594822	-0.6105954904288258
0.0124347934	0.0172521522	-0.0731878398	0.0308101762	0.1096032452	-0.014195354	0.0962021459	0.0961334599	0.0960190197	0.0958588795	0.0	0.0	-0.00431299	-0.017142	0.0139365	-0.000165038	-0.000494125	0.0	0.1397444	-0.2103251973641362	0.4229506164085267	1.9445855424519929	0.697557905714986	0.2517681791423349	-0.3872524317652741	-0.7606540653371755	-0.3478410667524741	-0.642442682731906	-1.92630244235222
0.0440769214	-0.0696024523	0.0318533759	-0.0250341188	0.0924627482	0.0013923675	0.0961614411	0.0959707141	0.0956531157	0.0952090661	0.0	0.0	-0.0164682	0.0610693	0.0722005	-0.00089775	-0.000298363	0.0	0.19505421	-0.6366818012601233	0.9352671112983744	0.6318034754994464	-0.4402733439094249	-1.5467930167159918	0.4177229484336184	-0.2553741228181186	1.6445441524377755	-0.8886420550940173	-0.9474747800192826
0.0154696361	0.1166061762	-0.0240516125	-0.0330509631	0.1136183334	-0.0259465041	0.0961003948	0.0957267674	0.0951051307	0.0942370953	0.0	0.0	-0.0104651	-0.0251511	-0.00149627	-0.000213414	-0.000245379	0.000144748	0.21002367	0.1909740628801461	-0.1232037619342302	0.2412108355018719	1.1450875804009015	-0.6003958056422984	-0.1253492268565335	1.9348778196082537	-0.5647141108871719	-0.5976013423764223	-0.0804691990567611
-0.0135511745	0.0799816148	0.0917830543	-0.005120976	-0.0502115887	-0.0077007355	0.0960190197	0.0954018263	0.0943761076	0.092946256	0.0	0.0	-0.0164823	0.0411621	0.0376288	-0.000437576	-0.000208948	-7.826829999999998e-05	0.135635935	-0.3530382119288452	-1.6572269567194395	-0.2783028195849225	-0.5911760639875878	-0.3238965414803387	-0.8188188327097469	-0.1627865837739179	1.3541829810731816	-0.858981122379333	0.1835448843374623
0.084063737	0.1712220474	-0.0048985569	0.0467271852	-0.0628625855	0.0030042578	0.0959173331	0.0949961657	0.0934674342	0.091340916	0.0	0.0	-0.0164621	-0.0297943	-0.0233522	8.59219e-05	-0.000191435	0.0	0.16292156	0.6396756293332843	0.5104469639477436	-0.3515781355210114	0.9981446736431592	-0.0767425143058799	0.0807231797660409	-1.5774281124736511	-0.9023409663321532	-0.6732288105211218	1.4482186594293691
-0.0155377061	0.0179184358	0.0101363576	0.0870527223	-0.0398226315	0.097014828	0.0957953565	0.0945101289	0.0923808403	0.0894265072	0.0	0.0	-0.0255703	0.0719056	0.0330496	-0.000664822	-0.000260968	0.0	0.208223745	-1.1363790551524582	1.249398607294072	-0.4960361763261691	-0.2468217676548985	0.957931543924008	-1.2009916699614782	-0.3368732226212804	1.21936021347993	-0.8428746294263545	0.5892390960126329
0.0897789331	0.0047284946	-0.0820671607	0.016249392	-0.0067056099	0.0939498466	0.0956531157	0.0939441271	0.0911183942	0.0872095075	0.0	0.0	-0.0129817	-0.0223338	0.00643929	-1.50851e-05	-6.41543e-05	0.0	0.1757658399999999	0.174797803559238	0.4753007601769616	-0.2495370565669107	1.1066419486983037	0.8939323502401284	0.4752632609014143	-0.808169398955888	-0.4197236618721783	-0.646332636614918	-1.9166263353236035
-0.0403217396	-0.0257695835	-0.0244049675	-0.0091762275	0.0998761675	0.0947560664	0.0954906409	0.0932986392	0.089682499	0.0846974184	0.0	0.0	-0.0258012	0.0618596	0.0216386	-0.000514145	-0.00025802	-0.000195156	0.15661629	-1.286027797901376	0.9203086705615472	-0.3043039793800702	-0.133835197744298	-1.30047227104682	-1.2360800231437716	0.2448431637972047	1.392682816077113	-0.7880043690469236	-0.8020048122092361
0.0165605506	0.0673535943	0.0248126008	-0.1214865309	0.0204517286	0.0484875284	0.0953079663	0.0925742113	0.0880758881	0.08189874	0.0	0.0	-0.0164659	-0.026066	0.0216839	-0.000133324	-6.41543e-05	0.0	0.135798335	1.5333707362145792	-0.6984572976154472	-0.1978447902579077	0.8912181764986424	-0.099947472116944	1.0763076348856768	2.096046501405527	0.0125202338473124	-0.6275708599293309	0.0871216874075121
-0.0836983485	0.0820858568	0.0126348922	-0.0148721381	-0.0354733478	0.0178389518	0.0951051307	0.0917714564	0.0863016198	0.0788229422	0.0	0.0	-0.0207278	0.0488865	0.0440903	-0.000375425	-0.000116002	-0.000268297	0.129733085	-1.3803666221950568	-1.6577400861519649	-0.3492672810649581	0.226480269310437	-0.223330100938823	-1.4497357832128914	-0.3858495509461481	0.8069561488254162	-0.6990160106410557	0.3110927760864229
0.0817285293	0.0032019584	0.0647344391	-0.004714194	-0.1031114896	-0.0082957558	0.0948821769	0.0908910537	0.0843630714	0.0754804325	0.0	0.0	-0.0164728	0.00789475	0.067223	-0.000707096	-6.41543e-05	-0.000316902	0.089985635	0.6016394134156398	-0.2335704667063114	-0.5191651292951883	0.1839722217871708	-0.2836752327094062	1.743929850715464	-1.4361602855373508	0.8332669891116382	-0.7457039268444311	1.152805361556573
-0.0202381398	0.0164772352	-0.0484614427	0.0848995846	-0.0332645992	0.0403541496	0.094639152	0.089933748	0.0822639331	0.071882521	0.0	0.0	-0.0164726	0.0065363	0.0450852	-0.000646411	-6.41543e-05	-0.000266922	0.0290297	-0.5510967699174295	1.088598672929396	-0.6881919941183775	0.9290678069157308	1.204108741211955	-0.7348364604188575	-0.3514233481333432	0.0484155317310979	-0.5283453362939919	1.0975418244237272
0.003435322	-0.0619513325	0.0173004249	0.0882003529	-0.0068920744	0.0124093896	0.0943761076	0.0889003495	0.0800082007	0.0680413817	0.0	0.0	-0.0164952	0.0603586	0.0826666999999999	-0.0011655	-6.41543e-05	-0.000449429	0.1265061999999999	-0.8871187118448765	0.8393833064667201	-0.5833589712039553	0.3854758713913334	1.319362347209151	0.1814945701363053	-0.1695280715637802	1.4821748394371907	-0.7338995567771797	-0.4028081532545286
0.0332248561	-0.0286794086	-0.0638684333	0.0166751416	0.016209233	0.0479612365	0.0940930992	0.0877917323	0.0776001682	0.063970012	0.0	0.0	-0.0164886	-0.0240596	0.0505632	0.000169807	-6.41543e-05	-0.000255538	0.1929882	1.0002697006973749	0.4300024613557405	-0.3677772336609281	0.0847214001176267	0.6777333616901199	-0.7777537681501151	-0.7062459526313517	-0.1447619013663898	-0.6497664773661415	-1.895625547207764
-0.0006439097	-0.0569482214	-0.0168515855	0.0359910298	0.0530174123	-0.0626255586	0.0937901867	0.0866088346	0.0750444194	0.059682188	0.0	0.0	-0.0347382	0.0699677	0.0891659	-0.000985524	-6.41543e-05	-0.000300625	0.2109005	-0.3548870173798166	0.7122876210771084	-0.3511574302665108	0.6580711520523853	-0.2901740938493793	0.4193432904936206	-0.5451301716876044	1.3949683077752475	-0.7015014380669353	-1.3989260416609546
-0.0077757199	0.0035575043	-0.0271378923	-0.0459497853	0.050602984	-0.0208949626	0.0934674342	0.0853526572	0.0723458192	0.0551924183	0.0	0.0	-0.0301026	-0.00157474	0.0476525	-0.000218058	-0.000233815	-0.000275466	0.165805725	0.2004795185102298	0.6446490783540281	-0.1257854980174724	0.2729504104809175	-1.2947846884343073	-0.1417518166817683	1.165576035701607	0.0456528693277884	-0.6661863483678068	-0.3485433484268464
0.0031894858	-0.0011133469	0.0408629142	-0.1015575615	0.0543337228	-0.0687606247	0.09312491	0.0840242629	0.0695095047	0.050515895	0.0	0.0	-0.0325646	0.0214946	0.0880047	-0.000752031	-0.000252636	-0.00032449	0.09597444	-0.73938579886275	0.4051566801064823	-0.3130669006507995	0.2979081013387953	-0.9491747610432024	0.7862174208093662	1.7699728137787545	0.544994414429277	-0.6689437758396806	-0.0861083299978115
-0.0639148729	0.0602995698	-0.0165182888	-0.0906542071	0.049314798	-0.0427562635	0.0927626865	0.0826247757	0.0665408748	0.0456684419	0.0	0.0	-0.0325625	0.0215137	0.0586589	-0.000497197	-0.000337876	-0.000449429	0.05261765	-0.2961593274558358	-0.8425341115591484	-0.5535498695374189	0.5787538423724847	-0.5167034848426024	-0.272761682178581	1.393807166018108	0.1223286493503739	-0.6481315472938066	0.0380198954473034
-0.048845344	0.0112041147	0.1059761875	-0.0737651535	-0.0018775652	0.0217239966	0.0923808403	0.0811553797	0.0634455806	0.0406664612	0.0	0.0	-0.0396092	0.0361935	0.0880288	-0.00120251	-0.000280188	-0.000449429	0.0892464499999999	-0.1936770484261817	-1.598493321922036	-0.6212198626377816	0.4113041786447741	0.0435997086523389	0.6710982048347838	1.5497469875051606	0.9658647255678172	-0.7094364862139804	-0.0008186656222605
-0.0578244581	0.0645958255	0.0419847053	-0.0545975518	-0.0083424484	0.0161305472	0.0919794522	0.0796173181	0.0602295142	0.0355268781	0.0	0.0	-0.0325842	0.0242077	0.0708633	-0.000664072	-0.000193563	-0.000449429	0.0674294499999999	-1.0529665649553823	-1.1311983563228338	-0.5831195729140033	0.6930483175155948	-0.4515610939406637	-0.3652023706140189	-1.049193666838108	0.1256380694385566	-0.6261774409329673	0.6754939521165069
0.0585036647	-0.0164581511	0.1261114131	0.0226633248	-0.0224955771	0.0936367345	0.0915586072	0.0780118924	0.0568987974	0.0302670833	0.0	0.0	-0.0420639	0.021446	0.0880204	-0.00106944	-0.000223694	-0.000449429	0.05117345	-0.1972221582434634	-0.2756494349232875	-0.6172275078740722	0.0599773268942491	0.0021983395726269	0.8827358612330991	-1.2718165130157983	0.8137393993182391	-0.7618866902706951	1.3484374596652091
0.0244316373	0.0096609098	0.0100924478	0.0940693962	-0.0313857933	0.0424704695	0.0911183942	0.0763404608	0.0534597706	0.0249048742	0.0	0.0	-0.0488917	0.0215092	0.0525678	-0.000452233	-0.000272695	-0.000619719	0.0841685	0.5125608670588073	0.9776398672262264	-0.6743231540219384	0.9071814770286196	0.8953801498901419	-0.429936472099419	-0.7513441944114148	0.0341921439966376	-0.6496752461073915	1.2007212165063776
-0.0193235779	-0.0480317288	0.0692002366	0.0796666385	-0.0645895114	0.0010019677	0.0906589064	0.0746044375	0.04991898	0.019458395	0.0	0.0	-0.0489082	0.0554959	0.0952972	-0.00100118	-0.000116963	-0.000449429	0.12048105	0.4514098608095221	0.8345540952834016	-0.821284413186539	-0.1944185094095125	0.8091441259599494	-0.0035036653568974	-0.8752710981657686	1.3938936427451405	-0.7968341710536578	1.4451854722297846
0.0106143601	-0.0018807871	0.0428963353	0.065886004	-0.0380011661	0.0485914116	0.0901802409	0.0728052914	0.0462831659	0.0139460747	0.0	0.0	-0.0431738	0.00620069	0.0516108	-0.000370044	-0.0001271	-0.000449429	0.13077966	1.7578210964774863	1.085435431180462	-0.4567539332260801	0.5536207434318626	0.9334434536882396	-0.3265068071717329	-0.7979881822099981	0.1234633717073844	-0.653418732816982	1.181175982368872
-0.0090512855	-0.0547021044	0.0393772212	0.0773338757	-0.0420289476	0.0557437231	0.089682499	0.0709445448	0.0425592491	0.0083865653	0.0	0.0	-0.0564313	0.0638631	0.106726	-0.00104142	-0.000139634	-0.000449429	0.16023061	-0.2592380153028133	1.01117951638572	-0.5514162388257855	0.183131211580546	1.3842082312431785	0.2514581411176836	-0.3375402682741421	1.3891398930023031	-0.6961388504018298	1.013658243821465
-0.0140020501	-0.0333293767	-0.0650079363	0.0599282915	-0.0331067367	0.0102451441	0.0891657861	0.069023772	0.0387543183	0.0027986784	0.0	0.0	-0.0488716	0.0193021	0.0743654	-0.000364014	-0.000376213	-0.000449429	0.13018055	0.2262825170288936	0.6344156741702033	-0.3414302981823223	0.82103243453375	1.4691887336250866	-0.1438383533534437	-0.4169813180962669	0.1594034610093427	-0.6178069234691151	-1.3617562934461576
0.031996526	-0.1142484974	-0.0290672389	-6.06107e-05	-0.0362968597	-0.0347237439	0.0886302114	0.0670445982	0.0348756165	-0.0027986784	0.0	0.0	-0.0555725	0.017904	0.102825	-0.000804628	-0.000378292	-0.000449429	0.05869325	-0.1460094204707965	0.5590241099950041	-0.263469854075337	-0.3561692220487489	1.8092456415055225	0.6412951189272444	-0.1569251505123455	0.7687849667377202	-0.7094971614995865	-1.136341646716897
-0.0297911321	-0.0405301821	-0.1060112375	0.03905995	0.0135920663	0.0208653246	0.0880758881	0.065008698	0.030930527	-0.0083865653	0.0	0.0	-0.0568489	0.0157871	0.0594868	-0.000213862	-0.000481107	-0.000449429	0.08141055	0.1926326436915486	0.611502816654239	-0.3355890503308369	1.3989359980422136	1.1140327471660414	-0.5304731525234229	-0.5984009531743633	-0.1015601551554786	-0.5594956083112582	-1.7262550746912098
0.0289397115	-0.0972172874	-0.0002898571	-0.0044759804	-0.0465328857	0.0367014364	0.0875029337	0.062917794	0.0269265594	-0.0139460747	0.0	0.0	-0.0530375	0.0354491	0.0972033	-0.0007344129999999	-0.000481107	-0.000449429	0.08721745	0.6089103462577582	0.2398099465530332	-0.1071913465473006	-1.2130171304090849	-0.4530526008573289	0.3104690322218088	-0.904007385760795	1.2102131733516217	-0.8518146160737767	-1.775941965661782
0.0018611559	0.0023215307	-0.1030497939	-0.0579391	0.0407626113	-0.0899033311	0.0869114692	0.0607736552	0.0228713357	-0.019458395	0.0	0.0	-0.0488656	-0.00174897	0.0388381	-0.000347905	-0.000365854	-0.000449429	0.12482322	0.6874781106957668	1.011840943140756	0.1033540247402678	1.7371843968146918	-1.469120794688612	0.3289387384325982	0.2042285744892529	-0.3920274694716337	-0.5568889186914036	-0.8329554824312543
-0.0604351584	-0.0309720801	-0.0170235941	-0.062748716	0.0247133014	-0.0462811981	0.0863016198	0.0585780958	0.018772575	-0.0249048742	0.0	0.0	-0.0488579	0.0569892	0.0649298	-0.000528905	-0.000481107	-0.00044943	0.09965027	-0.0485383854085222	0.2095938010627192	-0.0809855657720062	-0.7782848806805307	-1.1100642674581207	-1.032055696163547	1.4627535480377467	0.9499560948417574	-0.8335449870595334	-0.1606741592478875
0.0006806972	0.0539335959	0.0096745176	-0.1053786189	0.0384919843	-0.047518186	0.0856735145	0.0563329735	0.0146380797	-0.0302670833	0.0	0.0	-0.0488579	0.00647833	0.0339301	-0.000485674	-0.000481107	-0.00044943	0.08367212	1.5953773492475931	-1.023118705452479	-0.2744028695855738	1.1740453008435754	-0.1270280985710515	0.6049477899563309	2.0458170127326323	-0.5843001459955822	-0.673345114407007	0.0215398348386063
-0.073021896	-0.0196590328	0.0293659967	-0.0052520951	-0.0112229986	0.0099217562	0.0850272861	0.0540401879	0.0104757199	-0.0355268781	0.0	0.0	-0.0488645	0.0722355999999999	0.074646	-0.000592596	-0.000481107	-0.000525917	0.11565022	-1.1967432227128378	-1.474936019522057	-0.4960408992925295	0.0353163720806134	-0.3149408861623775	-0.8773146024995843	-0.3326585917729778	0.9894726794692802	-0.8126263098603305	0.2196406674701037
0.0164728214	0.0856261259	0.0186111375	-0.0207467354	-0.0828907866	-0.0254120304	0.0843630714	0.0517016789	0.006293419	-0.0406664612	0.0	0.0	-0.0426146	-0.0207508	0.0513927	-0.000167873	-0.000481107	-0.000360731	0.15198505	0.7229060002727661	-1.2739064729350802	-0.0354841437268875	0.9193733473205562	-0.1124270015904354	0.2406015843264363	-1.492192248163116	-0.4966348895179589	-0.7235959285775676	0.9815773829552694
-0.0996745492	0.0252427721	0.0339179496	0.0485354344	-0.0243612508	-0.0426561321	0.0836810109	0.0493194251	0.0020991383	-0.0456684419	0.0	0.0	-0.0488579	0.0577677	0.0804553999999999	-0.000605472	-0.000481107	-0.000449429	0.14013935	-1.0776877607494972	-0.9795053084879116	-0.4133008271752463	-0.1791433108616333	-0.0665153067663326	-1.2659626093031064	-1.4160283990395717	1.0197885315613198	-0.8018641516105859	0.9484170580802272
0.0546898438	0.0471039728	0.0228419624	0.0117060643	-0.0871034117	0.0285977386	0.0829812487	0.0468954422	-0.0020991383	-0.050515895	0.0	0.0	-0.0488662	-0.000960061	0.0327477	-0.000465627	-0.00039986	-0.000509092	0.120481511	1.6759218676240175	0.579652139283711	-0.50605838711559	0.9767225854096192	0.1541629990033264	0.4695740977652756	-1.4251312082709684	-0.65515943501345	-0.714656740729589	1.657909206031485
-0.0744337804	-0.053706141	-0.0181976534	0.0959856236	-0.0375292638	0.119727354	0.0822639331	0.044431781	-0.006293419	-0.0551924183	0.0	0.0	-0.0488579	0.0580329	0.0617096	-0.000634328	-0.000481107	-0.00044943	0.103443661	-1.7276762396879808	0.9904845292461304	-0.4351648745280395	-0.0850834862380353	1.5364755378769397	-1.6166808753041206	-0.1420615880130968	0.8706500365404171	-0.7856670284182157	0.1702001827621371
0.1134595367	-0.0898183351	-0.046913556	-0.0267736628	0.0502535731	-0.0149256747	0.0815292157	0.0419305261	-0.0104757199	-0.059682188	0.0	0.0	-0.0488579	0.0033924	0.0457425	-0.000543473	-0.000481107	-0.00044943	0.07515035	1.458562960668936	0.5127553153286531	-0.3183962273595686	0.7071010523832439	0.7785034269624868	1.7896678716032468	-0.7367373811400469	-0.3778964870705181	-0.7970404252361953	-1.6374487392105903
-0.0648970394	-0.0189280529	-0.0789064273	-0.0006321988	0.0800082725	-0.081051789	0.0807772519	0.0393937938	-0.0146380797	-0.063970012	0.0	0.0	-0.0488579	0.0313806	0.0257791	-0.000288074	-0.000481107	-0.00044943	0.06072155	-0.5028812393937446	0.9260701463162188	-0.0366478886140466	0.6822029514528811	-1.492371638260782	-1.4515200784288902	0.699955137496536	0.1498848670742429	-0.7172194594969723	-0.5824130874585414
0.0440536186	-0.0569340636	-0.0008498803	0.0049934736	0.0051222099	-0.1657624095	0.0800082007	0.0368237304	-0.018772575	-0.0680413817	0.0	0.0	-0.0488579	0.00518501	0.0595803	-0.000627577	-0.000481107	-0.00044943	0.07697194	1.5179679578893657	0.82254421550589	0.1547200546135184	-0.0275649003701053	-1.2957488811418865	1.587078390553379	0.8870062651225211	0.4812347978580671	-0.8083334245775745	-0.4691089357570052
-0.1023401683	-0.01745021	-0.0762743781	-0.0073783136	0.0209705942	-0.1100308091	0.079222225	0.0342225105	-0.0228713357	-0.071882521	0.0	0.0	-0.0574411	0.0219101	0.0448698	-0.000404736	-0.000686296	-0.00044943	0.06142029	-0.3765842448931843	0.5512198117481093	0.0021169112185109	0.7026235875510966	-1.423928036517666	-1.218299741686985	1.0390245567500174	-0.0651015471764216	-0.6359850478675176	-0.13533068184009
0.0029903057	-0.0708179166	0.0095671762	-0.0935498757	0.0362594204	-0.1122622805	0.0784194909	0.0315923349	-0.0269265594	-0.0754804325	0.0	0.0	-0.0353351	0.021881	0.057464	-0.000841612	-0.000463574	-0.000302958	0.0750327999999999	0.7924121881521383	0.1296027467121147	-0.4783299842415732	0.0025953212333906	-0.5844834920072672	1.350210192092602	2.1452812750411563	0.195991091946888	-0.8337071594806701	0.1045627074169167
-0.134876247	0.0086491486	-0.0027173664	-0.0352995064	0.0578985131	-0.019005025	0.0776001682	0.028935429	-0.030930527	-0.0788229422	0.0	0.0	-0.0269501	0.0388868	0.0332211	-0.0007235479999999	-0.000463574	-0.000263495	0.05751005	-1.1308357259653652	-1.558035837097675	-0.3679441917433604	0.8722482117072231	-0.3137786897900725	-1.4037093506574942	0.604397296758705	0.0188140356086688	-0.7424832046606702	0.0494594704765228
0.0795598374	-0.0497356968	0.1499571628	-0.06321675	-0.0150337104	-0.101411488	0.0767644303	0.0262540409	-0.0348756165	-0.08189874	0.0	0.0	-0.0324773	0.0218727	0.060631	-0.000841612	-0.000463574	-0.00044943	0.06515115	1.4703104455950395	-1.8705425298537317	-0.5272234749444684	-1.1095933911338676	-0.1634152130163435	1.550997381207348	-0.0673120294158718	0.523028665813563	-1.0551281240595614	0.4330413904694709
-0.0789359569	0.0977805044	-0.033235405	-0.0639868561	-0.0497325214	-0.0685886285	0.075912454	0.0235504393	-0.0387543183	-0.0846974184	0.0	0.0	-0.0324773	0.021903	0.0157019	-0.000306245	-0.000463574	-0.00044943	0.0717277499999999	-0.6897564323145248	-1.682846419856011	-0.32812663509014	1.8525976870047312	-0.150808196102516	-0.9282526077695988	0.0973705853385702	-0.8328275745082633	-0.6558069419574566	0.5601979607604801
-0.0323076393	-0.0155055287	0.0922696809	-0.0221757522	-0.0443874274	-0.0815484417	0.0750444194	0.0208269116	-0.0425592491	-0.0872095075	0.0	0.0	-0.0421459	0.0579086	0.0704477	-0.000644703	-0.000463574	-0.00044943	0.1173429	-0.0537942875148279	-1.6228305047169558	-0.4218264730001944	-1.0041675470107856	-0.2691660989539701	-0.0985594180372685	-0.2889291833573108	1.0409476615023492	-1.0313233101032593	0.4380402655471331
-0.0083792637	0.0927909485	-0.0281727702	-0.0157713691	-0.0453495989	-0.0632693716	0.0741605102	0.0180857622	-0.0462831659	-0.0894265072	0.0	0.0	-0.0283818	-0.0160492	0.00900905	-3.06158e-05	-0.000463573	-0.000254311	0.18962091	-0.7019342618281302	-1.4067815796566414	0.0179590342336049	1.2243484918684615	-0.0904728946438774	-0.1500536661867849	-1.0726131940473855	-1.237920425118893	-0.6848888104661462	0.8721751934644588
0.0176057367	-0.0564246849	0.0332130955	0.0420086389	-0.0391375142	0.0638150317	0.0732609134	0.0153293105	-0.04991898	-0.091340916	0.0	0.0	-0.0175818	0.0697297	0.0640973	-0.000470151	-0.000463573	-0.00044943	0.18339986	-0.3861829033162192	0.6474110609439864	-0.255582118631004	-0.6746267432956421	0.3111484161105189	-0.2928354483302393	-0.8313429372180512	0.5667782358477723	-1.0080163113015117	1.1489174968773006
0.0662909261	-0.0263932585	-0.1120434587	0.030183325	-0.0498458298	-0.0069161762	0.0723458192	0.0125598887	-0.0534597706	-0.092946256	0.0	0.0	-0.018841	-0.0132621	-0.00623755	8.0679e-05	-0.000463573	-0.000133779	0.1979099	0.133079118077716	1.3770499519608772	0.0746479529620045	1.1870624150273026	1.9792995433542424	-0.0918534524159839	0.2078447333775869	-1.4490832201868071	-0.7586300108792992	0.213033358676517
0.0068942217	-0.1422317989	-0.0558207159	0.0716079022	-0.024161659	0.0072492224	0.0714154213	0.00977984	-0.0568987974	-0.0942370953	0.0	0.0	-0.0188495	0.0591066	0.0367684	-0.000433837	-0.000463573	-0.000355489	0.15219445	-0.1700569757807894	0.7533602507222761	-0.1694424462711388	-0.37121284942423	1.2641402899808147	-0.5664889003900718	-0.3088066020006409	0.3004953132976575	-0.9760242818961696	-1.2895576603547858
0.0372904676	-0.0365356716	-0.0727884996	0.011827907	0.014984825	-0.0398692524	0.0704699164	0.0069915165	-0.0602295142	-0.0952090661	0.0	0.0	-0.0188466	0.0074857099999999	-0.00623601	-2.4686e-05	-0.000463573	-0.000274367	0.11914185	0.2941376423258363	0.8130887167459269	-0.0930236975205799	0.7835649318834899	1.3241296841831685	-0.1879130990962593	-0.3091288664982091	-1.367476514667548	-0.7641334201955066	-1.619404715819622
0.0020294773	-0.1262498045	-0.0532081122	0.0768493711	0.0423999033	-0.0613428613	0.0695095047	0.0041972775	-0.0634455806	-0.0958588795	0.0	0.0	-0.0188417	0.0669324	0.0407702	-0.000559997	-0.000463573	-0.000257631	0.13406015	-0.4280452249777545	0.677157638291665	-0.2080243324590918	-0.0971182183961855	0.4161623391568449	-0.4289834781047968	-0.4706573083290734	0.3071493597326784	-0.972006103046932	-1.4531655136560708
0.0501642134	0.0248706149	-0.0972816504	-0.0568129056	0.0143866447	-0.0607027461	0.0685343891	0.0013994872	-0.0665408748	-0.0961843369	0.0	0.0	-0.00383447	-0.0181381	-0.0294392	0.000285603	-0.000463573	-5.16872e-05	0.22286432	1.2313580242709927	1.052312788792025	0.3644841845685083	0.4993296778979849	-1.5307333523337714	-0.2526335733010262	0.1586070594345117	-1.4339746754577058	-0.853715523675577	-0.8287812755891729
-0.03031195	-0.0780713946	-0.0137714723	-0.063789228	0.0438661813	-0.0103568894	0.067544776	-0.0013994872	-0.0695095047	-0.0961843369	0.0	0.0	-0.00965001	0.0620797	0.0100281	-9.36185e-05	-0.000385585	-8.87334e-05	0.1502134249999999	-0.3888672691321205	0.8916928208902152	0.0780296596747845	-0.5971797765086947	-1.2623022352163709	-0.4556590534194576	1.3391416568699257	0.327364729385916	-1.014211820322792	-0.1538446216166764
-0.037417271	-0.0100115039	-0.0453494054	-0.0726414137	-0.0072595909	-0.048425233	0.0665408748	-0.0041972775	-0.0723458192	-0.0958588795	0.0	0.0	-0.00869964	-0.00960063	-0.0213421	0.000117088	-0.000463573	2.47426e-05	0.124109425	0.4779975189574936	-0.1121243499601089	0.0937210325638992	0.5954906789828707	-0.5346767237730832	-0.1352857460478557	2.1973195882836505	-1.062498105708222	-0.7697953405750956	0.0062481951518969
-0.0751593968	-0.0548799608	-0.0341346504	-0.0692593839	0.0650070974	-0.0145711121	0.0655228978	-0.0069915165	-0.0750444194	-0.0952090661	0.0	0.0	-0.0175071	0.0571215	0.0283298	-0.000420692	-0.000542709	-0.000224914	0.16853012	-1.1555116115286377	0.3469732087058053	0.0079520373448883	-0.5867087378182241	-1.1300599663716528	-0.7716044795840307	1.6363653365022657	0.4090892041799387	-0.97176842709084	0.0330790152175252
-0.0041289451	-0.0046640403	-0.0259944825	-0.0833813585	0.0348372042	0.0261485134	0.0644910603	-0.00977984	-0.0776001682	-0.0942370953	0.0	0.0	-0.0086763399999999	0.00539541	-0.0171549	6.09301e-05	-0.000603047	-5.53399e-05	0.14161826	0.3853667907224185	-0.1403746713326009	-0.2266764004656294	0.3187051622667206	-0.7891779593831062	-0.1738066098705227	2.1744817220170845	-1.2178379279994755	-0.8638260134243523	0.0623923287027483
-0.0781037112	-0.0434381146	0.0929561635	-0.0362193731	0.060719219	-0.0431101645	0.0634455806	-0.0125598887	-0.0800082007	-0.092946256	0.0	0.0	-0.0253738	0.101194	0.0498357	-0.000352594	-0.000351141	-0.000194813	0.21973181	-0.4028294171826636	-1.3247892383716753	-0.4413900594402574	0.008860229057778	-0.0997289029310056	-0.33878634950502	1.0933800404459042	0.8863188134132832	-1.0560325394405028	0.0708800976725694
0.0378037011	0.0917158779	0.0199369452	-0.020960636	0.0096425678	-0.0336764623	0.0623866799	-0.0153293105	-0.0822639331	-0.091340916	0.0	0.0	-0.0209938	-0.0087131299999999	-0.0368977	0.000424032	-0.00058065	0.000154348	0.26878533	0.2684615278651694	-1.8532514219691996	0.0174963213010651	0.667541960836147	-0.4229513632265997	0.0575624523468064	0.0972980884854404	-1.177752989061305	-0.9035643070282878	0.3758031177115663
-0.0942401183	-0.0425848655	0.1216871311	-0.0490602808	0.0636453965	0.0469542856	0.0613145822	-0.0180857622	-0.0843630714	-0.0894265072	0.0	0.0	-0.0253817	0.0811307	0.0400457	-0.000473662	-0.000283823	-0.000139813	0.24560923	-0.3524845313902621	-1.2734782573557286	-0.1131039341235432	-0.5284367894702011	-0.0528243043602792	-0.5883842830709366	1.4048161354174868	0.8750820244698805	-1.068577359674362	0.1607614694496229
-0.0103971746	0.0767130224	0.0467819419	-0.0164659276	0.0176220521	0.0134290824	0.0602295142	-0.0208269116	-0.0863016198	-0.0872095075	0.0	0.0	-0.0253575	-0.0114485	-0.0173219	0.000236362	-0.00061219	-8.71145e-05	0.204525475	0.7494832492134339	-1.951562415369467	-0.1993633094261177	0.9206849248544308	-0.3928885600576894	0.0215925865883692	-0.3341053185814633	-1.010745019663837	-0.904631984345382	0.1962357552844607
-0.0680616325	-0.0289735105	0.0847777191	0.0138468214	-0.0009623879	0.0046889122	0.0591317055	-0.0235504393	-0.0880758881	-0.0846974184	0.0	0.0	-0.0253444	0.0656088	0.0275379	-0.00056513	-0.000701246	-5.15039e-06	0.1705558055	-1.1514426400566329	-1.511831920993766	-0.4702557772659858	-0.6717805476868068	-0.432016946715563	-0.8058550625326095	-0.7243244982741929	0.7265642410556866	-1.0673020134411613	0.4069854505848875
0.063095255	0.0735314886	0.0692030326	0.0585125486	-0.0053936697	-0.0224485075	0.0580213883	-0.0262540409	-0.089682499	-0.08189874	0.0	0.0	-0.0379103	-0.0229219	-0.0685835	0.000615384	-0.0008750039999999	5.72464e-05	0.2680514395	1.1944193562924432	-0.3985491459197149	-0.2581409095919966	1.1308747506015733	-0.2391244870480593	-0.1255088415182471	-1.403174651729766	-1.3153206807973	-0.8884656687010482	1.292775932588356
-0.0226089238	0.0065175875	0.0090833385	0.0474528812	-0.1194349943	0.0690912475	0.0568987974	-0.028935429	-0.0911183942	-0.0788229422	0.0	0.0	-0.0486405	0.0590786	-0.0270695	0.000262801	-0.0007735109999999	-1.19772e-05	0.16040968	-0.6993928018744974	0.4662362334221359	-0.2305935607182787	-1.188165926067846	0.1771217455906994	-1.3829816562097483	-0.9439145605588584	0.5501643136255744	-1.0868855061572682	1.2444832725812551
0.0870860729	0.1005286993	-0.0405684247	0.1087766711	-0.0280301374	-0.041374058	0.0557641705	-0.0315923349	-0.0923808403	-0.0754804325	0.0	0.0	-0.0453107	0.00283316	-0.0806643999999999	0.0007992869999999	-0.0008750039999999	0.000102781	0.150807	1.3370839036423263	1.0662282705796429	0.2163556344423941	1.4994465968685071	1.0137471793206752	0.248365345549424	-0.6124786062142235	-1.1703899975226473	-0.8447665941153856	1.4861223211184604
0.0319835649	0.0840684247	-0.0424978838	0.0890370882	-0.1507862634	-0.0116605445	0.0546177473	-0.0342225105	-0.0934674342	-0.071882521	0.0	0.0	-0.0486341	0.0502891	-0.0782338	0.000919608	-0.0008750029999999	5.21367e-05	0.0617582549999999	-0.508195889949378	-0.2447583033968313	0.4162980489098453	-0.7837930283011528	-0.0330676374673263	-1.6760537012222343	-1.5356127291176411	0.0079529172113015	-0.911148058826366	1.2229498914588983
0.0978811721	0.096031083	-0.0342817592	-0.0135096692	-0.1027046729	-0.0835883207	0.0534597706	-0.0368237304	-0.0943761076	-0.0680413817	0.0	0.0	-0.0461456	0.0113689	-0.105907	0.000544314	-0.000723757	-2.38825e-05	0.09920986	-0.6737148087054885	-1.3045194119709536	0.4360970105848731	0.7819196035687859	0.3000716697023818	1.0637884366728734	-0.7355074514583296	-1.028193958954617	-0.8451226563383776	0.6931490053631056
-0.100872289	0.0656241714	-0.0739844223	-0.0730153851	-0.1299182181	0.1288578115	0.0522904852	-0.0393937938	-0.0951051307	-0.063970012	0.0	0.0	-0.0486442	0.0650939	-0.0607847	0.000119007	-0.0008750029999999	-3.15914e-05	0.130558995	-1.0212038791201554	-2.0757796627034195	0.4992260802403672	-0.6776538547434297	-0.1425930406957585	-1.793460645333377	0.0901970336854622	0.1618602068335632	-1.0596928040940907	0.1160831882309274
0.1050697128	0.0313555894	0.0358369401	-0.0475971784	0.0392917217	0.0185022689	0.0511101384	-0.0419305261	-0.0956531157	-0.059682188	0.0	0.0	-0.0486417	0.0369945	-0.0388045	-0.000306721	-0.000750443	-8.97062e-05	0.08050224	-0.3931583195003786	-1.468049711567213	-0.0422726965933657	1.0490702709707154	-0.5224866764057717	1.9560277478825232	-1.2269993060848163	-0.91296466255066	-1.019392927635438	0.5993973760165341
0.0182169088	0.0909982211	0.0266227349	0.0614098615	0.0529573945	0.0496550513	0.04991898	-0.044431781	-0.0960190197	-0.0551924183	0.0	0.0	-0.0486424	0.0294458	-0.0937426	-0.000124087	-0.000720518	-2.34427e-05	0.076428625	-0.5125585655858137	-1.0546457903829345	0.1628577500048852	-0.1308797363114917	-0.4452245186015107	-1.6366925926092155	-1.3824865259057213	-0.863400593622578	-0.9411689082752392	0.9954967188663494
0.0598054555	-0.0272724108	0.1373394423	0.061357996	0.0088972138	0.0728931998	0.048717262	-0.0468954422	-0.0962021459	-0.050515895	0.0	0.0	-0.0608857	0.041467	-0.0408066	-0.000467006	-0.000582187	-0.000106799	0.105430815	0.1047951096399971	-0.8273198259774178	-0.4549563656514176	0.3248778213806482	-0.0053923921223447	1.283512744792799	-1.0676180887975053	0.3730164377719193	-1.0179946079847166	1.1936905701929987
-0.0360285158	0.0432857051	0.086634795	0.1445907003	0.0663599093	0.0103474168	0.0475052385	-0.0493194251	-0.0962021459	-0.0456684419	0.0	0.0	-0.0486551	0.018515	-0.0573282	0.000204399	-0.000624136	-4.05251e-05	0.090685595	0.5060887917128493	0.1357566817867748	-0.3044412303370146	0.2111257644759498	0.1656221831452705	-1.1942878579105307	-1.2289423573896672	-0.3652088858558968	-0.9968366596077356	1.4688960659138162
0.0012753559	0.0406649863	0.0832505645	0.0037599004	0.0162267343	-0.1425463316	0.0462831659	-0.0517016789	-0.0960190197	-0.0406664612	0.0	0.0	-0.0604136	0.0184355	-0.0259708	-0.00059683	-0.000663963	-0.000114507	0.088947295	1.5658378550373038	-1.608031888682277	-0.0821506371996654	0.3248717810373369	0.195442805123439	1.0819911090750196	0.4435597980759669	-0.1259166344304786	-1.0232210749022177	0.5115576338579045
-0.0869774245	0.0474041925	0.0592732186	-0.0298252385	0.0436555159	-0.0314386558	0.0450513027	-0.0540401879	-0.0956531157	-0.0355268781	0.0	0.0	-0.0565346	0.0297652	-0.0408085	-0.000263836	-0.000660599	-1.62383e-05	0.051777735	-0.046259194455031	-0.7825965596769252	-0.2500781587815013	0.4313191289764246	-0.3837925495098459	-0.730824747676164	1.9211381649385095	-0.3632791805659733	-0.9068607116705086	0.1739267392704644
0.023072232	-0.0366583659	-0.0097358732	-0.1186571136	0.0237188046	0.0372825871	0.0438099096	-0.0563329735	-0.0951051307	-0.0302670833	0.0	0.0	-0.0586721	-0.0171876	-0.0408126	-0.000150833	-0.000733853	-5.76337e-05	0.06047702	-1.479162005797828	0.5625377962080247	-0.106056806826394	0.4897276795324636	-1.2885031977843786	1.3367891395993623	1.533470908095524	-0.6585457090027605	-0.8065856541004529	0.1812612803755071
-0.0677253432	-0.037852294	-0.0806783635	-0.0953996484	0.0240867073	0.0536419093	0.0425592491	-0.0585780958	-0.0943761076	-0.0249048742	0.0	0.0	-0.057439	0.0448278	-0.0408232	0.000200384	-0.0008750029999999	3.0974e-05	0.092307835	-2.108429144063848	0.9304419598735808	-0.1828489099077777	0.4150291098409435	-1.992711433553379	-0.981433385253768	-0.1488359982012572	-0.0254945745314564	-0.8810699188926091	-0.7870647615587771
0.0770997084	-0.086715449	-0.0852476866	-0.0895377956	0.0140994982	0.0591119067	0.0412995857	-0.0607736552	-0.0934674342	-0.019458395	0.0	0.0	-0.0606686	0.0270649	-0.0407963	-0.000218351	-0.0008750029999999	-0.000135223	0.050266	-0.143627407065947	0.8017873128419449	-0.364874624512602	0.5887389101382177	-0.8007309275231135	1.4447922553880168	-0.9381126256613562	-0.5889086996621155	-0.926492284630307	-1.642542406831272
-0.0191144562	-0.0564626501	-0.1553580848	-0.0082015456	0.0034406034	0.1311872124	0.040031186	-0.062917794	-0.0923808403	-0.0139460747	0.0	0.0	-0.0589198	0.0393658	-0.0644783	-6.92732e-05	-0.0008750029999999	-0.00018437	0.04764294	-1.246090631524998	0.5959337651763822	-0.0433372135212172	0.6084574175689443	0.8595748885122244	-1.149712190888361	-0.9229744126080948	-0.8510403333556683	-0.8882232719440722	-1.9003568486379303
0.0697751466	-0.1391732431	-0.0066377849	0.0491383816	0.0053391974	0.1326800168	0.0387543183	-0.065008698	-0.0911183942	-0.0083865653	0.0	0.0	-0.0576513	0.0640981	-0.0307051	-0.000337604	-0.000556127	-0.000274835	0.09365759	-0.3956253173773992	1.0301924178282078	-0.4398233395686676	0.1852683223006636	1.9151975903127303	0.9237182193505552	-0.1526109561718375	0.2636796308148165	-1.0781888477707424	-0.527975991367009
0.000531648	-0.0332704261	-0.0079149113	0.097370763	0.0051773672	0.1386083414	0.0374692526	-0.0670445982	-0.089682499	-0.0027986784	0.0	0.0	-0.0486523	0.040014	-0.0842061999999999	0.000126546	-0.000624848	-0.000248007	0.11456915	0.261325167843944	1.222923428647018	-0.1801261595309237	0.4199596180234931	1.7055811454883365	-1.0897709293331184	-0.3037955449430016	-0.4026867733996962	-0.919273447673211	0.4101543562567242
0.0651125557	-0.0661601601	0.0942379849	0.0864519413	-0.0240660731	0.0849996653	0.0361762609	-0.069023772	-0.0880758881	0.0027986784	0.0	0.0	-0.065667	0.054096	-0.0405602	-0.000504414	-0.000564079	-0.00044943	0.1194003	1.4906250171255673	1.070846267826766	-0.7161712158919054	0.041087237711037	1.0778481611006532	0.8715168950536266	-0.6365524751716167	0.0827674775399555	-1.043872029232286	1.5278671722907011
-0.0156166776	0.049501115	0.0512617854	0.1412646585	0.0249751898	0.0208838497	0.0348756165	-0.0709445448	-0.0863016198	0.0083865653	0.0	0.0	-0.0609081	0.0246054	-0.070114	0.00016925	-0.00052635	-0.000338721	0.1049084	1.0836883221185063	-0.0525365966883651	-0.4514316237785981	0.4367234143146082	0.1088576402312168	-1.225453554173182	-1.3630967456051026	-0.5175423328795756	-0.8774989929255185	1.2943491796353888
0.0479925784	0.0257202693	0.1242668917	0.0215245252	-0.0392874367	-0.0379411041	0.0335675947	-0.0728052914	-0.0843630714	0.0139460747	0.0	0.0	-0.0599065	0.0284926	-0.0526549	-0.000153589	-0.00053528	-0.00023444	0.0441503999999999	0.4233702827957767	-1.2551681225853333	-0.4270071667534141	-0.1938458212875389	0.1726216706303163	1.163626081370342	-0.7878758354873748	-0.2692712718813523	-1.043989232213066	0.9309537666155754
-0.0579582197	0.1377250299	0.0239341359	0.0355678069	0.0313530267	-0.0128217818	0.0322524721	-0.0746044375	-0.0822639331	0.019458395	0.0	0.0	-0.0575557	0.0130276	-0.105711	0.000525061	-0.000557967	-0.00014753	0.11028425	0.799529706675518	-1.8246864946561356	0.135946128467446	0.312940511997178	0.1083049183270099	-1.4675686694395895	-0.1324416129494095	-0.6753493526193338	-0.8624803024761307	0.4975096118999382
-0.0148644673	0.00537306	0.0427850545	-0.0904685683	0.0001038268	0.0065954483	0.030930527	-0.0763404608	-0.0800082007	0.0249048742	0.0	0.0	-0.0753012	0.0306376	-0.0550756	-0.000161336	-0.000654911	-0.00044943	0.14025295	1.184365342122064	-1.2868188889058376	-0.1109176508064863	-0.4080478604602984	0.0089790010129985	0.8206753918689759	1.2632909039050686	-0.1713104316010749	-0.9776492019722808	0.2672383963287968
-0.0643130732	0.0788459908	-0.0366898185	-0.0401969759	0.0572886876	-0.0051246563	0.0296020389	-0.0780118924	-0.0776001682	0.0302670833	0.0	0.0	-0.0656448	0.0284556	-0.100645	0.000311299	-0.000577824	-0.00015913	0.0994089	0.6482474193094544	-0.2863964695541485	0.1275380282072415	0.3674279038708831	-0.5000376448658268	-1.183189566348145	1.8531379426204708	-0.934592222184964	-0.8283053437640623	0.1617679145918627
0.1072626315	-1.77903e-05	-0.0239325409	-0.1073546421	0.001984095	-0.0228577364	0.0282672889	-0.0796173181	-0.0750444194	0.0355268781	0.0	0.0	-0.0689838	0.0260635	-0.0930498	5.33637e-05	-0.000513963	-0.000230169	0.0329680649999999	-0.7746337443450861	0.722135681409839	-0.0369732778956077	-0.4649740288263119	-1.5170412579305022	1.6277007632634448	1.3355524343795224	-0.8510724591092271	-0.917413871831372	0.06315908997297
-0.025045796	0.1081337857	-0.1058032291	-0.0012492248	0.0332510298	0.0053617514	0.0269265594	-0.0811553797	-0.0723458192	0.0406664612	0.0	0.0	-0.0656511	0.0283235	-0.179632	0.000949631	-0.0007823	-0.000157951	0.1540160149999999	-0.3529921006643188	1.000283916166473	0.682915502950544	0.951732510306535	-1.8343945873232683	-1.3400169075729622	0.1006726151283097	-1.1320475907756062	-0.5804981503601653	-0.7780906922915586
0.036394379	-0.0821209485	-0.0450925037	-0.0544272935	-0.015646657	0.024151651	0.025580134	-0.0826247757	-0.0695095047	0.0456684419	0.0	0.0	-0.0765475999999999	0.0450682	-0.0873361	0.000307151	-0.000645414	-0.00044943	0.1734793499999999	0.8618029329491196	0.5956225442070839	0.531194364731768	-1.033520583385546	-1.113988085794073	0.5384048254664989	-0.6903204651805196	0.3459506623386368	-0.933738636959961	-1.4480998894350894
0.0180091786	-0.0376107293	-0.129996992	-0.0002239836	-0.0067556936	0.0800140203	0.0242282974	-0.0840242629	-0.0665408748	0.050515895	0.0	0.0	-0.079516	0.014502	-0.136152	0.000986284	-0.000902713	-0.00044943	0.1291721	0.7130326679776083	0.3962856463465486	0.4051155846958898	0.5130062883423522	0.0725163948830709	-0.4942973796654753	-1.029591810277215	-0.8621435017163093	-0.7071845263591285	-2.011059675125196
0.0641741631	-0.0890544872	-0.0346080485	0.0558881464	-0.057532306	0.0385870318	0.0228713357	-0.0853526572	-0.0634455806	0.0551924183	0.0	0.0	-0.0877432999999999	0.0361388	-0.0917604	8.116069999999998e-05	-0.000547469	-0.000310723	0.1442094149999999	-0.1541737992122317	0.5212678478828799	-0.0326990710299163	-0.86659315116017	1.635628988701623	0.6998063125393066	-0.4788798564016157	0.0112201150373782	-0.9335760757488092	-1.6948806249320372
0.0149925627	-0.0155005149	-0.0690132864	0.1323215957	0.0253810688	0.0102480083	0.0215095358	-0.0866088346	-0.0602295142	0.059682188	0.0	0.0	-0.0779278	-0.00516317	-0.144413	0.00112934	-0.000601229	-0.000131298	0.1678382849999999	-0.9356295247782752	0.9761282191664502	0.1271387346064394	1.1163637811422764	2.032268514030619	-0.2993320477953149	-0.215240696496965	-0.5812156433567374	-0.6682208208116474	-0.409161951272436
0.0878433595	-0.0339906211	0.0498383118	0.091230238	-0.0682431744	0.0052302922	0.0201431859	-0.0877917323	-0.0568987974	0.063970012	0.0	0.0	-0.0631181	0.0111438	-0.0978268	0.000183823	-0.000459162	-0.000274114	0.13922287	1.013871713192526	1.0995408073325623	0.099942549955077	-0.8633991960329727	1.5014371888694362	0.6698489220923184	-0.2310711252899541	-0.0633533998541804	-0.8945221283444509	1.032925124874463
-0.0361321141	0.0362639828	0.0288155836	0.1148197927	-0.0148016551	-0.0087865226	0.018772575	-0.0889003495	-0.0534597706	0.0680413817	0.0	0.0	-0.0523265	0.0111165	-0.120141	0.000681476	-0.000459162	-0.000184756	0.0624836499999999	0.3640174435698896	-0.3300510442298232	-0.0433443762395238	1.1357127667203617	0.3370687488228772	-0.347066363176646	-1.3747895155619596	-0.2135462340304093	-0.7433434307932382	1.366750940008915
-0.0196752308	0.0324545929	0.1203994407	-0.0261725271	-0.0197632643	-0.02926052	0.017397993	-0.089933748	-0.04991898	0.071882521	0.0	0.0	-0.0712933	0.0506152	-0.0706827	0.000116334	-0.000514769	-0.000220852	0.1407660499999999	0.3220729200584359	-1.7801037131167836	-0.0134739396205927	-0.4708017909075179	0.5038274233577421	0.6283116465156883	0.2699023814336984	0.5142530660915358	-0.9832867203651812	0.5135750438092932
-0.0886091485	0.0566995428	0.0095032265	-0.0322553743	0.0623679769	-0.0156919544	0.0160197307	-0.0908910537	-0.0462831659	0.0754804325	0.0	0.0	-0.0752947	0.036791	-0.140174	0.000592906	-0.000586817	-0.000225558	0.1149832	0.6078126566794637	-0.5316341807174937	0.1370131794532278	1.39773982802531	-0.0767180982846178	-0.7793344177995511	2.012418448959737	-0.4742197811395879	-0.6926410826352648	0.2879800156713752
0.1187756702	0.0085037757	0.0238877924	-0.1022842228	0.0088853076	-0.0041740975	0.0146380797	-0.0917714564	-0.0425592491	0.0788229422	0.0	0.0	-0.0752918999999999	0.0138452	-0.119779	0.000431335	-0.000403106	-0.00044943	0.0718013	-0.5675047725728839	0.7779682061215384	-0.0643101017979547	-1.3225846587514596	-1.4020535591370116	1.0329926067340347	1.1550530868412447	-0.434310082876543	-0.8410173339518183	-0.0016535165856646
-0.0019515588	0.0546722375	-0.118218881	-0.0444048583	0.0884540942	-0.0003841656	0.0132533321	-0.0925742113	-0.0387543183	0.08189874	0.0	0.0	-0.0731536	0.00693825	-0.214909	0.00177973	-0.000459162	-0.000298748	0.1819319	-0.5002269584599118	0.987934551414814	0.3789053959801297	1.8151377383144112	-1.5832600735425986	-0.4658430173107662	-0.0996876335312585	-0.9636499315888686	-0.3700179344874613	-0.8650321527102808
0.062654102	-0.0365941563	-0.0824242676	-0.0401849574	0.0028965051	0.0868225446	0.011865781	-0.0932986392	-0.0348756165	0.0846974184	0.0	0.0	-0.091435	0.00635006	-0.18916	0.00183777	-0.000530205	-0.000113561	0.06033209	1.2539705467930955	0.8206664093360482	0.3022268786480246	-2.514048504593383	-0.9375205439044664	-0.6491281826722171	-0.8182875953349954	0.3822886197352753	-0.5201986192043038	-1.6658533806995686
0.0592328008	0.0066213239	-0.1586071778	0.0504123406	-0.0905656536	0.0072456445	0.0104757199	-0.0939441271	-0.030930527	0.0872095075	0.0	0.0	-0.0854715	0.00716187	-0.195302	0.00160512	-0.000702917	-0.00044943	0.04997886	-1.6210006337303795	0.6542735141306797	-0.0811864915886276	1.787996936850193	1.3841349894821393	0.95042572364387	-0.6259544783637645	-0.815424515488509	-0.3670547085453028	-1.5506678137634415
0.0047991055	-0.006071476	-0.067783602	0.0662451345	-0.0823779621	0.0436823726	0.0090834428	-0.0945101289	-0.0269265594	0.0894265072	0.0	0.0	-0.0869502	0.0716108	-0.144474	0.00109473	-0.000418767	-0.00061972	0.16499713	-0.9046730512283644	0.9755937615946246	0.2326923833690719	-0.8980951537986749	1.63367497283063	-1.1590243029800946	-0.2015124178931025	0.970725757192889	-0.7165055454229499	-0.3163110289252368
0.0563530989	-0.0306787092	0.045859801	0.0552306479	0.0079570025	0.0622094721	0.0076892442	-0.0949961657	-0.0228713357	0.091340916	0.0	0.0	-0.0870193999999999	0.0360838	-0.114989	0.000803478	-0.000474653	-0.000502661	0.0882910499999999	1.351500024911644	1.102399143796735	-0.174111854452139	0.9690496573945936	1.4388178060354817	1.3354924616667496	-0.3516255360384789	0.3166963507822714	-0.7313585079428255	0.9794666130604412
0.0201618266	0.0747629056	0.0243839678	0.1417702057	0.0426158618	0.0573653475	0.006293419	-0.0954018263	-0.018772575	0.092946256	0.0	0.0	-0.0822566	0.0209026	-0.179852	0.00119101	-0.000338862	-0.00044943	0.1136347	1.1253758605482438	0.5799984500203391	-0.0276910511572544	0.1939554879077458	0.7027619829437798	-1.1199329709801709	-1.0100736377759378	0.0989727858828767	-0.5310828031083635	1.5331881203935245
0.0372945471	-0.0116218446	0.1546947343	0.014963319	-0.0640720644	0.0641584346	0.0048962626	-0.0957267674	-0.0146380797	0.0942370953	0.0	0.0	-0.0853967	0.0338558	-0.132422	0.000675228	-0.000474653	-0.00044943	0.09610195	0.4810086636244853	-0.5510591841994243	-0.3565404807804291	-0.6603715063056711	0.2241993086560978	0.9715450765709271	-1.3766747161822055	0.4542163509821702	-0.7418526089602755	1.2446507663436317
-0.0206523916	0.1156563744	0.0701957067	0.0160041716	0.0029052669	0.0929670638	0.0034980704	-0.0959707141	-0.0104757199	0.0952090661	0.0	0.0	-0.0827368	0.0216927	-0.154094	0.000895405	-0.000402687	-0.00044943	0.05110215	0.1764032040790352	-1.425620231652778	-0.3145985995052037	0.7920050710081308	-0.0601396580450996	-0.1527299241252718	-0.9977200122707242	-0.6528265428164386	-0.6484702191125719	0.8863843930560424
-0.1336280531	0.0381029182	0.1117743177	0.013554794	0.0569549872	0.055801945	0.0020991383	-0.0961334599	-0.006293419	0.0958588795	0.0	0.0	-0.0830034999999999	0.0520736	-0.125113	0.000432176	-0.000474653	-0.00044943	0.08638835	-0.4193802664380124	-2.1314394295505195	-0.3173891682458323	0.1811663593429237	-0.1911949992521761	-1.2549385843198433	0.1445875828573732	1.0355359615154565	-0.7955701625729713	0.3185443157150125
0.0656817061	0.0102468487	0.1225102622	-0.0691925438	0.0742667441	-0.034375688	0.0006997621	-0.0962148673	-0.0020991383	0.0961843369	0.0	0.0	-0.0753176	0.0338455	-0.130268	0.000747233	-0.000352027	-0.00044943	0.0529531499999999	1.668185545191147	-1.3057010336210462	-0.4095378653144573	-0.5212425237801257	-0.0044796223580275	1.3834198366187849	1.5992789449603293	-0.0757573246476634	-0.7890640097110003	0.2443008654362211
-0.0828036456	0.1097604018	-0.0152386887	-0.0414719111	0.0360116737	-0.0481332401	-0.0006997621	-0.0962148673	0.0020991383	0.0961843369	0.0	0.0	-0.0753307	0.0121275	-0.183581	0.00144628	-0.000474653	-0.00044943	0.11612775	0.1769378727663744	-0.6493013445439363	0.062198735654928	0.8916905802854052	-0.2459687740511418	-0.8286819869076082	2.0778615319729754	-0.5147680060640453	-0.496181502225557	0.2223354380106762
0.0318393673	-0.0684274758	0.0881173949	-0.0894493308	-0.0024353199	-0.0523617193	-0.0020991383	-0.0961334599	0.006293419	0.0958588795	0.0	0.0	-0.0916859	0.0338404	-0.128432	0.000933858	-0.000474653	-0.000372059	0.12270675	0.0086870668556593	0.2661106505599551	-0.0615030836105132	-1.516905351711246	-0.87716740262348	1.239173177509299	1.810741700001187	0.2462225663956534	-0.7383379695317682	0.2492606475179323
-0.0944811854	0.0664047244	-0.0840137777	-0.0255750568	0.0135426546	-0.0819385772	-0.0034980704	-0.0959707141	0.0104757199	0.0952090661	0.0	0.0	-0.0831354	0.00478533	-0.214076	0.00183991	-0.000474653	-0.000231638	0.17557322	-1.576982951272976	0.7009401908469854	0.1796081803995417	1.8632473595725016	-1.2248775854523122	-0.3829335091431489	1.45346805473748	-0.8931940874049834	-0.3296620807721531	0.064388170485449
-0.0485539717	-0.0654029513	0.0186892977	-0.0545712844	-0.0347583213	0.0195738519	-0.0048962626	-0.0957267674	0.0146380797	0.0942370953	0.0	0.0	-0.0916922	0.0374764	-0.139729	0.000986783	-0.000474653	-0.00044943	0.16914082	0.0977301483726912	0.2482615077027155	0.0375575993908769	-2.095677660712595	-1.123188925636013	-0.4016863581158085	1.6935208322038309	0.5606994313046534	-0.7200614137836755	-0.096859471462952
-0.0016678151	0.1381500778	-0.0467513146	-0.0086515008	0.0764388062	-0.140403129	-0.006293419	-0.0954018263	0.018772575	0.092946256	0.0	0.0	-0.0783560999999999	-0.00538939	-0.228499	0.00140504	-0.000421747	-0.000312016	0.17540074	0.0640993838035231	-0.0423299937779326	0.0849068034074574	1.897191732691365	-0.690992120899135	0.1289643458164389	1.936278907977581	-1.439812556562238	-0.3323952871420241	0.1214375494537127
-0.0788444619	-0.0617576114	0.0404127894	0.0088101639	0.0846407979	-0.026524044	-0.0076892442	-0.0949961657	0.0228713357	0.091340916	0.0	0.0	-0.0865854999999999	0.0691206	-0.161062	0.00155933	-0.000474653	-0.00044943	0.16740689	-0.8558479990509579	0.7112193290592621	0.1229965781130158	-1.3731343762058872	-1.582803616439023	-1.3573380872685818	1.449731887100073	1.2169272779532587	-0.6539121911276925	-0.0313476488125248
0.0705746123	0.0421616883	-0.0268644619	-0.0134695731	0.0018765076	-0.081096284	-0.0090834428	-0.0945101289	0.0269265594	0.0894265072	0.0	0.0	-0.0814740999999999	0.00370557	-0.196623	0.00182058	-0.000644943	-0.00044943	0.12766443	-1.2966921568930758	0.8528763920555126	-0.0628831788408051	1.4273895268243333	-1.5804073079778866	2.151612413319775	0.6876798906815901	-0.9740980534083477	-0.3423436563438091	-0.2013633348085977
-0.0901849995	-0.0214533145	-0.0259335798	0.0098899274	-0.0048484575	-0.0075430974	-0.0104757199	-0.0939441271	0.030930527	0.0872095075	0.0	0.0	-0.0814301999999999	0.0526412	-0.190669	0.00178694	-0.000474653	-0.000252464	0.0749783299999999	-1.0777942972416623	0.9969014167638576	0.3937931674620424	-0.5997035669530282	-1.989182259455466	-1.400363866654924	0.6749722763919678	0.4363846877381936	-0.4643253915441242	-0.2973341352672077
0.0782143701	-0.0661845904	0.0049020785	-0.1066189739	0.0020051351	-0.0752066307	-0.011865781	-0.0932986392	0.0348756165	0.0846974184	0.0	0.0	-0.0790793999999999	0.00114328	-0.175568	0.00148776	-0.000378899	-0.000227528	0.08994322	-0.2780736778138802	0.798979315282411	0.0708042379339355	0.3786776852027411	-1.592608283684393	2.093810697544247	0.4769387269882751	-0.4093913238010859	-0.516770158939551	-0.5287221492723904
-0.0196069111	0.0198028978	-0.0698540753	-0.0466244542	0.0664778368	0.0345759353	-0.0132533321	-0.0925742113	0.0387543183	0.08189874	0.0	0.0	-0.0635969	0.00176068	-0.25326	0.00198847	-0.000474653	-2.60679e-05	0.1336881049999999	-0.1950777742683928	1.0136226279434886	0.5537328672551652	-0.1320657966428999	-1.8820138911776771	-1.270350483396409	0.5137777284596945	-0.4926703010913329	-0.2081111346320376	-0.4869509631681847
0.132023905	-0.0228077511	-0.0039253399	-0.0743164746	0.0628033598	-0.094656121	-0.0146380797	-0.0917714564	0.0425592491	0.0788229422	0.0	0.0	-0.0758589	-0.0114659	-0.236279	0.00187118	-0.000474653	-0.000161581	0.055109735	-0.1079651100533061	1.0505180259023823	0.0383617348447484	-0.2760492741897242	-1.6793740528401475	1.724472331746282	0.2387600298327565	-0.4598546247128641	-0.2037267238987921	-0.7849959361044416
-0.084096595	-0.0175846259	-0.0870189547	-0.0162281517	0.0195215879	0.0230315812	-0.0160197307	-0.0908910537	0.0462831659	0.0754804325	0.0	0.0	-0.0823387	0.00773001	-0.246512	0.00231462	-0.000474653	-0.000387729	0.06938811	0.1276860363187434	0.91369427393731	0.3947748249421258	0.4009199474366297	-1.8392963552477208	-0.9814341219963564	-0.6444404977803321	0.2510139640816078	-0.1863835835909303	-1.197806803012439
0.1059279709	-0.0821277989	-0.0100860213	-0.0347096346	0.0217291053	-0.0479137592	-0.017397993	-0.089933748	0.04991898	0.071882521	0.0	0.0	-0.0871026	0.0106945	-0.228428	0.0013025	-0.000250505	-0.00044943	0.09071084	1.0691732645975167	0.6429255024432753	0.0720047297122606	-0.3270152107275741	-1.013471095403745	1.5963868125751048	-0.6075170542207458	0.0486809601705586	-0.3000353366876468	-1.4356528921154634
-0.0880206144	-0.0367942573	-0.0920556064	0.025888986	0.0816327327	0.0710598613	-0.018772575	-0.0889003495	0.0534597706	0.0680413817	0.0	0.0	-0.0648016	0.0259945	-0.240925	0.0019431	-0.000324127	-0.00023893	0.0963341	-0.2589970418331041	0.8179747628232129	0.0946814470796641	0.9787268721452418	-1.248087715106497	-0.7211127240728372	-0.4456226835464625	0.1438489802310748	-0.2578475596666988	-1.1003519969413178
0.0236065012	-0.1247757845	0.0543165654	-0.0024682598	0.0862336269	-0.0313941179	-0.0201431859	-0.0877917323	0.0568987974	0.063970012	0.0	0.0	-0.0572333	0.0244779	-0.196794	0.00138239	-0.000353129	-0.000264043	0.0839571499999999	0.3849962658964748	0.6125212726267929	-0.2319006323090154	-1.037034331129668	-0.6605859244862792	1.2870870309054965	-0.2044064473750136	0.6654127707319415	-0.4805358897248562	-1.4466190617564822
0.0257729858	0.0295313817	-0.0763940105	0.1033395137	0.0957696771	-0.0581716207	-0.0215095358	-0.0866088346	0.0602295142	0.059682188	0.0	0.0	-0.0572442	0.0026147	-0.290354	0.00251156	-0.000471564	-1.16465e-05	0.190434175	0.4050833653996005	0.4544493959553215	0.1810562520590475	1.0046830646409928	0.7480390854094976	-0.477375841016093	-0.5897314041987276	-1.18094440112968	-0.0630084103460578	-1.7375093704865336
-0.0398857921	-0.1043500465	-0.0178414849	0.0507636507	-0.0560658331	-0.0003919872	-0.0228713357	-0.0853526572	0.0634455806	0.0551924183	0.0	0.0	-0.0734371	0.0447122	-0.207621	0.00199778	-0.000451745	-0.000228988	0.178570425	-0.4778525693067165	0.7111364117838364	0.1035045916106163	-1.7534526916323312	1.528325464214923	-0.3200732976749449	-0.1572064830724609	0.918841927489415	-0.4400013594762056	-1.3017902033681172
0.0265531985	0.0425040946	-0.0820251873	0.0808429162	-0.0761591911	0.0117023627	-0.0242282974	-0.0840242629	0.0665408748	0.050515895	0.0	0.0	-0.0572682	-0.00537917	-0.261635	0.00268494	-0.000439344	6.88075e-05	0.170142095	-0.6794071768368413	1.09465933079115	0.1082786023295902	1.0351207920268066	1.960072312463347	0.6742478102199506	-0.2150468931243774	-1.0500454747681305	-0.1010187650768656	0.1729757436095316
-0.0818980573	-0.0191173726	-0.0295323956	0.0184924093	-0.149319815	0.0628879504	-0.025580134	-0.0826247757	0.0695095047	0.0456684419	0.0	0.0	-0.0627317	0.0217445	-0.235286	0.00234852	-0.000439344	-0.000123456	0.0853703449999999	0.0454130102070676	0.9904931531658344	0.058126603121386	-0.4211884458580816	0.9581157392230664	-0.9450414463477522	-0.7350361100492413	0.139467863477753	-0.232824304066371	1.4224365475959275
-0.0182765016	-0.0761437047	0.0661227212	-0.0560276004	-0.1441878375	0.0514719649	-0.0269265594	-0.0811553797	0.0723458192	0.0406664612	0.0	0.0	-0.057286	0.0219151	-0.196712	0.00113067	-0.000439344	-0.00044943	0.1213815	-0.6808639931554874	-0.7245184279484358	0.0341474213809751	-0.1061307693073219	0.2676613940235492	1.6785575217612752	-1.3590787930385	0.252411310649562	-0.4313812041261845	1.2974794166299437
-0.0683723636	0.0869247953	0.045125562	-0.000965956	-0.0385995515	0.0166759076	-0.0282672889	-0.0796173181	0.0750444194	0.0355268781	0.0	0.0	-0.0572663	0.0162056	-0.26043	0.00200284	-0.000439344	-0.000139758	0.1285392999999999	-0.299722109198285	-1.6437634174766949	0.3526658513376727	0.3529889176708355	-0.1749567138733315	-0.8200217113462583	-0.5840694999184476	-0.6127860056953908	-0.1956842942739516	0.6929540184814257
-0.0257739213	-0.0176099562	0.1712389406	-0.1196414172	-0.0046244964	0.0355184515	-0.0296020389	-0.0780118924	0.0776001682	0.0302670833	0.0	0.0	-0.0572324	0.0357009	-0.215942	0.0016242	-0.000327696	-0.000128449	0.0890970499999999	0.6979815934325685	-1.830873112724412	-0.001055618478014	-1.0180147403160968	0.3030450216035322	0.9494915990158056	1.019586301328313	0.2391625130107413	-0.4179911135764033	0.3680451740534907
-0.0849191384	0.0781601184	0.0473933442	-0.0547138136	0.017653814	-0.0363149602	-0.030930527	-0.0763404608	0.0800082007	0.0249048742	0.0	0.0	-0.0573051	0.00785425	-0.296113	0.00280045	-0.000609634	5.39212e-05	0.19011826	0.8094635451168277	-1.0231214077044182	-0.0379575489836554	1.0386940618427154	-0.031388867481876	-0.716959261229708	1.79950779142197	-0.9577762373392912	-0.0156478062090608	0.3519413436039086
-0.0708846708	-0.0828345223	0.1107135807	-0.0821112493	-0.0005069715	-0.0329654099	-0.0322524721	-0.0746044375	0.0822639331	0.019458395	0.0	0.0	-0.0694212	0.021624	-0.244254	0.0026194	-0.000216809	-0.000295946	0.12393196	0.5276566274326671	-0.042225523108043	-0.0898649272929023	-2.27727365215448	-0.6196908910563811	-0.074088987671539	1.8250755588123209	0.2517456437731595	-0.2351191395203563	0.1460048642079631
0.0156638605	0.0609557626	-0.0793006637	-0.0349317785	0.0282713622	-0.0838056534	-0.0335675947	-0.0728052914	0.0843630714	0.0139460747	0.0	0.0	-0.0660598	-0.0116176	-0.321437	0.00283242	-0.000439344	-0.000328591	0.1371959999999999	-1.3598227803305114	0.7722739150083398	-0.1200939658752859	1.1449199367795566	-1.1639540270499893	0.5733135194892445	1.2320506338944084	-1.1479438169506344	0.2099288773115694	-0.0150312925746657
-0.1298317854	-0.0852466909	-0.0105354673	-0.0365014415	-0.0583569427	-0.0454217008	-0.0348756165	-0.0709445448	0.0863016198	0.0083865653	0.0	0.0	-0.0746899	0.0601501	-0.235694	0.00219944	-0.000387506	-0.00044943	0.2064236499999999	0.079218689501188	0.9511873663317943	0.227576152872204	-1.2979537078437224	-2.070420584428096	-1.1378785076856537	-0.0685395955196451	1.104801015305663	-0.2946559537539601	-0.8530502346389796
0.0789972529	-0.037503349	-0.0540997097	-0.0491222846	0.0164616459	-0.1279661102	-0.0361762609	-0.069023772	0.0880758881	0.0027986784	0.0	0.0	-0.0807149	0.0002925	-0.26346	0.00207569	-0.000284016	-0.000353369	0.10981365	1.2243331645648707	0.7409446981865868	-0.2418281811728168	1.0886675142131892	-0.5394767769251655	1.752031455741911	-0.5529634951866127	-0.835922850316102	-0.0733065805300808	-1.5082285386501426
-0.0635219617	-0.0156408935	-0.0452244241	0.0725176054	0.0400150882	0.0488506438	-0.0374692526	-0.0670445982	0.089682499	-0.0027986784	0.0	0.0	-0.074701	0.0385328	-0.30476	0.00258644	-0.000439344	-0.00044943	0.1236611499999999	0.483911974927235	0.3771212016033501	0.1508996124999699	0.0804822468238889	0.3740089784070848	-1.2877548300806856	-0.5804298498125374	0.0042681089044325	0.0992505182115141	-1.686407097877722
0.0377452636	-0.1158577318	0.0237416721	0.0195814542	-0.0029271134	0.0254248544	-0.0387543183	-0.065008698	0.0911183942	-0.0083865653	0.0	0.0	-0.0856014999999999	0.0217788	-0.261368	0.00178415	0.000112607	-0.00044943	0.1387585499999999	0.9040781547089924	0.4462529795590832	-0.3633496303934421	-0.4045989986123228	1.3772021843083444	0.8768280926527858	-0.4405761757174965	0.039983848406398	-0.0886343880625309	-1.6630417599785772
-0.0116519124	-0.0821184813	-0.0339289966	0.0304505561	0.0632698735	-0.0116387799	-0.040031186	-0.062917794	0.0923808403	-0.0139460747	0.0	0.0	-0.0745881	0.029207	-0.283538	0.00230678	1.46499e-05	-0.00038511	0.074856955	1.6860733668692938	0.7448857148751392	-0.1316433271271418	-0.3633657718609479	-0.9027475291329036	-0.6360966770369683	-0.5135780429418829	-0.1209214535974453	0.0536095896728082	-1.4436994902911735
0.1285350333	-0.0408695935	-0.02214439	0.0056789398	0.0869674124	-0.1361199059	-0.0412995857	-0.0607736552	0.0934674342	-0.019458395	0.0	0.0	-0.0946791	-0.0181384	-0.306932	0.00242059	-0.000220215	-0.000397752	0.1088962449999999	2.128224959539545	0.6823655515946037	-0.3662921911433511	0.1832597134799752	-0.2419066060980137	1.0308502650500282	-0.4354330638985446	-1.2408822535572972	0.199760750323838	-1.5921317774067667
-0.1011366352	-0.0496303731	-0.045657064	0.1269413648	0.045038868	-0.0616515041	-0.0425592491	-0.0585780958	0.0943761076	-0.0249048742	0.0	0.0	-0.0946957	0.0422889	-0.302755	0.00248053	-0.000162316	-0.00044943	0.07309675	-0.0209888031768012	0.4843161121896925	-0.2653447867339139	0.4164132994962337	1.4729063425208038	-1.4515681346388922	-0.3828484643348382	0.291595947483817	0.0824425933801489	-1.535948663215748
0.091746048	-0.0999086224	0.0728256811	0.0743769997	-0.0589675367	-0.1241310752	-0.0438099096	-0.0563329735	0.0951051307	-0.0302670833	0.0	0.0	-0.0878416	-0.00561175	-0.277168	0.00219707	-0.000110839	-0.000449431	0.0970886499999999	1.235167511653842	1.187627547609755	-0.5710186198898347	-0.7918675899968112	1.7914606380623157	1.4873533938582562	0.2981657437647946	-0.1521870573386099	0.0110462141141569	0.3186665745984088
-0.0522449733	0.0851846618	-0.0082344294	0.104774498	-0.0639032857	-0.0667685404	-0.0450513027	-0.0540401879	0.0956531157	-0.0355268781	0.0	0.0	-0.0873488999999999	0.0108847	-0.380924	0.00361705	-0.000325385	-0.000449431	0.2024714499999999	1.1979777317781413	0.7074732384408755	0.2260013776999146	0.7788677059881421	0.917942746050283	-1.689919142473459	-0.7961779022555282	-0.8183859642340713	0.4830618648943958	1.2872601895988458
0.0546533713	-0.0218230717	0.0712889953	-0.0213104187	-0.1677561046	-0.0445364175	-0.0462831659	-0.0517016789	0.0960190197	-0.0406664612	0.0	0.0	-0.0947261	0.011093	-0.313139	0.00277259	-0.000293893	-0.000390798	0.1220997499999999	1.037263769945448	-0.3228588866299833	0.1153040404124483	-2.278457500010668	0.3277819436830274	0.6741803365209698	-1.1410831653180595	-0.0397696992976092	0.2705114506835055	1.2780775038888008
-0.0451705467	0.1039576708	0.0232270298	-0.0495704839	-0.0814097291	0.0240805055	-0.0475052385	-0.0493194251	0.0962021459	-0.0456684419	0.0	0.0	-0.0887590999999999	0.00705728	-0.369322	0.00328092	-0.000403538	-0.000250681	0.1040903199999999	-0.6418044113487358	-1.8180869984683816	0.1367268346070295	1.2444160790455736	0.0784441989225533	-0.5106409711433991	-0.495950183910143	-1.238910519800808	0.4463218326988271	0.5371522701434277
-0.0339458781	-0.0321704934	0.0891830167	-0.0834037313	-0.0362565773	0.0422771227	-0.048717262	-0.0468954422	0.0962021459	-0.050515895	0.0	0.0	-0.0975156	0.0864193999999999	-0.305111	0.00269896	-0.000350753	-0.000369761	0.19002087	-0.4591371885200836	-1.700021563526683	0.0486187284007409	-1.264578013697604	-0.004188409491386	-0.3339106925982292	0.6084791375098487	0.5697283564078619	0.1636107505589081	0.3709552755517572
0.0513373795	0.1411012546	-0.0159664298	-0.0940892717	0.0058720927	0.0071862248	-0.04991898	-0.044431781	0.0960190197	-0.0551924183	0.0	0.0	-0.094782	-0.015556	-0.410223	0.00353706	-0.00038205	-0.000449431	0.25727435	-1.4147313097761929	-2.0474003509625294	0.210028407322765	0.7249007378582794	0.1335355454340905	0.5245844773730869	0.4277687419597373	-2.066893641880548	0.733434524506545	0.2524310191257322
-0.0533449712	-0.0484379548	0.1063206499	0.0337124753	-0.0128813428	0.0858951575	-0.0511101384	-0.0419305261	0.0956531157	-0.059682188	0.0	0.0	-0.0946768	0.0559996	-0.317713	0.00332352	-5.20625e-05	-0.000449431	0.191347175	-1.120463646987119	-0.436877165518673	0.0795954658258586	-0.9428420319003522	-0.2109086742197174	-0.65638638185501	-1.2910552727599296	0.1073313759114146	0.2515224606221043	1.2357303390121983
0.12842032	0.1102344488	0.0080504565	0.0400274689	-0.0237268982	-0.0212693977	-0.0522904852	-0.0393937938	0.0951051307	-0.063970012	0.0	0.0	-0.0803003999999999	-0.0148772	-0.42076	0.00372021	-5.20625e-05	-0.000338129	0.2136998	-0.795670941412325	0.1828847223247864	-0.027243827108765	-0.0582990163431288	0.3791240711828189	1.008414103234572	-1.1163833957265772	-2.036707390312247	0.801357224281537	1.5031012528276664
-0.1595533488	0.0276914136	0.0098774393	0.1560046687	-0.1006864524	-0.057872074	-0.0534597706	-0.0368237304	0.0943761076	-0.0680413817	0.0	0.0	-0.0946768	0.0294126	-0.345025	0.00362518	-5.20625e-05	-0.000449431	0.1447177999999999	-0.8445155982139508	0.6193899876707849	0.3444579542469916	0.5770255728525219	0.5424913721611204	-1.757692786020563	-1.0700768113656147	0.3505442265112012	0.4034210354489269	1.677352039635771
0.0277915827	-0.0828327124	0.0313861228	0.07062246	-0.1451196545	-0.085352326	-0.0546177473	-0.0342225105	0.0934674342	-0.071882521	0.0	0.0	-0.0920917	0.0231072	-0.305087	0.00292229	5.41901e-05	-0.000449431	0.08928563	1.066108334734596	1.1099604818715103	0.1447198832591856	-1.5971316956134607	1.0090772920157198	0.8683958910404036	-0.5616081687751536	0.5928046165974103	0.257474857668974	1.2077002769301404
-0.0328753076	0.0049910323	-0.0060925716	0.1181757269	-0.0633287793	0.0404217315	-0.0557641705	-0.0315923349	0.0923808403	-0.0754804325	0.0	0.0	-0.0804148999999999	-0.00944234	-0.371483	0.00359331	-5.20625e-05	-0.000449431	0.14948597	-0.6686616489906211	1.1366265450385922	0.2709956421581857	1.109261096439124	1.6066309263253258	-0.2907414689900593	-0.0963705514965427	-0.9109146763545752	0.5506314225100869	1.2886796455534772
0.0227716829	-0.095371105	0.0245636494	-0.0094324536	-0.0642308748	-0.0461909747	-0.0568987974	-0.028935429	0.0911183942	-0.0788229422	0.0	0.0	-0.0751779999999999	0.0636831	-0.33548	0.00343854	-5.20625e-05	-0.000449431	0.12210384	-0.6355988127969895	1.006852200462891	-0.007398307063657	-1.0289345567101853	1.4985313127624231	-0.1799806385450645	-0.2238956846148561	0.6636788524904985	0.356322345600328	0.4092242314848878
0.0925811814	0.0217525929	-0.0902609792	-0.0036559302	0.002520303	-0.0369729806	-0.0580213883	-0.0262540409	0.089682499	-0.08189874	0.0	0.0	-0.0703254	-0.0380389	-0.454733	0.00424778	-9.00685e-05	-0.000449431	0.2681899	-2.1316587541300898	0.4802163475560474	0.2147583910248984	0.2358311679408174	1.966514057046353	0.5592515447904214	-0.1127766536328086	-2.012468074956632	1.013230077619262	-1.046639000405176
-0.0314799429	-0.1051684387	-0.0854929019	-0.0447922304	-0.0185469184	0.0187973613	-0.0591317055	-0.0235504393	0.0880758881	-0.0846974184	0.0	0.0	-0.0866974999999999	0.0609296	-0.366585	0.00383805	0.000148663	-0.000449431	0.235911675	-0.3431399594555259	0.5404516385407462	0.3054202000167484	-0.8706493237769811	0.5083539509020701	-0.7592884522266912	-0.5836057051287805	0.325577149761045	0.5654083517604206	-1.4022440877741642
0.0827267072	0.0165031785	-0.0913377371	-0.0768669408	-0.0010843965	0.0307889296	-0.0602295142	-0.0208269116	0.0863016198	-0.0872095075	0.0	0.0	-0.071646	-0.0131873	-0.444831	0.00398262	-9.79249e-05	-0.000449431	0.1869722949999999	-0.2565578534955527	0.9501825417817826	0.3072278409898632	0.2218906086477016	-1.508716839017166	0.760936535513832	0.113998320286747	-1.636202909723359	0.9356358307539352	-0.6163723544047152
-0.0460575977	-0.0508796136	-0.0105497832	-0.0574841585	0.0656610925	0.0067213592	-0.0613145822	-0.0180857622	0.0843630714	-0.0894265072	0.0	0.0	-0.0760515999999999	0.0609664	-0.385685	0.00349824	0.000115044	-0.000449431	0.1725727449999999	-0.3424688858814826	-0.0650801869602292	0.2837983586423042	-0.1735652508078173	-0.4188720454992762	-0.7958577103887499	1.8677034832634856	0.3256283710839581	0.6061803172863115	0.0910910036176315
0.0179429928	0.1322330014	0.0416239878	-0.0598003094	0.0043568701	-0.0445863767	-0.0623866799	-0.0153293105	0.0822639331	-0.091340916	0.0	0.0	-0.0873416	-0.0177022	-0.45841	0.00463413	-0.000201021	-0.000449431	0.23528135	1.0072967788124216	-1.7790019931602017	0.004206154254021	-0.0048328847307181	0.2815881192990021	0.2144514926919827	1.4104831922265906	-1.831392407966136	1.0071564753292903	0.1728151217479548
-0.1401902775	0.0009973191	0.0364761801	0.0171732195	-0.0307713706	-0.0611858881	-0.0634455806	-0.0125598887	0.0800082007	-0.092946256	0.0	0.0	-0.109254	0.0740508	-0.388198	0.00408678	-0.000201021	-0.000504546	0.21400065	-0.2544485757292672	-1.4607697917030356	0.2907529096026071	-0.3901015315345333	-0.0889318399747862	-1.7707523875031494	-0.2922490381443848	0.6234206196554319	0.627976721363965	0.4829496020610002
0.2078071852	0.1263001944	0.0212103527	0.0527194186	-0.0647172042	-0.0465721868	-0.0644910603	-0.00977984	0.0776001682	-0.0942370953	0.0	0.0	-0.10636	-0.0166236	-0.491171	0.00461035	-3.82651e-05	-0.000517606	0.231510695	-0.5201259283645908	0.4803535689449389	-0.0717106262889303	-0.4875833305695292	0.3221824052847538	1.5069800208516555	-1.02946064282738	-2.2852835114561136	1.3052230030125738	1.6273770163383512
-0.1147474384	0.043729578	-0.1350323807	0.0619573396	0.0078907661	0.008400999	-0.0655228978	-0.0069915165	0.0750444194	-0.0952090661	0.0	0.0	-0.108521	0.0208365	-0.49751	0.00518135	3.67438e-05	-0.000449431	0.081669295	-1.0075784018032263	1.030343069957705	0.5985409143563959	0.8581986824654806	1.600805365237146	-2.345629506110363	0.0948618840187585	-0.4190256177668015	1.2498770063198286	0.1150348784481001
0.1314182583	-0.1028681735	-0.0616956037	-0.0760499063	-0.0654363378	-0.0382852439	-0.0665408748	-0.0041972775	0.0723458192	-0.0958588795	0.0	0.0	-0.123335	0.0212144	-0.4293	0.00379967	-0.000202749	-0.000694671	0.17672254	0.3901559909592823	0.3299396755854838	0.5138584685598117	-2.0788062753342422	0.8129027567679115	1.372988844683685	-0.7473150879091836	0.1847597851669891	1.0357933430248834	-1.6325445984490203
-0.0397340902	0.0368271647	-0.1449703217	-0.0395048435	0.0526052532	0.1232868662	-0.067544776	-0.0013994872	0.0695095047	-0.0961843369	0.0	0.0	-0.112905	0.00296924	-0.506619	0.00501447	-0.000188288	-0.000652854	0.16954806	0.7221269121043771	0.7122046694517853	0.5748659500589665	1.6339135988543954	-0.9918471851376774	-1.1410520537786708	-0.5555365916133486	-1.0834037919023114	1.2988460296636857	-1.240529147559594
-0.0180093087	-0.1548607293	0.0184960408	-0.0651784144	0.0373516804	0.0815546894	-0.0685343891	0.0013994872	0.0665408748	-0.0961843369	0.0	0.0	-0.122313	0.0719466	-0.423588	0.00383704	0.000221055	-0.000643808	0.24120731	0.9578110181336976	0.8118210871412657	0.4170013215850989	-1.5080661475057435	-1.4598796589559009	-0.0986550633516939	0.5853390314926827	1.0951540311859569	0.8704224327515957	-0.5244854544396004
-0.0269138	0.0603944981	-0.0202069478	-0.0615877437	0.1041571594	0.0646150696	-0.0695095047	0.0041972775	0.0634455806	-0.0958588795	0.0	0.0	-0.106248	-0.0244175	-0.497239	0.00482497	0.000221055	-0.000684391	0.23750575	0.530431368810693	-0.3189937009516181	0.0132989127482373	0.951595807542818	-0.3591613420327863	-0.6134718148127909	2.287142322627633	-1.344937700116709	1.2943559899481711	0.0720739856107801
-0.0402124722	-0.0417705935	0.0753939869	-0.0768796264	0.0643191746	-0.023629803	-0.0704699164	0.0069915165	0.0602295142	-0.0952090661	0.0	0.0	-0.117657	0.0361464	-0.421592	0.00409045	8.393259999999998e-05	-0.0008684139999999	0.2004031699999999	0.6398193143726678	-1.2847504651006645	0.0828992226780967	-1.0790340188553138	0.0484726512298589	-0.5369297545797989	1.52342878428629	0.8145003239674231	0.9009982741415434	0.1005834083655528
-0.0408060364	0.0832384147	0.0021070091	-0.054757285	0.0006776548	0.0363980883	-0.0714154213	0.00977984	0.0568987974	-0.0942370953	0.0	0.0	-0.106285	-0.0270574	-0.475935	0.00473495	7.23551e-05	-0.000449431	0.182671825	-0.2329333081729465	-1.9390902955333649	-0.1112198982065809	0.58133908270484	0.1718201301414109	-0.4819330672843637	0.9411592579949204	-1.1790548174308588	1.1699847473417302	0.3004914803864656
-0.049817006	-0.0180582812	0.0667916434	-0.0426016213	-0.009701411	-0.0127686121	-0.0723458192	0.0125598887	0.0534597706	-0.092946256	0.0	0.0	-0.110843	0.0649896	-0.416577	0.00410159	-0.000179182	-0.000598737	0.207673155	-0.2027152840931977	-1.6816895790280146	-0.1745549013462003	-1.0785397013936602	-0.1133657109791285	-0.8144338113883168	0.7089374014932456	0.5627875343779752	0.870630386468269	0.2042758804584936
0.044978509	0.1298165409	0.0192775557	0.0240112408	-0.0146126579	0.0132892255	-0.0732609134	0.0153293105	0.04991898	-0.091340916	0.0	0.0	-0.0967455	-0.0306667	-0.499935	0.00477565	2.23403e-05	-0.000619721	0.2379401150000001	-1.9987729370013525	-1.624263318790546	-0.3704100425880253	0.6128695768729351	-0.2198693952691837	-0.00234463414619	-1.1241869380456675	-1.7195579110122787	1.244465902349156	0.85754517074496
-0.0400211718	0.077568203	-0.0315375223	0.0397702181	-0.0251346937	0.0803509851	-0.0741605102	0.0180857622	0.0462831659	-0.0894265072	0.0	0.0	-0.106312	0.0279288	-0.524824	0.0050488	-4.31084e-05	-0.000347381	0.1235979349999999	-1.1550656982615903	-0.2964281097919264	0.0350846661237845	-0.4586211912804685	-0.0685708883118393	-1.7372370185958397	-1.0543241204638936	-0.8508537916335891	1.3311967119164534	1.2328855172079325
0.1241840467	0.0353528322	-0.0170006447	-0.0142071687	-0.1315336852	0.1087539868	-0.0750444194	0.0208269116	0.0425592491	-0.0872095075	0.0	0.0	-0.0942782	-0.00434909	-0.51277	0.00501304	-5.63371e-05	-0.000449431	0.063917625	-0.6635896266756484	-0.2036256566879552	-0.3522610962652546	-1.0965648586498389	0.2120442449488787	0.7856660157133055	-1.3797217202176977	-1.6078589171844595	1.3939157130024635	1.5007918781160223
0.0158490409	0.0358476241	-0.0324345127	-0.0021971786	-0.0529345018	0.0958176394	-0.075912454	0.0235504393	0.0387543183	-0.0846974184	0.0	0.0	-0.0903666	0.035378	-0.548335	0.00547442	0.000221056	-0.000203237	0.128452045	-0.2495885826766966	0.563008215726273	-0.1265378546107124	0.2419482543007974	0.3339661162613321	-0.4037052496328165	-1.0214145367046104	-1.2444691492970066	1.469758637299197	1.40687005595408
0.0352210628	0.0490415746	-0.0505648654	-0.0155281232	-0.061971256	0.2151884287	-0.0767644303	0.0262540409	0.0348756165	-0.08189874	0.0	0.0	-0.0974172	0.0144102	-0.555635	0.00614255	0.000221056	-0.000449431	0.0810345999999999	0.4993732842114544	1.2536331769424245	0.0170989693028738	-1.156481975271914	1.3255578358086182	-1.1609804443784606	-0.0711997290249151	-1.0808318360963058	1.556782580010322	0.9544333548616508
0.032247307	-0.071692061	0.0030491529	0.0085546324	0.0378253018	0.0996950009	-0.0776001682	0.028935429	0.030930527	-0.0788229422	0.0	0.0	-0.0986948	0.0515599	-0.504039	0.00466214	6.26409e-05	-0.000449431	0.1719645549999999	-1.341782046648114	0.4791218488952876	0.0638849853168921	-0.6484719592438347	1.262074525028768	0.3155715550812416	-0.2064872917102552	0.075194410141744	1.3438339516279123	-1.208080139292928
0.0492602725	0.0249171642	0.0022993579	0.0038503692	0.1289551768	0.0616726428	-0.0784194909	0.0315923349	0.0269265594	-0.0754804325	0.0	0.0	-0.0979344	0.00221517	-0.563052	0.00595177	0.000221056	-0.000449431	0.181520385	-0.1828572948837478	0.7764589398817311	-0.3876572082441759	-0.8286892021560973	-1.0643848821787598	-0.384586840478252	0.3833849493630026	-1.275179910952087	1.6866878381388024	-0.5236501222497112
0.0505307935	-0.0452608595	0.0506847387	-0.0333785956	0.1474914437	-0.0302541674	-0.079222225	0.0342225105	0.0228713357	-0.071882521	0.0	0.0	-0.104959	0.0235637	-0.474795	0.00447539	0.000160201	-0.000449431	0.19349188	-1.869637596161467	0.6153134531532797	-0.1115303379825547	-0.2386952201700331	-1.2742777121543296	1.0585967648739556	1.397005966604164	-0.0510607921900143	1.3538042605789284	-0.1768025696369232
-0.0158230305	0.0740564812	0.0027884803	0.0262429375	0.1039511635	-0.0543260975	-0.0800082007	0.0368237304	0.018772575	-0.0680413817	0.0	0.0	-0.108096	0.00923783	-0.530786	0.00553969	3.00837e-05	-0.000449431	0.1331747349999999	-0.389194746954708	-0.872371668361012	-0.4735720589335139	0.2260243740467601	-0.3562497509594465	-0.7195739412746835	0.99708390143049	-0.8879698635603009	1.5954456006571742	-0.1260535345520126
0.0183560736	0.0158174418	0.1212498671	-0.0543721712	0.0375132234	-0.0274654808	-0.0807772519	0.0393937938	0.0146380797	-0.063970012	0.0	0.0	-0.115192	0.00539704	-0.458175	0.00457369	0.000231763	-0.000449431	0.1419317549999999	-0.2238963816428056	-2.2385972037727	-0.0846991502193512	-1.2047654964078465	0.1007375262901127	0.8240788966943438	0.8598845648941409	0.1975982649925966	1.3172156193828528	0.1888604817115064
-0.0163974517	0.0884736547	0.021758665	0.0394077978	-0.0054802873	0.0315167031	-0.0815292157	0.0419305261	0.0104757199	-0.059682188	0.0	0.0	-0.115798	-0.00700312	-0.529367	0.00545335	0.00010532	-0.000449431	0.13450331	-1.8385116344790624	-1.2873743797567352	-0.3516467562609545	0.5971364669370428	-0.1765276480060018	-0.2679549645933071	-0.7781385139617962	-0.6668364995837792	1.6338944152255648	0.9055142627310548
0.029725029	-0.0291602473	0.060879469	0.0487434534	-0.046985299	0.1284547274	-0.0822639331	0.044431781	0.006293419	-0.0551924183	0.0	0.0	-0.115783	0.0150781	-0.464721	0.00478157	0.000104326	-0.000449431	0.12038092	-0.8450952703393522	0.409106424577508	-0.4599982917821382	-1.9948843730187096	0.6220116833745651	0.3018628472642058	-0.6619171246035337	0.6397053971453676	1.4239796774360811	1.3868432078810298
0.0097909637	0.0220899296	-0.0901010836	0.0336891492	0.0615821215	0.0463021893	-0.0829812487	0.0468954422	0.0020991383	-0.050515895	0.0	0.0	-0.115748	-0.0226594	-0.559589	0.00592596	0.000195664	-0.000449431	0.1944269	-2.0212967372200845	0.8898472499587285	-0.3753535811000135	1.0445909476256143	2.001591945126487	-0.2244262564972776	-0.0054978101131836	-0.7435697397714287	1.7933340788330556	-0.2922820243659642
-0.0294696061	-0.0721181491	-0.0659942876	0.0325629995	-0.0139121374	0.001955148	-0.0836810109	0.0493194251	-0.0020991383	-0.0456684419	0.0	0.0	-0.12074	0.0339558	-0.46729	0.00488413	0.000250749	-0.000682844	0.2204226	-1.807561315322824	0.3546545439073588	0.0089234927630644	-2.047826209862102	1.516995359375275	-0.4995272622739874	-0.095573665682281	1.3796327983381536	1.482631434605035	-0.9771226464131166
0.0802202654	0.0083316075	-0.1296340055	0.0188863135	0.0341839022	-0.0430674492	-0.0843630714	0.0517016789	-0.006293419	-0.0406664612	0.0	0.0	-0.115687	-0.0210636	-0.529788	0.00524334	0.000239273	-0.000774775	0.14570125	-2.292445176864032	0.5141153843909441	-0.3097162279484642	0.9760285949580946	1.7765944424492814	1.0333704267538542	-0.4939253835835521	-1.094018009533084	1.761854721894918	-1.2947419897824013
-0.0490289771	-0.0441336835	-0.0935279892	0.0535529231	0.0305812678	0.0589373796	-0.0850272861	0.0540401879	-0.0104757199	-0.0355268781	0.0	0.0	-0.115665	0.051264	-0.490114	0.00502021	0.000295052	-0.000713788	0.1290184	-1.6129038685787247	0.3511712324594889	0.0815837991114913	-0.9858835902831468	0.2847109951422563	-1.2647863353777984	-0.6341087932818118	0.7373486106770301	1.5245920793360117	-1.2944430868108965
0.1509906349	-0.0042572853	-0.0492054931	-0.0331790057	0.1156439855	0.0011322755	-0.0856735145	0.0563329735	-0.0146380797	-0.0302670833	0.0	0.0	-0.0966536	-0.0144254	-0.513552	0.00472893	0.000359989	-0.000760847	0.1283026	-0.6966904526446182	1.0078929408262374	-0.144035415144153	0.2199178871843017	-1.2586381354883864	1.657257721126009	-0.1498838239208587	-0.9275718837025946	1.6563621214384538	-0.9143381631061112
-0.0533197709	0.0674807203	0.0097159759	0.0341823503	0.1532449592	0.0920307474	-0.0863016198	0.0585780958	-0.018772575	-0.0249048742	0.0	0.0	-0.100483	0.0113014	-0.547097	0.00567772	0.000422296	-0.000690171	0.11718985	-1.1237154697416123	-0.6298849222526265	0.0639765828935428	0.1534270279218467	-0.3802210535606501	-1.559883527009274	1.244698811976777	-0.1226499608341134	1.769329550003753	0.0254497348458756
0.0611326562	-0.0251984808	0.1756609111	0.0850181672	-0.0272294399	-0.0081521303	-0.0869114692	0.0607736552	-0.0228713357	-0.019458395	0.0	0.0	-0.10734	0.0113727	-0.468283	0.00539101	0.000495818	-0.000854362	0.11196345	0.628966948712255	-0.8808800040004577	-0.2286730891408037	-2.0197409824518777	0.0180667102299095	0.9816660450855734	-0.9061230606030756	0.4929670567516529	1.46909778768189	0.9659689065251804
0.0822978554	0.1529364531	-0.0005352416	0.1015337496	0.0245087734	-0.0543878057	-0.0875029337	0.062917794	-0.0269265594	-0.0139460747	0.0	0.0	-0.107194	-0.024604	-0.598203	0.00604372	0.000941608	-0.000687766	0.2292975	-1.3940482095264046	0.3548626607712674	-0.3259932189356602	0.174504313530843	0.4394421041831772	-0.1940403738246815	-0.9783304348937883	-1.6043256747773544	2.049226596997008	1.6579872319502371
-0.1102854373	0.0606269292	0.0211187269	-0.00725887	-0.088288466	-0.1022423718	-0.0880758881	0.065008698	-0.030930527	-0.0083865653	0.0	0.0	-0.110126	0.0240426	-0.494257	0.00511133	0.000590714	-0.0008073629999999	0.22566865	0.0906331102627277	-1.9769741990379324	0.0734109664346265	-0.0426343777725348	0.0846654513687102	-0.6366064330081047	0.4587984310639749	1.3482958714852746	1.5380850489689368	0.3307767215030953
0.0183958292	0.0539496261	-0.0409925036	-0.1772637001	-0.0268124397	0.0352060019	-0.0886302114	0.0670445982	-0.0348756165	-0.0027986784	0.0	0.0	-0.1072	-0.0120636	-0.527188	0.00530464	0.000776519	-0.000642594	0.0991574	-0.3817532191722323	-0.8104653754482903	-0.0801360595576607	-1.086679465829927	-0.5128302225813592	0.6785976702369221	1.7719879367444735	-0.6825680065046739	1.823412208892364	0.2874874071880869
-0.1622570956	-0.0019941266	-0.0232483409	-0.0528013246	0.0776528819	0.1403298165	-0.0891657861	0.069023772	-0.0387543183	0.0027986784	0.0	0.0	-0.107265	0.0880397	-0.468373	0.00477993	0.000364834	-0.000886067	0.2179767	-0.2012883337961713	0.1776877225033827	0.0377312953680859	1.6410860440829698	-1.185370725326499	-0.8159251227884389	1.767517064490406	1.9473873983505443	1.229789974758801	-0.0027547137252606
0.0716069304	0.0114061923	0.1659935984	-0.0640450299	0.1575133631	0.3053623865	-0.089682499	0.0709445448	-0.0425592491	0.0083865653	0.0	0.0	-0.0837196	-0.0402847	-0.641364	0.00945153	0.00115802	-0.000605537	0.6121266000000001	3.268544775676104	-1.2552495532614651	-0.4301430885997054	-4.853990767702502	-0.9830381348779196	-0.5237331173779873	-0.2404779425121066	-3.044244193436965	2.2281206488028427	0.0436338989556271
0.2062699535	0.1230726992	0.101356646	0.1045498733	0.2764951488	0.1253056806	-0.0901802409	0.0728052914	-0.0462831659	0.0139460747	0.0	0.0	-0.073328	-0.0138662	-0.717577	0.00929283	0.000567426	-0.000975172	0.1689695499999999	-2.8235322043854523	-0.0945345023490278	-0.3242933542196897	-2.606787109881972	0.932895621705796	0.5699524412681878	-0.4448641278616011	-2.9183456641199106	2.4859828244899784	0.5517484175422321
-0.0299632399	-0.0890273798	0.054741847	0.2357076183	0.3307079023	-0.0616900318	-0.0906589064	0.0746044375	-0.04991898	0.019458395	0.0	0.0	-0.0898242	0.040368	-0.514423	0.00708055	0.000316261	-0.00120167	0.40838155	0.7738920223602005	0.5453944989123156	-0.3925519401464844	0.7825997123630283	-0.4202016650540174	-0.0525688946180689	-0.6320748259314458	2.0433866297175465	1.500164447097816	-1.664605941930837
0.0275457017	-0.0783054884	0.0895290189	0.1703663915	0.1013507659	-0.1633496374	-0.0911183942	0.0763404608	-0.0534597706	0.0249048742	0.0	0.0	-0.0931125	-0.0331394	-0.422654	0.00622366	7.19095e-05	-0.00120167	0.223626775	-0.287132296816485	0.6201353279640008	0.0506418005615895	-0.467806164152475	1.2026561973648804	1.1776470474067688	0.0960199047850513	0.9395676729745782	1.3291847769053533	-0.660910008860786
-0.0624263951	-0.062637714	0.0707922499	0.197387194	0.0447734411	-0.2129259166	-0.0915586072	0.0780118924	-0.0568987974	0.0302670833	0.0	0.0	-0.106049	0.0645517	-0.414896	0.00590772	0.000386729	-0.00120167	0.1499235749999999	0.8185350547697642	1.009167156158158	-0.1853518511150436	0.3847924614551497	1.1255119069332908	-0.0671004907178546	-0.3069583841889871	2.5927623565831985	1.1759623103056556	1.4266880006643274
-0.0454402665	0.0297099476	0.0787047427	0.0652791662	-0.1097954806	-0.0783280519	-0.0919794522	0.0796173181	-0.0602295142	0.0355268781	0.0	0.0	-0.114152	-0.0238237	-0.403433	0.00569954	0.000399006	-0.00188255	0.15300825	-0.3074071033979276	-0.6022605457304578	-0.6972350912857885	-0.4873287694300975	0.2934123889146336	1.1733163496878725	-1.2100698175117026	0.7806325555782438	1.3686865887517166	1.2646681405272004
-0.0465145209	-0.0426015809	0.0304119911	0.0424603285	-0.0687136165	-0.1279244684	-0.0923808403	0.0811553797	-0.0634455806	0.0406664612	0.0	0.0	-0.122829	0.0715865	-0.368881	0.00531893	0.00069499	-0.00165687	0.1837529	-0.8936466245313496	-0.9581407327178504	-0.4310324136128663	0.1735858848373625	0.1873229829414993	0.2959531362762852	-1.1375446013923198	2.365000666574315	1.0701600512807394	1.00422943876203
-0.0369808364	0.0536010661	0.075525433	-0.051396905	-0.0633459934	-0.0259211959	-0.0927626865	0.0826247757	-0.0665408748	0.0456684419	0.0	0.0	-0.110089	-0.0175937	-0.423461	0.00590504	0.000603966	-0.0017514	0.1950834	0.2452016438160634	-2.0399959583420912	-0.664176696371683	-0.3837689253305986	-0.0709683009576274	1.0880915958724902	-0.2669700176820202	0.6790157334101252	1.397827160526183	0.5856323236763306
-0.1536678815	-0.0311190438	0.0703841953	-0.0613773797	-0.0376849158	0.000163	-0.09312491	0.0840242629	-0.0695095047	0.050515895	0.0	0.0	-0.122005	0.0527248	-0.406395	0.00550209	0.000657424	-0.00165687	0.1268473999999999	-0.0498946445124823	-1.5335230566273663	-0.1468364022385899	0.2655139694997446	0.0189295091544913	-0.6139847197793601	1.2002303220848118	2.278287593374849	1.2477222561100616	0.239872389251878
0.1097798924	0.0099095753	0.0554086252	-0.1864909575	-0.0232702559	0.0085652657	-0.0934674342	0.0853526572	-0.0723458192	0.0551924183	0.0	0.0	-0.110874	-0.00889962	-0.467108	0.00638399	0.000676608	-0.00165687	0.17852262	0.6580571714801765	-0.2274062178123616	-0.6406255850538918	-1.5489761464323737	-0.5626975517759544	2.16900186107262	1.6077440974396755	0.1679127491833938	1.7487106432032589	0.2852838449151315
-0.1099819412	-0.0318855921	-0.0781022009	-0.0051023976	-0.0157332413	-0.0495135815	-0.0937901867	0.0866088346	-0.0750444194	0.059682188	0.0	0.0	-0.12221	0.0281294	-0.428089	0.00626637	0.000384234	-0.00202265	0.12617272	-1.5283948635032638	0.4989262372486969	-0.1769832684550632	0.859395736153692	-1.4705257036859636	0.2271730886519092	0.9912875363185756	1.29706548237631	1.4364498246969393	-0.0033030914176842
-0.0601360932	-0.1544867799	-0.0143368822	-0.073937138	-0.0618200151	-0.0384459572	-0.0940930992	0.0877917323	-0.0776001682	0.063970012	0.0	0.0	-0.123404	0.0576332	-0.3842	0.00559424	0.000610755	-0.00195922	0.12269085	1.140757975877993	0.9444878993613228	-0.1641768954897977	-1.775147754986245	-2.184543012518227	0.4775147221205127	-0.2428080911167631	2.2593458730916183	1.2459629938324055	-0.7658994887092127
0.0561116859	-0.0394037113	-0.0478797555	-0.0234368723	0.0060907739	-0.1085372122	-0.0943761076	0.0889003495	-0.0800082007	0.0680413817	0.0	0.0	-0.124804	-0.00925009	-0.446277	0.0059484	0.000521564	-0.00201438	0.15528584	0.5948158421412941	0.4431850965805137	-0.4536191462625217	1.3753764315285837	-0.9030602081094116	1.8447374561479215	-0.8937839330713416	0.3375521400190557	1.5662286411447224	-1.5252597279105689
0.0199916081	-0.0123686746	-0.0584282184	0.0637027004	0.0321082504	0.0095191487	-0.094639152	0.089933748	-0.0822639331	0.071882521	0.0	0.0	-0.113961	0.0171975	-0.507345	0.00646408	0.000840228	-0.00165687	0.15795129	1.3091438844711276	0.3982625280138793	0.029876350394657	-0.3519158578157024	0.1905037666513662	-0.8322119242551173	-0.7308211362475683	0.5871115769664165	1.796508834963935	-1.6529028075455436
0.0646080567	-0.1240471889	-0.0235297242	-0.0123405044	-0.0950226401	0.0159955591	-0.0948821769	0.0908910537	-0.0843630714	0.0754804325	0.0	0.0	-0.117986	0.0169722	-0.430242	0.00528983	0.000949767	-0.00185514	0.15545625	0.965175125621409	0.4284570980627396	-0.2407652583417836	-1.2308722705385886	1.2037512982165162	1.481416923636537	-0.3987052538898742	1.533843041098548	1.476289940925299	-1.5642189819084815
0.0155792009	-0.0010930959	-0.0910093059	-0.0129248001	0.018196511	0.0395080254	-0.0951051307	0.0917714564	-0.0863016198	0.0788229422	0.0	0.0	-0.116539	-0.00529263	-0.513357	0.00699642	0.0010671	-0.00165687	0.2079364799999999	1.929620695928698	0.5556748083924904	-0.430167522339144	0.3283030832582289	-0.5507538263533246	-0.2026839692737626	-0.8097505390684846	-0.0235349700192458	1.8210613556117323	-1.5045680495473963
-0.0405919135	-0.1099863249	0.0204576588	-0.0312789909	0.0049414949	0.0050593399	-0.0953079663	0.0925742113	-0.0880758881	0.08189874	0.0	0.0	-0.130835	0.0100945	-0.420021	0.00602988	0.000960702	-0.00177323	0.18248403	2.175900054724503	0.5300999286801901	-0.1062647663941108	-1.4397184607676166	-1.1867757546675064	0.3939499723928821	-0.5825256116134894	2.232955353576905	1.4320944293926468	-1.2892955263163228
0.0258955047	0.0176036988	-0.1070269105	-0.0044000353	0.0004251173	-0.0441860265	-0.0954906409	0.0932986392	-0.089682499	0.0846974184	0.0	0.0	-0.110812	-0.0125802	-0.510948	0.0070779	0.000960702	-0.00181326	0.1880272	1.8127942974479636	0.5866129094368493	-0.389869717941992	0.5381672787734696	-0.1136963377798439	0.469674047703185	-0.6103922149913729	0.3519777700478397	1.854657183251209	-1.5874256389831605
-0.0617471571	-0.0929462031	-0.1137419378	0.0346604965	-0.1184135856	-0.0481554337	-0.0956531157	0.0939441271	-0.0911183942	0.0872095075	0.0	0.0	-0.123454	0.0283589	-0.430968	0.00583141	0.000960702	-0.00186305	0.1983750999999999	0.963519365614852	0.7065138871909047	0.0471768468113902	-1.1181266931779428	1.4000041336167428	-0.2260557820269387	-0.1570771846410518	2.444745118009401	1.4793491825908158	-1.3323638782831386
0.1299749863	0.052995782	-0.1169804124	0.0059943935	-0.0774637183	-0.083439835	-0.0957953565	0.0945101289	-0.0923808403	0.0894265072	0.0	0.0	-0.107394	-0.0101169	-0.510165	0.00640392	0.000960702	-0.00165687	0.1726672999999999	0.5199666185201329	1.2282841162750842	-0.4238244330002892	0.4235959230168498	1.8316488215004685	1.3845537451003125	-0.0448763425479322	0.055264259552327	1.837893453065203	0.3664710066889438
-0.0748903682	0.0334165088	-0.0373826752	0.0381151892	-0.1201776466	0.0670381814	-0.0959173331	0.0949961657	-0.0934674342	0.091340916	0.0	0.0	-0.107225	0.0338632	-0.478262	0.0062537	0.0016046	-0.00180889	0.1233589999999999	1.6037663161159963	0.9671543127184776	-0.146456699501135	-0.0500052384532747	1.035281876977848	-1.0314699623539485	-0.569019427715164	1.4298770810880157	1.611986941816133	1.4731836511529557
0.0892119179	-0.052965997	0.0811357409	-0.0762425889	-0.1592263928	0.0141424922	-0.0960190197	0.0954018263	-0.0943761076	0.092946256	0.0	0.0	-0.109614	0.0215831	-0.446913	0.00602346	0.000960702	-0.00188674	0.0936175	1.5174791717288794	-0.48295280654629	-0.402006534492942	-1.4085288500548276	0.2638713801004409	2.296796483358317	-1.3178707445932023	0.9943916931702412	1.5975477039972097	1.3058678814060118
-0.0312083979	0.1899022563	0.0020650441	0.0281974439	-0.0907711708	-0.0399484406	-0.0961003948	0.0957267674	-0.0951051307	0.0942370953	0.0	0.0	-0.0996032	0.0188173	-0.553019	0.00715541	0.00119723	-0.00165687	0.1988000000000001	0.9765616139446778	-1.367362331277899	-0.0453815328868712	0.5850902062881318	-0.0409752779290322	-0.6790700579561141	-0.4196632621288719	-0.0687658259919091	1.8823685604684404	0.8249484793526739
-0.0760368121	0.0334533565	0.0669726034	-0.110417932	-0.0522749292	0.008045853	-0.0961614411	0.0959707141	-0.0956531157	0.0952090661	0.0	0.0	-0.113153	0.0289525	-0.454078	0.00588487	0.00111583	-0.00188794	0.2017765	2.556074471564836	-1.369731047502116	0.0415170186047453	-1.1856881374760593	-0.1543086107028355	0.2024560384878063	1.209403856029756	1.79232021141747	1.5442016642992338	0.2379541070199263
-0.021783963	0.0338925231	-0.0534267459	-0.1404875298	-0.0343952289	-0.0215412794	-0.0962021459	0.0961334599	-0.0960190197	0.0958588795	0.0	0.0	-0.114471	0.00693498	-0.470028	0.00567457	0.000960702	-0.00205804	0.06606192	0.8025800562009825	-0.1737157156062608	-0.14375689805227	0.5006046783327551	-0.6448107227764324	0.9062353800190286	1.7287930153221251	0.7249930109746263	1.6142026229722386	0.1752159622374272
-0.0574025845	-0.0509921984	0.0005735827	-0.0269075869	-8.94051e-05	-0.0050397818	-0.0962225004	0.0962148673	-0.0962021459	0.0961843369	0.0	0.0	-0.118488	0.0587416	-0.439575	0.00550874	0.000971268	-0.001957	0.10014842	0.2065498161711261	0.6551335615450016	-0.1473610800309357	-0.1386895089599389	-1.4327645751960123	0.1159600454766923	1.105238816201582	2.068733572310931	1.4055926555006713	-0.0486197020625666
