subject	session	task	run	run_key	software_versions	nss_count	number_of_original_volumes	number_of_steady_state_volumes	selection_reason	candidate_criterion	aic_pca_components	aic_n_ica	aic_n_accepted	aic_n_rejected	aic_rejected_fraction	aic_rejected_normalized_variance	aic_combined_rank_with_intercept	aic_combined_rank_fraction	aic_residual_df_before_task	aic_median_denoised_tsnr	aic_median_variance_removed_fraction	aic_median_signal_percent_change	aic_denoised_median_dvars	aic_fd_denoised_dvars_spearman	aic_motion24_global_signal_r_squared	candidate_pca_components	candidate_n_ica	candidate_n_accepted	candidate_n_rejected	candidate_rejected_fraction	candidate_rejected_normalized_variance	candidate_combined_rank_with_intercept	candidate_combined_rank_fraction	candidate_residual_df_before_task	candidate_median_denoised_tsnr	candidate_median_variance_removed_fraction	candidate_median_signal_percent_change	candidate_denoised_median_dvars	candidate_fd_denoised_dvars_spearman	candidate_motion24_global_signal_r_squared	candidate_minus_aic_pca_components	candidate_minus_aic_n_ica	candidate_minus_aic_n_accepted	candidate_minus_aic_n_rejected	candidate_minus_aic_rejected_fraction	candidate_minus_aic_rejected_normalized_variance	candidate_minus_aic_combined_rank_with_intercept	candidate_minus_aic_combined_rank_fraction	candidate_minus_aic_residual_df_before_task	candidate_minus_aic_median_denoised_tsnr	candidate_minus_aic_median_variance_removed_fraction	candidate_minus_aic_median_signal_percent_change	candidate_minus_aic_denoised_median_dvars	candidate_minus_aic_fd_denoised_dvars_spearman	candidate_minus_aic_motion24_global_signal_r_squared	candidate_minus_aic_denoised_tsnr_percent	candidate_minus_aic_denoised_dvars_percent	aic_candidate_median_voxelwise_temporal_correlation	aic_candidate_median_volume_spatial_correlation	aic_candidate_normalized_rmse	review_reasons
10317	01	doors	1	sub-10317_ses-01_task-doors_run-1	syngo MR E11	1	218	217	scanner_control:syngo MR E11	kic	17	17	8	9	0.5294117647058824	0.841477545199621	28	0.12844036697247707	190	44.04616718359027	0.2985497506678577	0.0	152.19168816354457	0.0559354124245347	0.37875870100242104	15	15	6	9	0.6	0.8717042940828421	28	0.12844036697247707	190	44.127206727296084	0.2996253707436748	0.0	153.20184101640262	-0.11398444849307565	0.3678667168135711	-2	-2	-2	0	0.07058823529411762	0.030226748883221077	0	0.0	0	0.08103954370581334	0.0010756200758170742	0.0	1.010152852858056	-0.16991986091761035	-0.010891984188849957	0.18398773125486667	0.6637372021082714	0.9951024341593409	0.9999440213743993	0.003684276697988163	
10317	01	doors	1	sub-10317_ses-01_task-doors_run-1	syngo MR E11	1	218	217	scanner_control:syngo MR E11	mdl	17	17	8	9	0.5294117647058824	0.841477545199621	28	0.12844036697247707	190	44.04616718359027	0.2985497506678577	0.0	152.19168816354457	0.0559354124245347	0.37875870100242104	11	11	6	5	0.45454545454545453	0.826804470431344	24	0.11009174311926606	194	43.03850136403963	0.25985345679623684	0.0	168.8412555619476	0.1649209921528001	0.3907490311270201	-6	-6	-2	-4	-0.07486631016042783	-0.014673074768277061	-4	-0.01834862385321101	4	-1.0076658195506383	-0.03869629387162088	0.0	16.649567398403036	0.10898557972826539	0.011990330124599047	-2.287749159536523	10.939866427206905	0.9755583864068084	0.9995760258378967	0.009664756188056603	denoised_dvars_change_gte_5_percent
10541	02	ugr	2	sub-10541_ses-02_task-ugr_run-2	syngo MR XA60	1	240	239	highest_combined_rank_fraction	kic	116	116	13	103	0.8879310344827587	0.8894719272924555	123	0.5125	117	94.97784652398173	0.8209350527292323	0.0	264.60852345348235	-0.28573787440933685	0.23906524266816087	98	98	15	83	0.8469387755102041	0.8581360542699009	103	0.42916666666666664	137	84.52784139702635	0.775140938703032	0.0	311.748063586821	-0.075789587059865	0.30596703757011046	-18	-18	2	-20	-0.04099225897255454	-0.03133587302255458	-20	-0.08333333333333331	20	-10.450005126955375	-0.04579411402620026	0.0	47.13954013333864	0.20994828734947185	0.06690179490194959	-11.002571135698227	17.814823014053694	0.8607037188478839	0.9995215576371548	0.009637746521732372	pca_count_change_gte_10;rejected_count_change_gte_10;design_rank_change_gte_10;denoised_temporal_correlation_lt_0_95;denoised_dvars_change_gte_5_percent
10541	02	ugr	2	sub-10541_ses-02_task-ugr_run-2	syngo MR XA60	1	240	239	highest_combined_rank_fraction	mdl	116	116	13	103	0.8879310344827587	0.8894719272924555	123	0.5125	117	94.97784652398173	0.8209350527292323	0.0	264.60852345348235	-0.28573787440933685	0.23906524266816087	62	62	9	53	0.8548387096774194	0.8758314230975203	73	0.30416666666666664	167	78.58284029178493	0.7412290675376123	0.0	347.01820779749437	0.4710025952015253	0.2564862555902979	-54	-54	-4	-50	-0.0330923248053393	-0.013640504194935232	-50	-0.20833333333333331	50	-16.395006232196792	-0.07970598519161998	0.0	82.40968434401202	0.7567404696108622	0.017421012922137047	-17.26192668314193	31.14400219178861	0.7136346568151495	0.9990145394397051	0.01405695191633628	pca_count_change_gte_10;rejected_count_change_gte_10;design_rank_change_gte_10;denoised_temporal_correlation_lt_0_95;denoised_dvars_change_gte_5_percent
10652	01	trust	2	sub-10652_ses-01_task-trust_run-2	syngo MR E11	0	280	280	low_burden_control	kic	12	12	6	6	0.5	0.7563687389299303	26	0.09285714285714286	254	42.19477367030764	0.14653973125519543	0.0	156.90014371492344	0.14405894639127406	0.21369358638820968	10	10	3	7	0.7	0.8812618907305797	27	0.09642857142857143	253	42.878180080472944	0.17226369447977397	0.0	153.2864833993805	0.04237697399683939	0.21590516523415137	-2	-2	-3	1	0.19999999999999996	0.12489315180064942	1	0.0035714285714285726	-1	0.6834064101653041	0.02572396322457854	0.0	-3.613660315542944	-0.10168197239443467	0.0022115788459416974	1.6196470574890547	-2.3031593407006126	0.9880565721640557	0.9998649960949643	0.006104326029018922	
10652	01	trust	2	sub-10652_ses-01_task-trust_run-2	syngo MR E11	0	280	280	low_burden_control	mdl	12	12	6	6	0.5	0.7563687389299303	26	0.09285714285714286	254	42.19477367030764	0.14653973125519543	0.0	156.90014371492344	0.14405894639127406	0.21369358638820968	8	8	8	0	0.0	0.0	20	0.07142857142857142	260	37.42979645321234	0.0	0.0	179.3933389064181	0.46107758954127015	0.29473702766623866	-4	-4	2	-6	-0.5	-0.7563687389299303	-6	-0.021428571428571436	6	-4.7649772170953	-0.14653973125519543	0.0	22.493195191494664	0.31701864314999606	0.08104344127802898	-11.292813783827457	14.335994001613678	0.9254306375139851	0.9983632219317714	0.020482278418030866	denoised_temporal_correlation_lt_0_95;denoised_dvars_change_gte_5_percent
10866	02	ugr	1	sub-10866_ses-02_task-ugr_run-1	syngo MR XA60	1	240	239	highest_combined_rank_fraction	kic	108	108	6	102	0.9444444444444444	0.9628548643267125	122	0.5083333333333333	118	110.24628206456586	0.8852088382371827	0.0	326.3126001162678	-0.5628836779137268	0.2346279762472092	94	94	8	86	0.9148936170212766	0.9427374535476922	106	0.44166666666666665	134	97.05580190546293	0.8523484060285367	0.0	377.4033128817647	-0.2829428365806362	0.27540879381897143	-14	-14	2	-16	-0.029550827423167836	-0.020117410779020295	-16	-0.06666666666666665	16	-13.190480159102933	-0.032860432208645984	0.0	51.0907127654969	0.27994084133309066	0.04078081757176222	-11.964557817358333	15.65698436017882	0.8927770101577094	0.9995657834415407	0.008749637260276447	pca_count_change_gte_10;rejected_count_change_gte_10;design_rank_change_gte_10;denoised_temporal_correlation_lt_0_95;denoised_dvars_change_gte_5_percent
10866	02	ugr	1	sub-10866_ses-02_task-ugr_run-1	syngo MR XA60	1	240	239	highest_combined_rank_fraction	mdl	108	108	6	102	0.9444444444444444	0.9628548643267125	122	0.5083333333333333	118	110.24628206456586	0.8852088382371827	0.0	326.3126001162678	-0.5628836779137268	0.2346279762472092	65	65	9	56	0.8615384615384616	0.8998304937752482	76	0.31666666666666665	164	78.07454610788189	0.7775719546008856	0.0	419.54474544327945	0.13565947537852066	0.37110424923010166	-43	-43	3	-46	-0.08290598290598283	-0.06302437055146437	-46	-0.19166666666666665	46	-32.171735956683975	-0.10763688363629709	0.0	93.23214532701166	0.6985431532922475	0.13647627298289244	-29.181696973547425	28.57142056230507	0.7128835460461284	0.9989591168188459	0.014581926996203988	pca_count_change_gte_10;rejected_count_change_gte_10;design_rank_change_gte_10;denoised_temporal_correlation_lt_0_95;denoised_dvars_change_gte_5_percent
11005	01	socialdoors	1	sub-11005_ses-01_task-socialdoors_run-1	syngo MR E11	1	218	217	highest_pca_fraction	kic	164	164	132	32	0.1951219512195122	0.42813847974637126	51	0.23394495412844038	167	20.7415450859248	0.41908118545554285	0.0	376.33664420936776	0.840238631086343	0.6684722990990987	156	156	122	34	0.21794871794871795	0.42867202357248124	53	0.24311926605504589	165	20.65872262191349	0.4164729629143198	0.0	366.98379893719033	0.8422617559151693	0.5862323324926455	-8	-8	-10	2	0.02282676672920575	0.0005335438261099834	2	0.009174311926605505	-2	-0.08282246401130777	-0.0026082225412230597	0.0	-9.352845272177433	0.0020231248288262726	-0.08223996660645316	-0.39930710883978965	-2.4852337438004457	0.9224736319913631	0.9965882408934914	0.026590929308085123	denoised_temporal_correlation_lt_0_95
11005	01	socialdoors	1	sub-11005_ses-01_task-socialdoors_run-1	syngo MR E11	1	218	217	highest_pca_fraction	mdl	164	164	132	32	0.1951219512195122	0.42813847974637126	51	0.23394495412844038	167	20.7415450859248	0.41908118545554285	0.0	376.33664420936776	0.840238631086343	0.6684722990990987	125	125	93	32	0.256	0.4901783830753453	51	0.23394495412844038	167	21.73262664857659	0.47607606513377176	0.0	378.299449869407	0.8215315733695329	0.5972398595485598	-39	-39	-39	0	0.0608780487804878	0.06203990332897402	0	0.0	0	0.991081562651793	0.056994879678228916	0.0	1.962805660039237	-0.018707057716810138	-0.07123243955053882	4.77824365805969	0.5215558171760886	0.8707897875993468	0.9950879968323961	0.0326862523836577	pca_count_change_gte_10;denoised_temporal_correlation_lt_0_95
11005	01	ugr	1	sub-11005_ses-01_task-ugr_run-1	syngo MR E11	0	240	240	highest_pca_fraction	kic	159	159	124	35	0.22012578616352202	0.48861149296677003	54	0.225	186	23.440688534493965	0.4782244327765093	0.0	359.8510376819784	0.855597552828663	0.4438738403012771	140	140	104	36	0.2571428571428571	0.5329773956287239	55	0.22916666666666666	185	24.43351670924862	0.5247105532509256	0.0	352.5447748123228	0.8511532646531418	0.3829397669854703	-19	-19	-20	1	0.0370170709793351	0.04436590266195389	1	0.004166666666666652	-1	0.9928281747546563	0.04648612047441636	0.0	-7.306262869655598	-0.004444288175521227	-0.0609340733158068	4.235490665274903	-2.0303575937198137	0.8752807965184759	0.9963710861744552	0.029703958118567592	pca_count_change_gte_10;denoised_temporal_correlation_lt_0_95
11005	01	ugr	1	sub-11005_ses-01_task-ugr_run-1	syngo MR E11	0	240	240	highest_pca_fraction	mdl	159	159	124	35	0.22012578616352202	0.48861149296677003	54	0.225	186	23.440688534493965	0.4782244327765093	0.0	359.8510376819784	0.855597552828663	0.4438738403012771	105	105	79	26	0.24761904761904763	0.5096207032975553	45	0.1875	195	23.56789939606712	0.48460627231720116	0.0	391.8428505833945	0.8365141872648643	0.5650318004370654	-54	-54	-45	-9	0.02749326145552561	0.021009210330785233	-9	-0.037500000000000006	9	0.12721086157315398	0.00638183954069188	0.0	31.991812901416097	-0.01908336556379875	0.12115796013578828	0.542692512576829	8.890293357911379	0.8182179537964578	0.9934277479973281	0.03615698858833571	pca_count_change_gte_10;denoised_temporal_correlation_lt_0_95;denoised_dvars_change_gte_5_percent
11005	01	ugr	2	sub-11005_ses-01_task-ugr_run-2	syngo MR E11	0	240	240	highest_pca_fraction	kic	141	141	112	29	0.20567375886524822	0.4096373509236347	48	0.2	192	25.724588456063948	0.379338970715806	0.0	379.07349519062194	0.8394931612812491	0.4797363958196872	129	129	99	30	0.23255813953488372	0.44867491795321035	49	0.20416666666666666	191	26.44802202639553	0.41715922828400165	0.0	391.2969828248388	0.8238432192960868	0.4899936220107207	-12	-12	-13	1	0.0268843806696355	0.03903756702957567	1	0.004166666666666652	-1	0.7234335703315828	0.037820257568195625	0.0	12.223487634216838	-0.01564994198516223	0.01025722619103353	2.812226020902779	3.224569322123168	0.8846519566617914	0.996277739969262	0.02730707308264476	pca_count_change_gte_10;denoised_temporal_correlation_lt_0_95
11005	01	ugr	2	sub-11005_ses-01_task-ugr_run-2	syngo MR E11	0	240	240	highest_pca_fraction	mdl	141	141	112	29	0.20567375886524822	0.4096373509236347	48	0.2	192	25.724588456063948	0.379338970715806	0.0	379.07349519062194	0.8394931612812491	0.4797363958196872	90	90	59	31	0.34444444444444444	0.5910430106147088	50	0.20833333333333334	190	29.875533120229708	0.550637425057116	0.0	365.7758907195844	0.8537929397700504	0.3377999738432619	-51	-51	-53	2	0.13877068557919622	0.18140565969107408	2	0.008333333333333331	-2	4.15094466416576	0.17129845434130997	0.0	-13.297604471037516	0.014299778488801373	-0.1419364219764253	16.136097458878005	-3.5079225110029513	0.7944164021708239	0.9935449909947314	0.03476735346593302	pca_count_change_gte_10;denoised_temporal_correlation_lt_0_95
11377	01	sharedreward	1	sub-11377_ses-01_task-sharedreward_run-1	syngo MR XA30	5	255	250	scanner_control:syngo MR XA30	kic	25	25	12	13	0.52	0.8551375095749387	37	0.1450980392156863	218	71.24728410666629	0.47970340159878083	0.0	167.7459768991969	0.10104547221142635	0.24849683938113742	22	22	13	9	0.4090909090909091	0.7791965443228701	33	0.12941176470588237	222	67.70998432548163	0.4149245229433199	0.0	181.94069530192382	0.7078111154294597	0.2977480530883654	-3	-3	1	-4	-0.1109090909090909	-0.07594096525206862	-4	-0.01568627450980392	4	-3.5372997811846574	-0.06477887865546095	0.0	14.19471840272692	0.6067656432180334	0.04925121370722796	-4.964820519879562	8.462032094669496	0.9712719149066473	0.9999339935441502	0.0057952313412413655	denoised_dvars_change_gte_5_percent
11377	01	sharedreward	1	sub-11377_ses-01_task-sharedreward_run-1	syngo MR XA30	5	255	250	scanner_control:syngo MR XA30	mdl	25	25	12	13	0.52	0.8551375095749387	37	0.1450980392156863	218	71.24728410666629	0.47970340159878083	0.0	167.7459768991969	0.10104547221142635	0.24849683938113742	15	15	7	8	0.5333333333333333	0.8224738504014051	32	0.12549019607843137	223	67.6642496719129	0.41504096767798737	0.0	186.00884039270386	0.7045915273999223	0.29905044443206485	-10	-10	-5	-5	0.013333333333333308	-0.03266365917353364	-5	-0.019607843137254916	5	-3.5830344347533867	-0.06466243392079346	0.0	18.262863493506956	0.6035460551884959	0.05055360505092743	-5.029011954180775	10.88721400721378	0.957146204759276	0.9998875190798737	0.006920731514496787	pca_count_change_gte_10;denoised_dvars_change_gte_5_percent
11560	01	doors	1	sub-11560_ses-01_task-doors_run-1	syngo MR XA30	0	218	218	highest_pca_fraction	kic	117	117	87	30	0.2564102564102564	0.3376985422893947	48	0.22018348623853212	170	21.65614643082981	0.2991146218460346	0.0	574.3608883377677	0.8143693306463357	0.48089655986508495	95	95	73	22	0.23157894736842105	0.32780492130909317	40	0.1834862385321101	178	21.26767932441939	0.2761743267808184	0.0	593.7007437517052	0.8261472587456606	0.4117777093719194	-22	-22	-14	-8	-0.024831309041835337	-0.009893620980301554	-8	-0.03669724770642202	8	-0.38846710641042037	-0.02294029506521622	0.0	19.33985541393747	0.011777928099324986	-0.06911885049316557	-1.7937960830251702	3.3671957486360338	0.9023546307328896	0.9970812773300678	0.031337077325475866	pca_count_change_gte_10;denoised_temporal_correlation_lt_0_95
11560	01	doors	1	sub-11560_ses-01_task-doors_run-1	syngo MR XA30	0	218	218	highest_pca_fraction	mdl	117	117	87	30	0.2564102564102564	0.3376985422893947	48	0.22018348623853212	170	21.65614643082981	0.2991146218460346	0.0	574.3608883377677	0.8143693306463357	0.48089655986508495	53	53	35	18	0.33962264150943394	0.3897466657932522	36	0.1651376146788991	182	21.52838875053034	0.28977756584388015	0.0	555.7375418993945	0.8469327358051832	0.1940115475883183	-64	-64	-52	-12	0.08321238509917755	0.05204812350385746	-12	-0.05504587155963303	12	-0.12775768029947088	-0.009337056002154454	0.0	-18.623346438373233	0.03256340515884759	-0.28688501227676666	-0.5899372758100413	-3.24244683377906	0.8154148874247145	0.9945121819279494	0.041946868495461816	pca_count_change_gte_10;rejected_count_change_gte_10;design_rank_change_gte_10;denoised_temporal_correlation_lt_0_95
11565	01	ugr	2	sub-11565_ses-01_task-ugr_run-2	syngo MR XA60	0	240	240	highest_combined_rank_fraction	kic	132	132	20	112	0.8484848484848485	0.8839921396262496	131	0.5458333333333333	109	84.30479719672186	0.8593799832897204	0.0	254.8507469652531	-0.2052485847895644	0.19460701644576683	110	110	15	95	0.8636363636363636	0.9167431163829308	114	0.475	126	88.6010655427128	0.874619172930184	0.0	270.9291276231429	-0.28006662916212516	0.20377858268611926	-22	-22	-5	-17	0.015151515151515138	0.03275097675668126	-17	-0.0708333333333333	17	4.2962683459909385	0.015239189640463557	0.0	16.078380657889795	-0.07481804437256076	0.009171566240352425	5.096113731186339	6.308939977359358	0.7843762239296208	0.9995310832265738	0.010995521044320193	pca_count_change_gte_10;rejected_count_change_gte_10;design_rank_change_gte_10;denoised_temporal_correlation_lt_0_95;denoised_dvars_change_gte_5_percent
11565	01	ugr	2	sub-11565_ses-01_task-ugr_run-2	syngo MR XA60	0	240	240	highest_combined_rank_fraction	mdl	132	132	20	112	0.8484848484848485	0.8839921396262496	131	0.5458333333333333	109	84.30479719672186	0.8593799832897204	0.0	254.8507469652531	-0.2052485847895644	0.19460701644576683	71	71	9	62	0.8732394366197183	0.9116309226945334	81	0.3375	159	75.65246993076059	0.825739514295035	0.0	321.04578517647116	0.09989451847684683	0.17018495323105376	-61	-61	-11	-50	0.02475458813486975	0.027638783068283823	-50	-0.20833333333333326	50	-8.652327265961276	-0.033640468994685424	0.0	66.19503821121805	0.30514310326641125	-0.024422063214713075	-10.263149374253777	25.974041276890283	0.6747380089129794	0.9988840182199017	0.015783367943614606	pca_count_change_gte_10;rejected_count_change_gte_10;design_rank_change_gte_10;denoised_temporal_correlation_lt_0_95;denoised_dvars_change_gte_5_percent
11598	01	doors	1	sub-11598_ses-01_task-doors_run-1	syngo MR XA60	0	218	218	highest_combined_rank_fraction	kic	128	128	21	107	0.8359375	0.7422726878090119	125	0.573394495412844	93	65.43640415721433	0.7122747304662077	0.0	308.06915699165495	0.04198903592215223	0.3624323240827153	111	111	18	93	0.8378378378378378	0.7507368510550394	111	0.5091743119266054	107	64.62118377709886	0.7041892836599393	0.0	324.60274055303796	0.10135195441499081	0.34640298906502986	-17	-17	-3	-14	0.0019003378378378288	0.0084641632460275	-14	-0.06422018348623859	14	-0.8152203801154627	-0.008085446806268437	0.0	16.53358356138301	0.05936291849283858	-0.016029335017685442	-1.2458208708364442	5.366841563380159	0.9077801204241309	0.9992721545103992	0.010655911651083578	pca_count_change_gte_10;rejected_count_change_gte_10;design_rank_change_gte_10;denoised_temporal_correlation_lt_0_95;denoised_dvars_change_gte_5_percent
11598	01	doors	1	sub-11598_ses-01_task-doors_run-1	syngo MR XA60	0	218	218	highest_combined_rank_fraction	mdl	128	128	21	107	0.8359375	0.7422726878090119	125	0.573394495412844	93	65.43640415721433	0.7122747304662077	0.0	308.06915699165495	0.04198903592215223	0.3624323240827153	68	68	16	52	0.7647058823529411	0.6947841228277332	70	0.3211009174311927	148	55.37607672009851	0.5959483799265473	0.0	406.9747512388729	0.4018001005275347	0.247665553344243	-60	-60	-5	-55	-0.07123161764705888	-0.047488564981278736	-55	-0.25229357798165136	55	-10.060327437115816	-0.11632635053966045	0.0	98.90559424721795	0.3598110646053824	-0.1147667707384723	-15.374205790625906	32.1049972068113	0.6927117179121914	0.9969762116697005	0.021572429742661044	pca_count_change_gte_10;rejected_count_change_gte_10;design_rank_change_gte_10;denoised_temporal_correlation_lt_0_95;denoised_dvars_change_gte_5_percent
11598	01	socialdoors	1	sub-11598_ses-01_task-socialdoors_run-1	syngo MR XA60	0	218	218	highest_combined_rank_fraction	kic	121	121	19	102	0.8429752066115702	0.8279565534207612	120	0.5504587155963303	98	78.54631384175087	0.7768780230248205	0.0	325.6474918362265	-0.11156912207518896	0.3076514439093514	106	106	16	90	0.8490566037735849	0.7779014192980346	108	0.4954128440366973	110	69.95239019291304	0.7204555615914625	0.0	348.61802230512836	-0.016347468256317027	0.2878053372467344	-15	-15	-3	-12	0.006081397162014723	-0.05005513412272666	-12	-0.05504587155963303	12	-8.59392364883783	-0.05642246143335794	0.0	22.97053046890187	0.09522165381887193	-0.01984610666261699	-10.9412182806595	7.053802361374897	0.8636306514579473	0.998886842726266	0.01425533652694904	pca_count_change_gte_10;rejected_count_change_gte_10;design_rank_change_gte_10;denoised_temporal_correlation_lt_0_95;denoised_dvars_change_gte_5_percent
11598	01	socialdoors	1	sub-11598_ses-01_task-socialdoors_run-1	syngo MR XA60	0	218	218	highest_combined_rank_fraction	mdl	121	121	19	102	0.8429752066115702	0.8279565534207612	120	0.5504587155963303	98	78.54631384175087	0.7768780230248205	0.0	325.6474918362265	-0.11156912207518896	0.3076514439093514	61	61	9	52	0.8524590163934426	0.8631506380963908	70	0.3211009174311927	148	70.69277654302482	0.7169936341928989	0.0	422.8590133782967	-0.01708615773427848	0.3148687018155293	-60	-60	-10	-50	0.009483809781872354	0.03519408467562957	-50	-0.22935779816513763	50	-7.853537298726053	-0.0598843888319216	0.0	97.21152154207022	0.09448296434091048	0.007217257906177887	-9.998607082375324	29.851764247875586	0.6848562388255717	0.9976222396121066	0.019710980445955133	pca_count_change_gte_10;rejected_count_change_gte_10;design_rank_change_gte_10;denoised_temporal_correlation_lt_0_95;denoised_dvars_change_gte_5_percent
11598	01	ugr	1	sub-11598_ses-01_task-ugr_run-1	syngo MR XA60	0	240	240	highest_combined_rank_fraction	kic	161	161	27	134	0.8322981366459627	0.7946556813140055	153	0.6375	87	64.36171176808041	0.7931107604334874	0.0	345.31530046863315	0.3915025842973173	0.24744157828185287	136	136	27	109	0.8014705882352942	0.7684879698836256	128	0.5333333333333333	112	59.29466277950056	0.7535996479489552	0.0	392.93916310440807	0.456525790232411	0.2417857969611078	-25	-25	0	-25	-0.030827548410668593	-0.026167711430379992	-25	-0.10416666666666663	25	-5.067048988579849	-0.03951111248453221	0.0	47.62386263577491	0.0650232059350937	-0.005655781320745068	-7.872769150140603	13.791413983435943	0.7729959313369359	0.9982189785683471	0.017135837318288216	pca_count_change_gte_10;rejected_count_change_gte_10;design_rank_change_gte_10;denoised_temporal_correlation_lt_0_95;denoised_dvars_change_gte_5_percent
11598	01	ugr	1	sub-11598_ses-01_task-ugr_run-1	syngo MR XA60	0	240	240	highest_combined_rank_fraction	mdl	161	161	27	134	0.8322981366459627	0.7946556813140055	153	0.6375	87	64.36171176808041	0.7931107604334874	0.0	345.31530046863315	0.3915025842973173	0.24744157828185287	82	82	17	65	0.7926829268292683	0.8461300030146652	84	0.35	156	62.385975920067544	0.7699490508993382	0.0	439.0195631037292	0.5171970043247426	0.24712255233687164	-79	-79	-10	-69	-0.03961520981669442	0.051474321700659686	-69	-0.2875	69	-1.9757358480128673	-0.0231617095341492	0.0	93.70426263509603	0.12569442002742526	-0.0003190259449812327	-3.0697378825662542	27.135855986667373	0.5636093946120602	0.9964790589367027	0.023892834704178082	pca_count_change_gte_10;rejected_count_change_gte_10;design_rank_change_gte_10;denoised_temporal_correlation_lt_0_95;denoised_dvars_change_gte_5_percent
11598	01	ugr	2	sub-11598_ses-01_task-ugr_run-2	syngo MR XA60	0	240	240	highest_combined_rank_fraction	kic	136	136	22	114	0.8382352941176471	0.7608574671099381	133	0.5541666666666667	107	65.14874791689951	0.7378345327139002	0.0	345.0097417902916	0.3075753313877853	0.19366137314500764	114	114	21	93	0.8157894736842105	0.751520428316405	112	0.4666666666666667	128	62.17045823978965	0.7099298241497222	0.0	362.61176304463845	0.21238616785626388	0.21528474083345284	-22	-22	-1	-21	-0.02244582043343657	-0.009337038793533092	-21	-0.08750000000000002	21	-2.9782896771098564	-0.027904708564178038	0.0	17.602021254346823	-0.09518916353152143	0.021623367688445194	-4.5715225116971	5.101891083714939	0.8511922792378519	0.9988222529251645	0.013620517411171758	pca_count_change_gte_10;rejected_count_change_gte_10;design_rank_change_gte_10;denoised_temporal_correlation_lt_0_95;denoised_dvars_change_gte_5_percent
11598	01	ugr	2	sub-11598_ses-01_task-ugr_run-2	syngo MR XA60	0	240	240	highest_combined_rank_fraction	mdl	136	136	22	114	0.8382352941176471	0.7608574671099381	133	0.5541666666666667	107	65.14874791689951	0.7378345327139002	0.0	345.0097417902916	0.3075753313877853	0.19366137314500764	73	73	14	59	0.8082191780821918	0.7830241355992669	78	0.325	162	60.19750220638167	0.6936514984072739	0.0	392.1500624792091	0.3539300657501495	0.1856618634710686	-63	-63	-8	-55	-0.030016116035455287	0.0221666684893288	-55	-0.22916666666666669	55	-4.9512457105178385	-0.04418303430662629	0.0	47.140320688917484	0.0463547343623642	-0.007999509673939031	-7.599909236680036	13.663475252699078	0.6669571589147715	0.9971044811300694	0.0211788403380457	pca_count_change_gte_10;rejected_count_change_gte_10;design_rank_change_gte_10;denoised_temporal_correlation_lt_0_95;denoised_dvars_change_gte_5_percent
11679	01	sharedreward	1	sub-11679_ses-01_task-sharedreward_run-1	syngo MR XA60	2	255	253	scanner_control:syngo MR XA60	kic	46	46	19	27	0.5869565217391305	0.7689070172496895	48	0.18823529411764706	207	110.51063532057555	0.5535417146839168	0.0	307.1870364009146	-0.021171853148295203	0.34137127534702816	39	39	16	23	0.5897435897435898	0.7931893191224303	44	0.17254901960784313	211	110.8858205988251	0.55752855387727	0.0	293.6599591275397	0.024990195438835655	0.38491812086651866	-7	-7	-3	-4	0.00278706800445927	0.02428230187274083	-4	-0.01568627450980392	4	0.3751852782495604	0.003986839193353187	0.0	-13.527077273374914	0.046162048587130855	0.04354684551949051	0.33950151237589177	-4.403531292160556	0.9350610669434741	0.9998041900965658	0.006615319755674082	denoised_temporal_correlation_lt_0_95
11679	01	sharedreward	1	sub-11679_ses-01_task-sharedreward_run-1	syngo MR XA60	2	255	253	scanner_control:syngo MR XA60	mdl	46	46	19	27	0.5869565217391305	0.7689070172496895	48	0.18823529411764706	207	110.51063532057555	0.5535417146839168	0.0	307.1870364009146	-0.021171853148295203	0.34137127534702816	25	25	11	14	0.56	0.7399409281008514	35	0.13725490196078433	220	102.73260184294374	0.47452289276076165	0.0	334.0239276712283	0.06543522878184231	0.4191168849661683	-21	-21	-8	-13	-0.026956521739130435	-0.028966089148838026	-13	-0.05098039215686273	13	-7.7780334776318085	-0.07901882192315512	0.0	26.836891270313686	0.08660708193013751	0.07774560961914012	-7.038266909848854	8.736335876911303	0.8895805510984065	0.9996991961026879	0.007901837531994199	pca_count_change_gte_10;rejected_count_change_gte_10;design_rank_change_gte_10;denoised_temporal_correlation_lt_0_95;denoised_dvars_change_gte_5_percent
11720	01	doors	1	sub-11720_ses-01_task-doors_run-1	syngo MR XA60	0	218	218	highest_combined_rank_fraction	kic	107	107	3	104	0.9719626168224299	0.9724131528754711	122	0.5596330275229358	96	73.9997240761438	0.8726954737060109	0.0	286.7007338593496	-0.44490480418269707	0.1685227579795845	90	90	3	87	0.9666666666666667	0.9714423608150202	105	0.481651376146789	113	67.57719969517379	0.8473643133323046	0.0	316.1242494796601	-0.43734762327541254	0.11902965952530242	-17	-17	0	-17	-0.005295950155763229	-0.0009707920604509201	-17	-0.07798165137614677	17	-6.422524380970017	-0.025331160373706307	0.0	29.423515620310468	0.007557180907284522	-0.04949309845428207	-8.679119363149793	10.262797455811583	0.8907494528264902	0.9997037892133898	0.008935769767955785	pca_count_change_gte_10;rejected_count_change_gte_10;design_rank_change_gte_10;denoised_temporal_correlation_lt_0_95;denoised_dvars_change_gte_5_percent
11720	01	doors	1	sub-11720_ses-01_task-doors_run-1	syngo MR XA60	0	218	218	highest_combined_rank_fraction	mdl	107	107	3	104	0.9719626168224299	0.9724131528754711	122	0.5596330275229358	96	73.9997240761438	0.8726954737060109	0.0	286.7007338593496	-0.44490480418269707	0.1685227579795845	61	61	2	59	0.9672131147540983	0.984151631789398	77	0.3532110091743119	141	59.871339547246066	0.8005746387611519	0.0	363.3572172940462	-0.2715065507311734	0.09870831203922326	-46	-46	-1	-45	-0.004749502068331579	0.011738478913926875	-45	-0.20642201834862384	45	-14.12838452889774	-0.07212083494485899	0.0	76.65648343469661	0.17339825345152365	-0.06981444594036124	-19.092482715692288	26.737456302537037	0.7233113651640355	0.9990301571159335	0.015565150926177116	pca_count_change_gte_10;rejected_count_change_gte_10;design_rank_change_gte_10;denoised_temporal_correlation_lt_0_95;denoised_dvars_change_gte_5_percent
11909	01	sharedreward	1	sub-11909_ses-01_task-sharedreward_run-1	syngo MR XA60	0	255	255	highest_combined_rank_fraction	kic	139	139	8	131	0.9424460431654677	0.9640265266422616	150	0.5882352941176471	105	109.25419364813669	0.9084824750766576	0.0	279.7274379290982	-0.3668969128219587	0.4541449791629997	117	117	11	106	0.905982905982906	0.9287335755633093	125	0.49019607843137253	130	89.13112705508154	0.8587889382455444	0.0	316.02074194878907	-0.16710232192842905	0.31435020026434213	-22	-22	3	-25	-0.03646313718256167	-0.03529295107895236	-25	-0.09803921568627455	25	-20.123066593055157	-0.049693536831113216	0.0	36.29330401969088	0.19979459089352963	-0.13979477889865755	-18.418575911020284	12.974524161226562	0.7670347764715398	0.9995901536454598	0.010729664525541997	pca_count_change_gte_10;rejected_count_change_gte_10;design_rank_change_gte_10;denoised_temporal_correlation_lt_0_95;denoised_dvars_change_gte_5_percent
11909	01	sharedreward	1	sub-11909_ses-01_task-sharedreward_run-1	syngo MR XA60	0	255	255	highest_combined_rank_fraction	mdl	139	139	8	131	0.9424460431654677	0.9640265266422616	150	0.5882352941176471	105	109.25419364813669	0.9084824750766576	0.0	279.7274379290982	-0.3668969128219587	0.4541449791629997	73	73	15	58	0.7945205479452054	0.8511692540341628	77	0.30196078431372547	178	64.81992447565214	0.7367483315197443	0.0	428.03075297418604	0.2811918854249241	0.5661621340007876	-66	-66	7	-73	-0.14792549522026222	-0.11285727260809886	-73	-0.2862745098039216	73	-44.43426917248455	-0.1717341435569133	0.0	148.30331504508786	0.6480887982468828	0.11201715483778796	-40.67053875807207	53.01707838995684	0.5347441557136594	0.9986221012474246	0.01912054478917384	pca_count_change_gte_10;rejected_count_change_gte_10;design_rank_change_gte_10;denoised_temporal_correlation_lt_0_95;denoised_dvars_change_gte_5_percent
11909	01	sharedreward	2	sub-11909_ses-01_task-sharedreward_run-2	syngo MR XA60	0	255	255	highest_combined_rank_fraction	kic	126	126	14	112	0.8888888888888888	0.8990689730033821	131	0.5137254901960784	124	94.98005383735754	0.8436321671566436	0.0	297.5635600764532	-0.014858657664304404	0.3389069413230822	109	109	13	96	0.8807339449541285	0.8811519323369591	115	0.45098039215686275	140	86.55776196094044	0.815304209682906	0.0	360.00675023188796	0.17354140311628685	0.3324140995862236	-17	-17	-1	-16	-0.00815494393476035	-0.017917040666422968	-16	-0.06274509803921563	16	-8.422291876417106	-0.02832795747373762	0.0	62.44319015543476	0.18840006078059127	-0.006492841736858601	-8.867432198805988	20.984824263895483	0.7799750929856738	0.9992155033514377	0.012426644754013134	pca_count_change_gte_10;rejected_count_change_gte_10;design_rank_change_gte_10;denoised_temporal_correlation_lt_0_95;denoised_dvars_change_gte_5_percent
11909	01	sharedreward	2	sub-11909_ses-01_task-sharedreward_run-2	syngo MR XA60	0	255	255	highest_combined_rank_fraction	mdl	126	126	14	112	0.8888888888888888	0.8990689730033821	131	0.5137254901960784	124	94.98005383735754	0.8436321671566436	0.0	297.5635600764532	-0.014858657664304404	0.3389069413230822	69	69	21	48	0.6956521739130435	0.7222965768759485	67	0.2627450980392157	188	60.258956002539264	0.6218925717213548	0.0	474.61230676387214	0.4430176465096014	0.2109139044891155	-57	-57	7	-64	-0.19323671497584538	-0.17677239612743356	-64	-0.2509803921568627	64	-34.72109783481828	-0.22173959543528876	0.0	177.04874668741894	0.4578763041739058	-0.12799303683396668	-36.55619936189358	59.49947185802243	0.6290354119012141	0.997931978892257	0.019840569045287235	pca_count_change_gte_10;rejected_count_change_gte_10;design_rank_change_gte_10;denoised_temporal_correlation_lt_0_95;denoised_dvars_change_gte_5_percent
11922	01	sharedreward	2	sub-11922_ses-01_task-sharedreward_run-2	syngo MR XA60	0	255	255	highest_combined_rank_fraction	kic	149	149	21	128	0.8590604026845637	0.8394862863368091	147	0.5764705882352941	108	81.61260746213406	0.8062495914249203	0.0	311.6291304044712	0.06392324070395643	0.40440843977240515	126	126	21	105	0.8333333333333334	0.824659033574314	124	0.48627450980392156	131	75.85812421905986	0.7730571893799132	0.0	329.482232290978	0.2226162383038554	0.36550173933152696	-23	-23	0	-23	-0.02572706935123037	-0.01482725276249508	-23	-0.0901960784313725	23	-5.754483243074205	-0.03319240204500706	0.0	17.853101886506806	0.15869299759989897	-0.038906700440878184	-7.0509733998440405	5.728957964659729	0.7571187861255363	0.999007211007667	0.013998869427130982	pca_count_change_gte_10;rejected_count_change_gte_10;design_rank_change_gte_10;denoised_temporal_correlation_lt_0_95;denoised_dvars_change_gte_5_percent
11922	01	sharedreward	2	sub-11922_ses-01_task-sharedreward_run-2	syngo MR XA60	0	255	255	highest_combined_rank_fraction	mdl	149	149	21	128	0.8590604026845637	0.8394862863368091	147	0.5764705882352941	108	81.61260746213406	0.8062495914249203	0.0	311.6291304044712	0.06392324070395643	0.40440843977240515	76	76	18	58	0.7631578947368421	0.791803996986097	77	0.30196078431372547	178	63.62142817187211	0.6896280435442359	0.0	425.4342321055875	0.5986847958815659	0.39780248678739716	-73	-73	-3	-70	-0.0959025079477216	-0.04768228935071206	-70	-0.2745098039215686	70	-17.991179290261954	-0.11662154788068435	0.0	113.80510170111631	0.5347615551776095	-0.00660595298500799	-22.0446078733722	36.51940418837155	0.5878269693095081	0.9979703003258474	0.02005831730735884	pca_count_change_gte_10;rejected_count_change_gte_10;design_rank_change_gte_10;denoised_temporal_correlation_lt_0_95;denoised_dvars_change_gte_5_percent
12008	01	trust	2	sub-12008_ses-01_task-trust_run-2	syngo MR XA60	1	280	279	highest_combined_rank_fraction	kic	153	153	5	148	0.9673202614379085	0.9909894290035316	164	0.5857142857142857	116	116.82129326706547	0.9925794521140714	0.0	443.6820384807621	-0.2404496340042209	0.46306196502137786	119	119	8	111	0.9327731092436975	0.9873231214034552	127	0.45357142857142857	153	100.24766331526779	0.9899654395325587	0.0	496.87618714926555	-0.2553435998144538	0.3122375624126277	-34	-34	3	-37	-0.034547152194211006	-0.0036663076000763573	-37	-0.13214285714285717	37	-16.573629951797685	-0.0026140125815127258	0.0	53.19414866850343	-0.014893965810232918	-0.15082440260875019	-14.187165274663297	11.989249970688165	0.7441602458187813	0.9994501036086194	0.009370581315264024	pca_count_change_gte_10;rejected_count_change_gte_10;design_rank_change_gte_10;denoised_temporal_correlation_lt_0_95;denoised_dvars_change_gte_5_percent
12008	01	trust	2	sub-12008_ses-01_task-trust_run-2	syngo MR XA60	1	280	279	highest_combined_rank_fraction	mdl	153	153	5	148	0.9673202614379085	0.9909894290035316	164	0.5857142857142857	116	116.82129326706547	0.9925794521140714	0.0	443.6820384807621	-0.2404496340042209	0.46306196502137786	64	64	2	62	0.96875	0.9947591167789092	78	0.2785714285714286	202	87.56742574923929	0.9866085179980585	0.0	588.9496609566153	-0.10371067301277181	0.08173401289014803	-89	-89	-3	-86	0.0014297385620914982	0.0037696877753775615	-86	-0.30714285714285716	86	-29.25386751782618	-0.005970934116012905	0.0	145.26762247585316	0.13673896099144908	-0.38132795213122983	-25.041554240414747	32.74138005975464	0.5972330614521796	0.9988864299745992	0.012839026405884758	pca_count_change_gte_10;rejected_count_change_gte_10;design_rank_change_gte_10;denoised_temporal_correlation_lt_0_95;denoised_dvars_change_gte_5_percent
