subject	cjv	cnr	efc	fber	snr	wm2max	qi_1	qi_2	inu_med	inu_range	rpve	summary_wm_mean	summary_wm_stdv	summary_gm_mean	summary_gm_stdv	summary_csf_mean	summary_csf_stdv	fwhm_avg	fwhm_x	fwhm_y	fwhm_z
sub-10317
sub-10317_ses	5.718609523809524	0.2201002496100583	0.5392	2704	NA	0.5	0	0.0007599207093063184	1.0021096467971802	0.26261512041091906	NA	325.6438	55.3063	345.7257	74.0828	181.5665	117.2403	2.5117448658275356	2.7511738181818184	3.040872727272727	1.7431880520280616
sub-10369
sub-10369_ses	4.394857142857142	0.2609325532210973	0.5745	1740.0816	NA	0.5209348910532409	0	0.000869990106459324	0.8686955571174622	0.20382583141326904	NA	369.7555	63.5059	390.3523	74.0664	183.7357	129.5286	2.5530516965025023	2.8505250909090907	3.1326720000000003	1.6759579985984157
sub-10402
sub-10402_ses	4.447807692307692	0.2396982314209423	0.5541	969.8776	NA	0.5254237288135594	0	0.0012349507273398533	0.9955530166625977	0.35962936878204355	NA	317.1037	65.3873	339.6737	71.9399	134.459	108.3675	2.868602906823677	3.1858967272727274	3.5433427912141826	1.876569201984122
sub-10418
sub-10418_ses	68.1997	0.023341536696871668	0.5658	1324.96	NA	0.4456692913385827	0	0.0013024050243269861	0.9183832406997681	0.2604137897491454	NA	286.6476	44.313	281.8226	67.3326	99.9699	77.6516	2.717971004961555	3.0413728799651487	3.3167941818181816	1.7957459531013358
sub-10462
sub-10462_ses	5.396672	0.22544628062551408	0.6065	1235.0204	NA	0.47685185185185186	0	0.0014705547556010466	0.9970855116844177	0.2835989147424697	NA	317.7282	60.7981	336.9342	76.5982	172.2503	123.8636	2.5553607169927997	2.841925818181818	3.0863709090909093	1.737785423705672
sub-10478
sub-10478_ses	3.5320823529411767	0.31944855495937735	0.5396	1936	NA	0.5374823196605375	0	0.0011767649492469647	0.9560803771018982	0.24602512419223777	NA	389.1234	65.4207	414.6497	76.0216	204.7663	141.4573	2.6071812170916684	3.0017047272727275	3.077794909090909	1.742044014911368
sub-10486
sub-10486_ses	6.788757894736842	0.1898980491162154	0.5255	2584.0278	NA	0.5128174148496999	0	0.0007131873752721214	0.942321240901947	0.20774744749069218	NA	387.9773	57.2574	404.2596	75.8641	177.0678	129.2441	2.678381155027014	3.0226734545454543	3.2707723636363637	1.7416976468992236
sub-10529
sub-10529_ses	22.239042857142856	0.06790625715709818	0.5553	1534.0278	NA	0.5383411580594679	0	0.0007533439938686576	0.8569119572639465	0.20663996040821075	NA	351.4836	60.1744	355.0966	77.1964	130.8007	95.5006	2.6759955482828226	3.0366370909090907	3.1885614545454546	1.8027880993939236
sub-10541
sub-10541_ses	142.3299	0.01068377507031172	0.5845	768.0816	NA	0.5067114093959731	0	0.0010851170989372738	0.957439124584198	0.28866082429885864	NA	308.6456	54.1556	306.0992	72.1282	115.7372	84.6678	2.7342835819405065	3.088779636363636	3.2758690909090906	1.8382020185487933
sub-10559
sub-10559_ses	3.5692296296296298	0.2707418423486272	0.5888	471.5102	NA	0.4381139489194499	0	0.0006931518915357779	0.9514510035514832	0.28629919290542527	NA	227.3494	58.1776	251.4579	63.8144	165.2535	98.2681	2.4313675253821048	2.8958487272727274	3.0645178181818182	1.333736030691768
sub-10572
sub-10572_ses	10.9341875	0.12708870818074994	0.531	1008.0625	NA	0.42736842105263156	0	0.0007835783776557407	0.9369318783283234	0.28567448556423125	NA	207.4902	37.4933	213.2069	47.5303	86.3369	63.9894	2.5187988602714557	2.893405090909091	2.9827260250581236	1.6802654648471527
sub-10581
sub-10581_ses	15.382000000000001	0.08876751989761361	0.5951	774.6944	NA	0.514018691588785	0	0.0016145166312001057	0.9396916627883911	0.32581615447998047	NA	281.1305	52.8916	287.0722	65.0271	125.3187	87.505	2.586991037093694	2.886504727272727	3.0778416680188037	1.7966267159895526
sub-10585
sub-10585_ses	10.243436363636363	0.14173295893517954	0.5588	1505.44	NA	0.4732965009208103	0	0.0011402241593099335	0.8051231205463409	0.23629605174064638	NA	262.6587	43.7234	269.8243	56.6291	123.0658	86.3916	2.473521175049345	2.8121134545454542	2.957463272727273	1.6509867978753088
sub-10589
sub-10589_ses	2.0650535714285714	0.47249991295452964	0.581	1863.3611	NA	0.4616419919246299	0	0.0015938849129589613	0.831263542175293	0.23619356751441956	NA	354.5865	69.2251	400.4455	84.8246	161.7775	123.0572	2.7506924311942336	3.096285090909091	3.368168727272727	1.787623475400883
sub-10590
sub-10590_ses	7.330644444444443	0.1818233166296609	0.5459	2766.76	NA	0.4817033936073494	0	0.0005920878373757473	0.9710450768470764	0.28030875027179714	NA	350.3625	58.2712	366.0696	76.1074	153.7659	113.6867	2.657397527991864	2.949632	3.2108450909090913	1.8117154930665011
sub-10596
sub-10596_ses	3.060858064516129	0.37074754337938565	0.5451	1248.4444	NA	0.48338517273094794	0	0.0006613505066238176	0.9083103239536285	0.22790244221687317	NA	281.8795	52.1758	306.3511	60.9728	158.1512	110.1854	2.582158595275596	2.9388799999999997	3.133754181818182	1.673841604008607
sub-10603
sub-10603_ses	11.860816666666665	0.1295488488921245	0.5331	1381.3611	NA	0.5993265993265994	0	0.001344182001358664	0.49198055267333984	0.07183253318071353	NA	360.2865	54.9661	346.9041	69.0578	125.8501	98.8194	2.7799313051184207	3.2262865454545455	3.4370676363636368	1.6764397335370806
sub-10606
sub-10606_ses	3.706506666666667	0.29365492503264534	0.5396	1788.0816	NA	0.4891304347826087	0	0.0020067007190811815	1.0079944133758545	0.2290561497211454	NA	365.7331	63.3748	389.6544	72.6886	208.6814	137.2619	2.4610425244963197	2.7542225454545455	2.971845818181818	1.6570592098525956
sub-10608
sub-10608_ses	3.47485	0.33350883398940967	0.4987	1347.9388	NA	0.30165289256198347	0	0.0008177960712343996	1.0321035385131836	0.2548835426568985	NA	371.4634	59.3647	397.3437	69.3578	200.4675	142.4861	2.704715014510698	3.031517090909091	3.2998516363636363	1.7827763162593666
sub-10617
sub-10617_ses	145.2951	0.010441442143028563	0.5493	1320.1111	NA	0.4761215629522431	0	0.00117491399924765	0.9023932814598083	0.21545261740684496	NA	334.8098	54.3814	332.551	72.7809	118.6474	94.7646	2.695261604144413	3.103080727272727	3.237632	1.7450720851605124
sub-10636
sub-10636_ses	2.644643243243243	0.3594820828193152	0.5223	2288.0278	NA	0.5510204081632653	0	0.0010768412002208937	0.46737661957740784	0.07307117879390718	NA	358.4101	60.3324	387.333	66.4964	185.8303	127.2197	2.4308913846268627	2.7426909090909093	2.9074152727272726	1.6425679720624065
sub-10638
sub-10638_ses	142.3299	0.01114689177921241	0.5221	1600	NA	0.4408322496749025	0	0.00152903334826599	0.8934609293937683	0.2053540170192718	NA	343.7381	47.9737	340.8994	69.1805	130.6369	90.6642	2.6169914198933615	2.9302574545454547	3.1995694545454545	1.7211473505891761
sub-10640
sub-10640_ses	3.706506666666667	0.2656267152862455	0.579	1554.6122	NA	0.4597972865464714	0	0.0013968931273091812	1.010904848575592	0.26196471452713	NA	360.8897	58.6895	384.2143	70.5665	214.4499	128.9956	2.571748627646265	2.8738792727272724	3.092608	1.7487586102115231
sub-10641
sub-10641_ses	2.4992457142857143	0.42869052997124346	0.5335	1296	NA	0.23809523809523808	0	0.0013415522518931864	1.0301542282104492	0.24868159890174857	NA	270.5542	45.8072	298.7432	57.7057	153.7363	108.9759	2.574160237591789	2.8985250909090907	3.1521514913546125	1.671804130511664
sub-10642
sub-10642_ses	4.165409523809524	0.2728204192441887	0.5187	1552.36	NA	0.5391969407265774	0	0.0016807225780058777	0.8938249945640564	0.23532911539077772	NA	288.2106	48.9139	304.786	55.7166	149.649	104.043	2.6011318734684905	2.921704727272727	3.1190225454545457	1.7626683476781984
sub-10644
sub-10644_ses	12.534727272727274	0.11410014778833025	0.5359	2025	NA	0.5324283559577677	0	0.0008847760499135764	0.790666401386261	0.15793884396553015	NA	359.3056	54.3295	367.8121	72.4545	148.8503	108.5351	2.6158693179481847	2.896046545454545	3.255656727272727	1.6959046811172813
sub-10647
sub-10647_ses	4.341907142857143	0.26491128942182274	0.5506	2089.7959	NA	0.5090832699126103	0	0.0010409405928209193	0.9704948663711548	0.2530786097049713	NA	402.1197	66.2368	423.4003	75.3015	229.8215	148.454	2.55036471572877	2.8846312727272725	3.056058181818182	1.7104046926408552
sub-10649
sub-10649_ses	5.718609523809524	0.23026108905502599	0.5252	1892.25	NA	0.5102685624012638	0	0.001929295013254281	0.9757769703865051	0.23087277412414553	NA	330.0171	52.0456	346.9846	68.3047	172.1065	116.7994	2.5472748163485703	2.8885643636363634	3.0443287272727275	1.7089313581366206
sub-10652
sub-10652_ses	20.968242857142855	0.06575766761898764	0.5304	1320.1111	NA	0.4841688654353562	0	0.0013685616657873644	1.0056717991828918	0.2326663196086881	NA	374.2351	55.7446	379.3493	74.3134	165.5043	116.0364	2.7314338600249766	3.0287476363636365	3.305762909090909	1.8597910346203836
sub-10656
sub-10656_ses	10.625316666666667	0.11214177382828937	0.577	1800.1837	NA	0.5502717391304348	0	0.001091179040215221	0.9344913363456726	0.18688734769821147	NA	408.3596	51.6139	418.2273	68.9832	201.7936	141.0433	2.678340469075682	3.006138181818182	3.258181818181818	1.770701407227045
sub-10657
sub-10657_ses	80.80185	0.019882962083082427	0.5887	841	NA	0.46909667194928684	0	0.0018904976452646302	0.9858869910240173	0.3215111613273617	NA	301.3375	57.2432	300.7017	76.6807	131.6839	97.4843	2.5822631318423954	2.8879825454545456	3.0945161490065036	1.7642907010661366
sub-10661
sub-10661_ses	8.895614285714286	0.1493838577868883	0.5785	1653.7778	NA	0.504746835443038	0	0.00166784480862759	0.9374857544898987	0.22947143018245675	NA	325.3844	54.5179	337.2276	69.4449	148.0345	106.0195	2.6155007420587144	2.944418909090909	3.1724334545454544	1.7296498625397791
sub-10663
sub-10663_ses	4.388504	0.26121285975407443	0.5166	2100.6944	NA	0.4836173001310616	0	0.0006625498541004773	0.9615141153335571	0.24310016632080078	NA	374.3581	60.2876	394.775	70.6203	197.8237	138.8646	2.774390867651741	3.105733818181818	3.3244974545454546	1.8929413302279503
sub-10668
sub-10668_ses	4.399980645161291	0.2793859638758347	0.5409	1547.1111	NA	0.5211384847507028	0	0.0005958459191412822	0.869820773601532	0.2601396679878234	NA	344.5257	68.6218	368.2244	83.0601	132.9445	112.5398	2.822074739150802	3.2657687272727274	3.3610356363636362	1.839419853816044
sub-10673
sub-10673_ses	15.75265	0.09189840444977572	0.5247	1211.04	NA	0.4664310954063604	0	0.0010138519079321761	0.9927257299423218	0.33130281865596767	NA	270.0497	51.7162	277.4316	67.6099	106.0959	82.8169	2.7522537936372093	3.0823214545454545	3.313035636363636	1.8614042900025376
sub-10674
sub-10674_ses	6.9497	0.1667744193861199	0.5868	1400.898	NA	0.5645933014354066	0	0.001973985322156706	0.7820646166801453	0.1639908671379089	NA	359.4676	56.1503	371.6882	65.622	151.5033	112.3364	2.740294912112102	3.045597090909091	3.3578705454545457	1.8174170999726693
sub-10677
sub-10677_ses	4.986936363636364	0.25492300014450486	0.5545	2304	NA	0.513776337115073	0	0.0012691257141709035	0.9529964327812195	0.19377624988555908	NA	322.9316	45.1924	342.2597	63.9956	136.7545	108.627	2.813843948306262	3.140421818181818	3.4567214545454545	1.8443885721915116
sub-10685
sub-10685_ses	2.379060465116279	0.4540708621378962	0.5516	1764	NA	0.48536209553158705	0	0.0014364294050947712	0.9845305979251862	0.22334352135658264	NA	322.9462	57.1635	357.3087	68.8035	169.0207	120.7746	2.6354995168579363	2.9578356363636362	3.179997090909091	1.7686658233010817
sub-10690
sub-10690_ses	3.7065076923076927	0.30602756939655934	0.5476	1183.36	NA	0.4377224199288256	0	0.001525520578122466	0.9338167607784271	0.3033452332019806	NA	252.3686	52.416	274.6798	62.4187	115.3665	88.2801	2.7325046020391994	3.046842181818182	3.335610181818182	1.8150614424812335
sub-10691
sub-10691_ses	5.11498	0.22633094266525428	0.5437	1521	NA	0.4925864909390445	0	0.000836352210200274	0.7257610559463501	0.16658720970153795	NA	305.9882	53.2718	321.2969	60.3523	160.83	105.733	2.463478124178631	2.806050909090909	2.9472	1.637183463444985
sub-10700
sub-10700_ses	3.7320689655172417	0.3012464041202334	0.5297	1626.7778	NA	0.5186385737439222	0	0.0014237227672471888	0.6570602059364319	0.14340301752090456	NA	326.7446	60.1119	348.181	68.3535	152.095	112.4063	2.5726139903780507	2.954786909090909	3.0381614545454547	1.7248936074977888
sub-10701
sub-10701_ses	2.5244324324324325	0.40789150105780264	0.5718	1547.1111	NA	0.5295169946332737	0	0.001756857989304283	0.9615232944488525	0.2536448836326599	NA	303.0386	56.3167	331.5888	64.3433	150.8376	112.6962	2.7273567732786486	3.0826821818181815	3.2479999999999998	1.8513881380177641
sub-10713
sub-10713_ses	15.769499999999999	0.09648326125604362	0.5692	1005.7959	NA	0.4857142857142857	0	0.000953111826273977	0.8011739253997803	0.18623397350311288	NA	380.2399	57.3764	365.2179	87.0394	126.9415	89.721	2.712276370095146	3.0546618181818186	3.297570909090909	1.7845963830127107
sub-10716
sub-10716_ses	27.428150000000002	0.056499209112262146	0.5759	1008.0625	NA	0.5120567375886524	0	0.001931908370600323	0.9309245944023132	0.2012295842170715	NA	368.2231	56.5781	371.7927	80.1703	144.0779	103.5581	2.5873919324611125	2.954868363636364	3.084811636363636	1.7224957973833366
sub-10718
sub-10718_ses	3.113465	0.3564673341741224	0.5386	1622.9388	NA	0.5122897800776197	0	0.0016787202514094552	0.8488974273204803	0.1979087680578231	NA	404.9401	67.7928	436.362	80.9469	210.0756	136.9399	2.4895396738291473	2.7720029090909093	3.025826909090909	1.6707892033056242
sub-10720
sub-10720_ses	7.314173333333333	0.1719680491106497	0.5129	1600	NA	0.5657894736842105	0	0.0011750632487330431	0.6956677734851837	0.14467701315879822	NA	349.8973	53.3746	361.662	64.1299	149.229	110.8596	2.708489360311616	3.077632	3.266839272727273	1.7809968082075762
sub-10723
sub-10723_ses	4.5767304347826085	0.25095355589575796	0.5779	1308.0278	NA	0.5164075993091537	0	0.0018625792062137267	0.9304170608520508	0.26828260421752925	NA	302.5826	57.7256	320.2046	64.1537	127.0828	95.3363	2.6416452818295277	3.0095941818181817	3.176261818181818	1.7390798454885836
sub-10741
sub-10741_ses	3.768283333333333	0.27586925734512024	0.5738	1431.3611	NA	0.5088852988691438	0	0.0014149056404974133	0.9844278693199158	0.24793478250503542	NA	319.5112	44.2802	340.7295	57.417	171.8962	121.6626	2.6679054851326005	2.950912	3.2537134545454545	1.7990910008523469
sub-10748
sub-10748_ses	6.095144444444445	0.18578784623957764	0.5582	1327.0408	NA	0.5476550680786687	0	0.0009630147995058693	0.6836510896682739	0.1312037706375122	NA	368.5794	56.2059	383.2924	66.0902	153.7002	116.3195	2.753015523516186	3.0948770909090912	3.3693789090909094	1.7947905705485567
sub-10767
sub-10767_ses	2.9261894736842105	0.3491124387532117	0.5598	1923.449	NA	0.4884318766066838	0	0.0008877879176175105	0.9482415318489075	0.21919729709625235	NA	385.947	61.8681	415.1675	70.8852	201.2868	139.0328	2.647489476852075	2.9725905454545454	3.2386441390100558	1.7312337460916232
sub-10770
sub-10770_ses	5.161651851851851	0.19972343508249102	0.5714	1511.2656	NA	0.48768140293798684	0	0.0007984730804517065	0.9919719099998474	0.26094314455986023	NA	403.6687	68.7779	427.585	89.0996	201.6918	143.7697	2.7082583997392096	2.926091636363636	3.3922210909090906	1.8064624719449018
sub-10777
sub-10777_ses	3.2773315789473685	0.34421261012844573	0.565	1316.6531	NA	0.3819951338199513	0	0.0016558004816135876	1.041813313961029	0.3666774868965147	NA	323.1508	64.5368	354.1466	77.7413	194.1602	125.4531	2.4649537624163966	2.758725818181818	2.919563636363636	1.7165718327037367
sub-10781
sub-10781_ses	6.0651909090909095	0.19694798335632194	0.59	1308.0278	NA	0.48242811501597443	0	0.0008820806206441864	0.9956569671630859	0.28114938735961914	NA	309.6895	58.9408	326.916	73.6996	128.4189	103.8016	2.6847118157349894	3.0426763636363634	3.216663272727273	1.7947958108413327
sub-10783
sub-10783_ses	9.760466666666666	0.14186078099801153	0.5673	900	NA	0.4914965986394558	0	0.0013902143451025415	0.9605191946029663	0.22970165312290192	NA	293.0974	45.4812	304.233	61.7537	110.2451	84.908	2.7796412882408013	3.113762909090909	3.416261818181818	1.808899137449676
sub-10785
sub-10785_ses	9.636914285714285	0.12275237854959833	0.5454	1127.0408	NA	0.47474747474747475	0	0.0007171437787677697	1.0029717683792114	0.2611431956291198	NA	337.3517	59.1854	349.2327	78.0805	155.9052	110.837	2.574399149908984	2.8772072727272726	3.0860567272727275	1.7599334497269516
sub-10794
sub-10794_ses	3.1770057142857144	0.34367308099708804	0.5794	1509.8776	NA	0.46236559139784944	0	0.0014606863398084226	0.99642014503479	0.25091633200645447	NA	351.6255	57.8264	382.011	73.1761	207.8974	141.7831	2.6730925180946628	2.940008931186255	3.297524363636364	1.7817442594613704
sub-10800
sub-10800_ses	2.6610820512820514	0.37578279031285244	0.5691	1265.3265	NA	0.49611197511664074	0	0.0009524483294992668	0.49256688356399536	0.09112820029258728	NA	327.8621	62.4181	356.391	67.5423	164.1176	114.9684	2.463682202914286	2.7889920000000004	2.978850909090909	1.6232036996519494
sub-10801
sub-10801_ses	5.789209523809523	0.21967048541800785	0.5013	1778.0278	NA	0.5352323838080959	0	0.00104377849684163	0.8850691318511963	0.21079978942871092	NA	361.1633	59.4139	378.08	70.7172	151.0649	115.9157	2.787031142471056	3.1313803636363637	3.433611636363636	1.7961014274131675
sub-10802
sub-10802_ses	5.789209523809523	0.21118233003077702	0.5686	1347.9388	NA	0.518628912071535	0	0.0009732216608906613	0.9795880913734436	0.2889603614807129	NA	355.4619	60.5578	371.8346	72.1281	172.461	123.4368	2.745128901665412	3.1579461818181818	3.275229090909091	1.802211432268963
sub-10803
sub-10803_ses	6.764374999999999	0.17235126946889	0.5286	2025	NA	0.5823817292006526	0	0.0018900108551289675	0.7678509652614594	0.16414301991462676	NA	361.2454	56.3531	373.1136	65.7993	159.7389	117.5788	2.768332007921742	3.191296	3.3230894545454546	1.7906105692197702
sub-10804
sub-10804_ses	3.3040857142857143	0.3407704127549296	0.5359	2116	NA	0.5239567233384853	0	0.001288690717373707	0.9139781892299652	0.2708122879266739	NA	347.4517	65.2252	375.286	74.1942	191.4023	130.7798	2.6593032438018303	3.015936	3.191959272727273	1.7700144586782192
sub-10806
sub-10806_ses	4.337985185185185	0.26721547246518085	0.5667	1139.0625	NA	0.5298621745788668	0	0.0015097838786706768	0.9573772549629211	0.2300626158714294	NA	352.4479	58.6025	373.8976	70.4894	176.8994	122.3166	2.6169818652726042	3.000157090909091	3.175458909090909	1.6753295958178127
sub-10807
sub-10807_ses	9.001514285714284	0.11978102532582521	0.6049	606.3906	NA	0.5107438016528926	0	0.0014543942243358898	0.9684773683547974	0.2603778839111328	NA	315.5453	58.8197	327.109	72.398	144.6531	99.9653	2.5478721671102877	2.870935272727273	3.062411636363636	1.710269592239954
sub-10809
sub-10809_ses	54.121	0.028836646775487917	0.5692	13735.1949	NA	0.6436781664473581	0	0.0009708223524483779	0.9591377973556519	0.21513390541076638	NA	1046.3138	122.5889	1051.5743	207.0102	371.001	292.0321	2.6962003308417266	3.006778181818182	3.269376	1.8124468107069978
sub-10810
sub-10810_ses	40.771575	0.03613622461259484	0.5504	1045.4444	NA	0.506872852233677	0	0.0007532287724356329	0.8771024346351624	0.27860441207885733	NA	301.6111	54.602	295.3117	85.6223	110.1682	86.7338	2.7067184846799495	3.0715345454545457	3.1837789090909094	1.8648419994943939
sub-10812
sub-10812_ses	79.31925000000001	0.02035102071767376	0.5546	824.5102	NA	0.5069337442218799	0	0.0009927970660196439	0.8454091250896454	0.1619705975055694	NA	333.5541	51.9881	329.3605	76.7929	127.9823	91.5003	2.5217777819807776	2.883432727272727	3.036555846973478	1.6453447716961294
sub-10817
sub-10817_ses	2.4597727272727274	0.4208086962786343	0.5215	1948.5918	NA	0.5167336010709505	0	0.0012049141826245156	0.9385411739349365	0.21355398893356303	NA	392.3336	65.5086	427.5739	74.6467	221.9829	147.7324	2.5927455328971645	2.910405818181818	3.137989818181818	1.7298409623278568
sub-10827
sub-10827_ses	1.7605916666666666	0.502979262681012	0.5737	996.7551	NA	0.49673202614379086	0	0.0014542876253607101	0.6270878911018372	0.12970724105834963	NA	311.2451	55.9023	349.4689	60.3025	189.6935	124.7344	2.550076034456743	2.8083549090909092	3.1103418181818183	1.731531376097501
sub-10831
sub-10831_ses	5.083209523809524	0.22570828941145113	0.5575	937.8906	NA	0.5773195876288659	0	0.0011685522162394409	0.791314423084259	0.19406342506408691	NA	341.081	59.2115	357.4967	64.6134	177.1832	114.8994	2.718906845493404	3.0388596363636364	3.5361978181818183	1.5816630819347568
sub-10834
sub-10834_ses	2.824004761904762	0.3209429048362061	0.5978	1716.3265	NA	0.46291208791208793	0	0.0017346117778642496	1.0153133869171143	0.28956400752067524	NA	346.8045	65.4368	381.348	81.4598	215.8991	143.6125	2.4632813306719172	2.7984756363636363	2.965701818181818	1.6256665374702979
sub-10836
sub-10836_ses	3.134645714285714	0.3491113773260501	0.5726	1764	NA	0.4783748361730013	0	0.001868222456911748	0.9539037346839905	0.20845000445842743	NA	372.3682	54.0167	401.5002	70.6228	211.1094	142.4241	2.557857797260056	2.905088	3.093480727272727	1.6750046645074403
sub-10838
sub-10838_ses	3.5492606060606064	0.30826315952360456	0.5626	1113.8906	NA	0.5092724679029957	0	0.0012453275451234304	0.9104070961475372	0.20863936841487885	NA	362.9341	64.2398	390.0444	76.3706	168.1724	127.234	2.6954958982225183	3.080738909090909	3.2048523636363635	1.8008964219402832
sub-10843
sub-10843_ses	4.8870962962962965	0.23165670981762726	0.5341	1588.5918	NA	0.5454003985187741	0	0.0005224321821657089	0.9646553993225098	0.2727911949157714	NA	398.2479	71.5904	420.5238	87.7878	201.9393	142.722	2.749788101010101	3.0486341818181817	3.3215534545454544	1.8791766666666667
sub-10850
sub-10850_ses	1.993006557377049	0.4894961729458518	0.5672	2025	NA	0.4715549936788875	0	0.0009937418426634224	0.9957932829856873	0.272132360935211	NA	385.0044	76.4319	433.0109	88.5523	246.8039	159.8259	2.6108855575574217	2.926208	3.1878981818181815	1.718550490854084
sub-10854
sub-10854_ses	5.189109090909091	0.22278621693489184	0.5672	706.0408	NA	0.43609580075501253	0	0.0017276094997312201	0.8780857026576996	0.20618728995323177	NA	322.9919	57.3531	341.4899	71.1202	132.6044	105.0972	2.732926149236597	3.0206138181818183	3.3468392727272724	1.8313253568006982
sub-10857
sub-10857_ses	6.242536842105263	0.19183715693623452	0.584	1400.898	NA	0.579454253611557	0	0.0017232753452276909	0.8672895729541779	0.22517933249473576	NA	366.5857	61.93	381.883	70.4457	176.7778	121.5307	2.6174858439409876	2.967319272727273	3.150161454545455	1.734976804550235
sub-10858
sub-10858_ses	12.65233953488372	0.12638838618794376	0.5755	13216.0259	NA	0.6212812211107048	0	0.0008351855307564131	0.953525722026825	0.19318495988845819	NA	1012.7688	130.6515	948.6681	285.147	391.1297	301.811	2.5540274963613396	2.8665949090909093	3.107106909090909	1.6883806709022011
sub-10860
sub-10860_ses	3.865357142857143	0.2367216106652374	0.6053	1327.0408	NA	0.5102040816326531	0	0.00092378186476854	0.9550697207450867	0.25240088701248165	NA	332.5217	55.7731	356.7522	69.516	199.3459	127.9629	2.5376778052431974	2.844637090909091	3.0237321539159496	1.744664170904551
sub-10862
sub-10862_ses	41.512875	0.03389638376907106	0.584	1165.7347	NA	0.4793741109530583	0	0.0010503620853168024	0.9942284822463989	0.2672715157270431	NA	344.9163	59.0966	344.2142	79.4411	145.3482	105.7731	2.5901245685124885	2.9229149090909092	3.1066179663489626	1.7408408300975944
sub-10863
sub-10863_ses	3.369551515151515	0.3067169301985723	0.5767	1701.5625	NA	0.5052219321148825	0	0.0014233906003112801	0.947566956281662	0.21155083477497105	NA	393.6985	53.9348	421.6989	70.0288	235.5407	146.9892	2.5081503118071873	2.7677556363636366	3.0877323636363636	1.6689629354215618
sub-10866
sub-10866_ses	22.71208	0.04565897328270029	0.5786	4009.4096	NA	0.6386793786469394	0	0.0015388089913107178	0.9495876133441925	0.18644438683986675	NA	1126.5335	187.2225	1133.6364	208.7945	396.333	302.4812	2.845972444444444	3.1719447272727272	3.5164392727272724	1.8495333333333335
sub-10875
sub-10875_ses	1.737425	0.4662827320106351	0.5516	1792.1111	NA	0.47555555555555556	0	0.0009004148340094225	0.9224798083305359	0.27185683846473707	NA	332.6954	71.8207	384.2749	83.0751	183.415	137.869	2.705800053409936	2.984064	3.3086603636363634	1.8246757965934453
sub-10881
sub-10881_ses	71.16495	0.02144490022081218	0.5439	890.0278	NA	0.5161870503597122	0	0.0014521781997512938	0.9195778667926788	0.19813719093799564	NA	291.5626	50.7257	293.042	74.2227	110.1207	85.5098	2.600774535860095	2.9931869090909093	3.1177890909090906	1.6913476075802845
sub-10886
sub-10886_ses	27.730913333333334	0.0546663795547205	0.5621	3690.3233	NA	0.6246429112155883	0	0.0010259361945606602	0.9865254759788513	0.3197438657283782	NA	965.8269	126.1902	979.2086	202.8034	396.3758	284.4046	2.578117332635476	2.8667578181818185	3.0852654545454548	1.7823287251791535
sub-10887
sub-10887_ses	6.095144444444445	0.2116742797332028	0.5224	2401	NA	0.5469543147208121	0	0.0007633502435209293	0.9191811084747314	0.26446217894554147	NA	442.9718	78.973	465.4207	96.1435	223.0659	159.3831	2.745262124280592	3.0669614545454547	3.3202385454545458	1.8485863728417755
sub-10896
sub-10896_ses	7.165911111111111	0.1765999477489249	0.5562	1588.5918	NA	0.5183016105417276	0	0.001894673246989202	0.8875364065170288	0.19740777015685995	NA	359.0411	55.0662	372.7593	70.4457	147.4456	111.5713	2.6887751001820512	2.980980363636364	3.3008989090909093	1.7844460278188807
sub-10897
sub-10897_ses	2.2547916666666663	0.45222540787220433	0.5279	1444	NA	0.43346508563899866	0	0.0013045066230315976	0.9456768035888672	0.21527193188667293	NA	335.4856	67.7395	373.4419	73.5651	175.623	122.9528	2.4589500643002533	2.799185454545454	2.9545425454545455	1.6231221929007595
sub-10898
sub-10898_ses	7.413011111111111	0.1724042309803267	0.5754	1100.0278	NA	0.42613636363636365	0	0.0011157216497959211	0.9480395019054413	0.2701776772737503	NA	305.4137	59.2382	318.4376	72.5402	130.3278	97.488	2.640662916142762	3.004951272727273	3.196741818181818	1.7202956575191957
sub-10908
sub-10908_ses	5.55976	0.19291784175785304	0.5519	992.25	NA	0.4420401854714065	0	0.0013421853210595983	1.005389392375946	0.34284433126449587	NA	292.8301	60.4731	309.3087	70.5064	129.9973	96.2976	2.665400429981041	2.921413818181818	3.2772770909090907	1.7975103808522148
sub-10913
sub-10913_ses	27.554033333333333	0.058532002884078324	0.5446	12801.8587	NA	0.6491242351184087	0	0.002103321250003437	0.9771213531494141	0.22939876914024349	NA	1015.9322	111.3303	1027.2507	201.5823	349.6522	270.9402	2.7823980071663392	3.0627607272727273	3.4189381818181817	1.8654951124081094
sub-10918
sub-10918_ses	2.932257777777778	0.3041930053243904	0.5342	3306.25	NA	0.5382619974059663	0	0.0006682456198740514	0.9726388156414032	0.2888459026813509	NA	426.7126	80.4319	462.2828	90.4951	244.1047	161.4739	2.6259169850286557	2.968110545454546	3.1725030526883873	1.737137356943034
sub-10919
sub-10919_ses	5.411499999999999	0.2079513077709152	0.5634	1122.25	NA	0.4866220735785953	0	0.0018039900447782635	0.9893534779548645	0.33660646677017203	NA	297.6087	59.2075	315.029	70.4088	160.4904	112.9857	2.7054118167008956	3.039918545454545	3.2516654545454546	1.8246514501026871
sub-10924
sub-10924_ses	5.136157142857143	0.22613146395004258	0.5307	1800.1837	NA	0.48096446700507617	0	0.000854558351292639	0.9958127737045288	0.2706751078367233	NA	387.2593	67.7918	410.8062	86.1904	208.1203	147.6291	2.5050579150756027	2.828613818181818	3.0083607272727275	1.6781991997722627
sub-10928
sub-10928_ses	13.612990909090911	0.11067492890580036	0.5517	1255.1837	NA	0.49213161659513593	0	0.0008882547623807622	0.9484556317329407	0.23733201026916517	NA	348.6066	54.4707	356.3078	72.1661	125.8274	94.352	2.6811725839661804	3.033216	3.253201454545455	1.7571002973530871
sub-10930
sub-10930_ses	2.8416555555555556	0.393826180535276	0.543	1921.3611	NA	0.49025487256371814	0	0.0014910689514294744	1.0198147892951965	0.24299716353416445	NA	334.3124	53.3412	363.7344	67.2089	204.4645	129.2829	2.4921979558860485	2.766592	2.9997730909090907	1.7102287767490554
sub-10938
sub-10938_ses	315.8723	0.004174516763401753	0.5783	5564.9281	NA	0.7022163558379878	0	0.002008409956827126	0.9173441231250763	0.20282448232173933	NA	948.7163	94.4766	945.5729	147.0755	391.3539	287.3811	2.665384795226902	2.9824465454545455	3.2111243636363636	1.802583476589797
sub-10940
sub-10940_ses	2.965205	0.3635482866647887	0.5644	1961.2245	NA	0.5351123595505618	0	0.0014660333205486248	0.7130670249462128	0.145736426115036	NA	388.9589	69.7193	418.0603	74.9292	199.2438	137.4682	2.4973804199616056	2.8332569237821352	2.9949672727272727	1.6639170633754086
sub-10950
sub-10950_ses	2.044968965517241	0.4893331383452868	0.5405	1521	NA	0.5169606512890095	0	0.0016856169816998794	0.8759028315544128	0.18681947886943817	NA	389.3031	76.8133	434.4461	81.1081	219.0562	147.6708	2.572728723816071	2.9576029090909093	3.0773527272727272	1.6832305350845767
sub-10952
sub-10952_ses	1.664677192982456	0.5304418488455952	0.5831	1764	NA	0.513677811550152	0	0.000874432564008973	0.7567972838878632	0.16848817467689514	NA	347.3807	64.1214	392.8859	71.1634	201.7763	137.2506	2.6433201197489065	3.0170647272727273	3.212090181818182	1.7008054501558105
sub-10953
sub-10953_ses	5.672565217391304	0.21915548681496366	0.5537	1024	NA	0.4875	0	0.002283861418096014	0.9990586638450623	0.2689889788627622	NA	319.2851	60.1064	339.136	78.4306	180.8871	119.9598	2.581516297857608	2.859008	3.1285061818181816	1.7570347117546428
sub-10954
sub-10954_ses	8.154314285714285	0.15581085012663864	0.5355	784	NA	0.47674418604651164	0	0.001585546489660982	0.8623390197753906	0.20695852637290946	NA	332.7725	53.4673	344.1552	64.7032	148.3105	112.7955	2.702864106534525	3.0184378181818183	3.308066909090909	1.7820875923308475
sub-10956
sub-10956_ses	4.8568	0.24514032601429234	0.5612	2155.6122	NA	0.5466491458607096	0	0.0006282541137843201	0.978972315788269	0.27436823844909675	NA	427.3489	71.7751	450.5131	87.5555	200.1265	148.3876	2.8254252120522394	3.167778909090909	3.401344	1.907152727065809
sub-10958
sub-10958_ses	2.3973999999999998	0.4075267202016781	0.5633	1164.5156	NA	0.4918032786885246	0	0.000855591782821599	0.6640461385250092	0.12137486338615422	NA	368.0643	67.9609	405.1285	76.6875	192.6106	138.6388	2.454600971793535	2.769570909090909	2.943848727272727	1.6503832790169695
sub-10961
sub-10961_ses	1.8371391304347824	0.48174139880305583	0.5782	1245.0816	NA	0.45973645680819913	0	0.001605645000683801	0.8206387162208557	0.16488996148109436	NA	319.8357	56.6548	357.6685	59.0843	204.2846	125.2294	2.412233777451557	2.7108072727272727	2.8944758371190735	1.631418222508325
sub-10964
sub-10964_ses	16.14388888888889	0.08944781997560816	0.5563	1067.1111	NA	0.49684053118226384	0	0.001829256919766005	0.8271543383598328	0.2959227085113525	NA	314.3553	59.785	319.7891	73.8087	114.3195	86.5017	2.708109129997224	3.053661090909091	3.3078225454545453	1.7628437536280361
sub-10966
sub-10966_ses	3.3478129032258064	0.311771501483127	0.5422	1400.898	NA	0.56	0	0.0015444586334082183	0.7025700807571411	0.16616550683975218	NA	342.4011	60.6668	367.8116	67.4059	171.4702	121.0249	2.569829010770183	2.863976528632665	3.0833803636363633	1.7621301400415215
sub-10969
sub-10969_ses	2.859304761904762	0.386706596587888	0.5258	1788.0816	NA	0.5128552097428958	0	0.0011045147856004957	0.9489561915397644	0.27532168328762074	NA	388.2869	67.855	421.9191	80.1007	193.9465	138.6837	2.619925813056214	2.974312727272727	3.1667781818181817	1.7186865300777332
sub-10974
sub-10974_ses	11.754921428571427	0.12624599453214724	0.5565	870.25	NA	0.5557184750733137	0	0.0016677450499753895	0.9115459024906158	0.18998439610004425	NA	385.1475	54.0938	366.5787	91.3061	162.3572	105.165	2.573383114842067	2.9096029090909092	3.156282181818182	1.65426425361711
sub-10977
sub-10977_ses	2.6990974358974356	0.3902661990402382	0.5667	1820.4444	NA	0.4764705882352941	0	0.0012056901746593188	0.9761497676372528	0.24336194097995745	NA	331.8288	57.3682	365.7157	73.4292	195.9483	133.886	2.563575439706758	2.820677818181818	3.1423883636363636	1.7276601373020917
sub-10979
sub-10979_ses	2.6357388888888886	0.3850811576409553	0.5627	2070.25	NA	0.5169082125603864	0	0.0014599780541667293	0.9785101413726807	0.2442906975746154	NA	329.6336	55.4618	357.3996	65.3242	198.9735	130.5039	2.585798424258367	2.883025454545454	3.141131636363636	1.7332381818660099
sub-10983
sub-10983_ses	1.71982	0.5064695331954845	0.5659	1573.4444	NA	0.48932676518883417	0	0.0011598210173510831	0.9066007137298584	0.23275297880172707	NA	306.388	58.1252	346.9398	64.6377	191.3857	125.9692	2.5524672241374886	2.865082181818182	3.0743856677791017	1.7179338228151828
sub-10984
sub-10984_ses	15.27081	0.0917435133951356	0.5924	1400.898	NA	0.502865329512894	0	0.002190622699865019	0.9545553028583527	0.25912459194660153	NA	358.6318	62.0787	365.8266	81.3059	171.3975	114.5466	2.5258992673163294	2.87010928997451	3.1102952727272726	1.5972932392472061
sub-10998
sub-10998_ses	2.4160925925925927	0.4388018639834481	0.5604	2037.8776	NA	0.5025839793281653	0	0.0009300382410827113	0.7210794687271118	0.13935641050338743	NA	395.9147	81.0416	436.3339	82.6595	216.3815	150.2517	2.563744523804281	2.9276974545454544	3.0912814545454546	1.6722546623219348
sub-11005
sub-11005_ses	33.50682	0.0416329232591613	0.5777	484	NA	0.46904024767801855	0	0.0016222494034287165	0.9085986018180847	0.5912077009677885	NA	315.2954	69.4848	301.8166	91.7419	168.329	119.9002	2.7725618983927056	3.5047563636363632	3.6727854545454544	1.1401438769962997
sub-11007
sub-11007_ses	5.672565217391304	0.21231226862233432	0.5427	1308.0278	NA	0.4493192133131619	0	0.0015980556521780936	0.9778787195682526	0.3588659286499023	NA	304.8621	59.015	327.6546	78.446	151.346	115.4338	2.668458611446505	2.9356683636363634	3.264861090909091	1.8048463797940604
sub-11012
sub-11012_ses	8.401413333333332	0.1431885035124876	0.5551	1156	NA	0.4508426966292135	0	0.0016765638974800543	0.9977727234363556	0.25752889513969424	NA	328.5212	54.7053	341.6923	72.6403	161.3625	116.3302	2.581026918887335	2.879592727272727	3.1406896723778237	1.7227983570114547
sub-11016
sub-11016_ses	5.7450833333333335	0.2123388404939408	0.5568	894.01	NA	0.5482093663911846	0	0.0012997974071184912	0.9690361618995667	0.26784084439277644	NA	403.283	72.3999	422.203	80.4813	238.7783	144.0118	2.7075348707317537	3.0166923636363636	3.2963839999999998	1.8095282485588975
sub-11021
sub-11021_ses	3.9536074074074072	0.28316838849530457	0.5451	1565.898	NA	0.48322147651006714	0	0.0014762641351619005	0.8706594109535217	0.18944261074066138	NA	365.4559	57.4575	386.7842	67.6434	182.1687	127.3493	2.559232759244595	2.884666181818182	3.133730909090909	1.6593011868246939
sub-11030
sub-11030_ses	3.269328205128205	0.3338402957547974	0.5503	2689.1633	NA	0.5159313725490197	0	0.0010048689290788483	0.8245060443878174	0.1961463451385499	NA	431.8051	67.4087	464.2819	84.8244	218.3759	156.525	2.703412451742048	3.057210181818182	3.2705861818181816	1.7824409915897799
sub-11031
sub-11031_ses	3.4182222222222225	0.32931127649951947	0.531	1910.9388	NA	0.4967824967824968	0	0.0010170314078462727	0.9739879667758942	0.24797410070896153	NA	394.0561	67.5937	422.9136	80.5351	220.7699	146.4025	2.6108524354139497	2.970914909090909	3.1255854545454542	1.7360569426054864
sub-11036
sub-11036_ses	4.553707142857142	0.23321405887151064	0.5068	2952.1111	NA	0.5666666666666667	0	0.0006079506688496515	0.9735463857650757	0.29657300710678114	NA	401.3105	69.4128	424.8628	81.6451	213.3565	148.9179	2.8022030413724868	3.1426911270620956	3.3897074012598627	1.8742105957955029
sub-11039
sub-11039_ses	3.085416216216216	0.33599362601103744	0.5265	2249.4694	NA	0.5682451253481894	0	0.0007823267094744532	0.5136144161224365	0.09324441105127335	NA	415.7332	68.1554	445.7565	77.6008	218.2332	140.4445	2.5419018371401996	2.796706909090909	3.1688727272727273	1.6601258750569623
sub-11042
sub-11042_ses	2.536897777777778	0.4172243405065196	0.5455	1390.2245	NA	0.4958217270194986	0	0.0018195856221317464	0.6917786002159119	0.1218149989843369	NA	362.8176	68.7606	396.9644	73.7233	168.9867	128.0045	2.6804166760685937	3.068730181818182	3.2434734545454544	1.7290463918421441
sub-11053
sub-11053_ses	2.8040521739130435	0.37823156980176575	0.5513	1999.3673	NA	0.4550970873786408	0	0.0008042201209450337	0.9689966142177582	0.25706200301647186	NA	384.5403	75.5511	420.8275	87.2234	211.7172	149.0977	2.5596582865696207	2.8879592727272727	3.0991709090909088	1.6918446778906804
sub-11058
sub-11058_ses	3.1449151515151517	0.3234352559633805	0.5778	1133.4444	NA	0.46503496503496505	0	0.0032298393196769073	1.0246098041534424	0.30164793729782113	NA	273.9395	57.9306	299.7385	68.3581	145.3881	106.5452	2.6748301028028743	3.0609919999999997	3.172817454545455	1.7906808538631696
sub-11060
sub-11060_ses	2.4260772727272726	0.4145862620676194	0.5574	2116	NA	0.5036179450072359	0	0.001272048223453678	0.8567644357681274	0.18836495280265808	NA	357.6304	65.1296	390.6074	72.8631	172.7829	129.018	2.6625400694209476	3.0113396363636364	3.236154181818182	1.7401263900810255
sub-11063
sub-11063_ses	39.659625	0.03697148457620773	0.5782	1910.9388	NA	0.5295663600525624	0	0.0023543961236902567	0.8702438473701477	0.2050325572490692	NA	407.416	60.0739	409.1628	76.3207	159.0506	116.3517	2.848036590678216	3.206667636363636	3.459421090909091	1.878021044761921
sub-11064
sub-11064_ses	2.532779166666667	0.3619207504693851	0.4816	2988.4444	NA	0.550561797752809	0	0.0007196464938107257	0.9236670136451721	0.2915895164012907	NA	403.9111	74.663	444.6809	87.7274	217.9714	153.1167	2.695064032921625	3.064983272727273	3.2125556363636365	1.807653189673965
sub-11065
sub-11065_ses	2.306271111111111	0.4166907608885493	0.5596	2182.2245	NA	0.5051948051948052	0	0.001262854140577124	0.943936288356781	0.23014718294143677	NA	395.6507	65.9468	432.9563	73.1793	246.7185	153.3757	2.5088752265734846	2.796253090909091	3.0418967272727273	1.6884758615386353
sub-11066
sub-11066_ses	7.165911111111111	0.16373616729909354	0.5488	2182.2245	NA	0.5619946091644205	0	0.001892098631110317	0.6706246137619019	0.1288660764694214	NA	421.7963	69.7669	435.473	76.2928	212.723	138.7864	2.5774278994904574	2.9399854545454542	3.0997294545454546	1.6925687893804626
sub-11068
sub-11068_ses	8.89561875	0.15520019141395314	0.5368	1681	NA	0.5153949129852744	0	0.0018673814118805297	0.9461239874362946	0.22537570893764491	NA	391.5215	55.2116	405.5607	75.6239	171.7219	121.7966	2.6286107614555863	2.928500363636364	3.1972887272727273	1.7600431934576675
sub-11071
sub-11071_ses	7.090708695652173	0.18772154313731607	0.6303	455.1111	NA	0.48142414860681115	0	0.0020630477972062916	0.898712545633316	0.1969393044710157	NA	316.9777	54.0993	286.7102	97.0612	111.1447	78.423	2.71028668679147	2.996386909090909	3.3918021818181816	1.7426709694653184
sub-11072
sub-11072_ses	1.759020338983051	0.5636962853746024	0.5477	1498.7959	NA	0.476056338028169	0	0.0008257211741986832	0.8280197978019714	0.18904709219932536	NA	348.4984	64.3846	394.4993	75.7025	203.2298	138.1029	2.491944606060606	2.780125090909091	3.018088727272727	1.6776200000000001
sub-11074
sub-11074_ses	7.989577777777778	0.15633575453824466	0.5947	937.8906	NA	0.5061728395061729	0	0.001976947480096729	0.9714381694793701	0.2719677001237867	NA	377.9984	64.8864	392.1825	81.5303	172.8835	124.2235	2.689609761292727	3.054336	3.178146909090909	1.836346374787271
sub-11075
sub-11075_ses	18.864884	0.0817557321956673	0.5679	4297.4488	NA	0.6463666946614145	0	0.0008336439111647499	0.9988672435283661	0.22359592020511632	NA	1028.8494	126.337	994.4386	228.455	407.8156	296.7483	2.579571713716914	2.900189090909091	3.1293672727272726	1.7091587775143786
sub-11076
sub-11076_ses	9.811992857142858	0.17616948764032364	0.4729	13100.6299	NA	0.6970361137756048	0	0.00039712762387992314	0.9715645909309387	0.22177618741989136	NA	986.0487	96.0459	927.6262	218.1203	395.4614	260.734	2.572053686580746	2.909184	3.092212363636363	1.7147646961058745
sub-11078
sub-11078_ses	6.4695409090909095	0.18372142862658208	0.5577	1444	NA	0.4270967741935484	0	0.0015455096175416162	1.0227545499801636	0.2548786401748655	NA	340.4524	59.974	358.1849	82.178	173.6648	118.972	2.537551205101676	2.8914152727272726	3.018635636363636	1.70260270621412
sub-11083
sub-11083_ses	70.42365	0.020837946904034177	0.55	832.7347	NA	0.5210355987055016	0	0.0013899404012867205	0.9036097526550293	0.2226079046726226	NA	326.1673	47.6417	321.4874	69.6465	121.4772	90.4395	2.692013406071339	2.982504727272727	3.3435461818181818	1.7499893091231085
sub-11084
sub-11084_ses	15.894971428571429	0.09692144500175358	0.5303	19915.3121	NA	0.6436263399412218	0	0.0007341625274723224	0.8960621953010559	0.1911049783229828	NA	936.2026	96.2206	956.2192	164.4947	456.6464	312.9274	2.470149282131501	2.751778909090909	3.021707636363636	1.636961300939958
sub-11085
sub-11085_ses	49.914300000000004	0.031557567651790935	0.5352	1248.4444	NA	0.5189274447949527	0	0.00153710285511726	0.9712595343589783	0.21174731254577628	NA	335.7347	52.2171	336.8949	74.0372	113.1866	84.0387	2.7117529843207966	3.0602356363636365	3.265838545454545	1.8091847711442082
sub-11090
sub-11090_ses	9.540221739130434	0.1687133487163216	0.6086	534.7656	NA	0.46932515337423314	0	0.001457099066174047	0.9968311786651611	0.28445425331592555	NA	310.7369	62.5697	276.9122	105.4645	124.4884	92.5898	2.576815971649741	2.8949527272727273	3.1793803636363633	1.6561148240401318
sub-11110
sub-11110_ses	9.531014285714287	0.13872616997056858	0.5706	996.7551	NA	0.35087542860711646	0	0.0018721887179020992	1.000139832496643	0.2468843013048172	NA	319.9305	53.3456	333.1861	74.9915	138.7039	104.2389	2.603104871376368	2.848709818181818	3.203013818181818	1.7575909777654684
sub-11113
sub-11113_ses	4.2944344827586205	0.2444816759056426	0.5864	1476.7551	NA	0.518910741301059	0	0.0007923848232900235	0.9512191414833069	0.2619047433137893	NA	350.7271	67.6134	373.9356	78.3328	183.6457	128.169	2.618601528293739	2.901794909090909	3.1623098181818183	1.7916998576084886
sub-11116
sub-11116_ses	26.686850000000003	0.05973860205813593	0.5369	1051.6122	NA	0.5428134556574924	0	0.0007125382860725408	0.9349300563335419	0.21506035923957845	NA	363.5012	53.8448	365.8523	80.1626	133.3395	98.5012	2.6457668513341006	2.9541236363636365	3.2404363636363636	1.7427405540023022
sub-11120
sub-11120_ses	9.249782456140352	0.17141459851698554	0.5099	3654.1877	NA	0.6524231630181478	0	0.0007721512478310209	0.8860987424850464	0.18669687509536748	NA	1011.6901	124.7805	928.5418	298.2185	310.8399	254.7749	2.8754949945315826	3.256576	3.5066882432173463	1.8632207403774026
sub-11432
sub-11432_ses	3.0063888888888886	0.30444969322006193	0.5814	1265.3265	NA	0.5181818181818182	0	0.0008430358370803144	0.9521307349205017	0.2552277326583863	NA	352.3567	63.989	382.1225	74.6636	200.1912	136.8062	2.6606316635257934	2.9392756363636363	3.2340247272727276	1.8085946269410165
sub-11433
sub-11433_ses	3.706506666666667	0.29460338635705935	0.565	1861.3061	NA	0.4915693904020752	0	0.0012251075277644207	0.9551121294498444	0.20304245352745054	NA	384.6508	61.1717	408.6669	71.6976	221.4477	142.6048	2.55048448505681	2.830941090909091	3.1420043636363637	1.678508000624975
sub-11435
sub-11435_ses	1.7650031746031747	0.5686004659655907	0.5232	2533.4444	NA	0.5304606240713224	0	0.0010425593641687255	0.9240382313728333	0.2156329810619354	NA	368.6554	72.364	416.6089	80.0052	233.8966	149.9906	2.5999877354086993	2.9479796363636366	3.154676363636364	1.6973072062260965
sub-11440
sub-11440_ses	49.42006666666666	0.028365146379451086	0.552	1347.9388	NA	0.5731895223420647	0	0.0008428245205632302	0.4585018903017044	0.0780304089188576	NA	377.8391	62.8108	378.1682	74.0974	136.5983	97.8857	2.5774205718861913	2.8640930909090905	3.1083636363636367	1.7598049883858473
sub-11450
sub-11450_ses	4.734761290322581	0.23846619684055284	0.5824	1580.0625	NA	0.493099121706399	0	0.0013849673371716385	0.9278123378753662	0.21658890247344975	NA	401.8796	68.6378	428.8954	88.5037	210.6752	140.207	2.525157070707071	2.8153367272727277	3.068357818181818	1.6917766666666667
sub-11451
sub-11451_ses	13.153462962962964	0.0978462604683265	0.5739	5049.7199	NA	0.6964070629207803	0	0.0015663954630245277	0.9053976535797119	0.20543663501739495	NA	1070.4641	120.7836	1092.5586	178.5715	454.5483	333.9543	2.596272910315371	2.9430225454545456	3.1276334545454545	1.7181627309461134
sub-11461
sub-11461_ses	6.031357608695652	0.23987256262657977	0.5246	3383.3123	NA	0.6443378866536631	0	0.0016848156052525769	0.8235551118850708	0.20979967117309584	NA	1041.4088	139.2828	898.2372	340.3264	327.0416	270.7611	2.8038510642101566	3.15264	3.4799825454545457	1.7789306471759243
sub-11472
sub-11472_ses	9.04387	0.15757357978573142	0.5724	948.64	NA	0.4989339019189765	0	0.0010707572747538005	0.9779338538646698	0.20184327363967902	NA	237.5053	33.7807	246.8042	49.8481	111.0006	79.5832	2.7713985796590617	3.069032727272727	3.422056489925281	1.8231065217791778
sub-11492
sub-11492_ses	8.74735	0.1334125510205852	0.5914	1616.04	NA	0.5093167701863354	0	0.0017804155692258891	0.9576296806335449	0.2168015301227567	NA	249.7092	36.8478	258.2795	48.4066	121.6353	83.8941	2.6220927141087778	2.9576378181818184	3.1908303241445144	1.71781
sub-11493
sub-11493_ses	4.509583333333333	0.24895245661181442	0.5561	1265.3265	NA	0.5612244897959183	0	0.002023562530926346	0.7294934391975403	0.17499162256717682	NA	337.0027	59.4174	355.578	66.9676	173.2891	115.3903	2.5850626286187075	2.856005818181818	3.1383270550587703	1.7608550126155338
sub-11498
sub-11498_ses	145.2951	0.010286754938285273	0.6075	484	NA	0.509375	0	0.0021149816982889993	0.9241414666175842	0.21694016456604004	NA	331.1007	50.3145	331.1789	70.6363	103.6651	80.2881	2.763166476338132	3.2089018181818183	3.2341410909090906	1.8464565199234866
sub-11517
sub-11517_ses	3.4594095238095237	0.32614272067307015	0.5585	1049.76	NA	0.4955357142857143	0	0.0011764498307280792	0.9401923418045044	0.2589184850454329	NA	225.3914	40.6651	241.4896	44.2431	122.2932	83.207	2.583034965971339	2.8708889263922206	3.203432505088632	1.674783466433165
sub-11518
sub-11518_ses	2.374983486238532	0.41307280108103983	0.5285	23959.2432	NA	0.6943078815503501	0	0.0012542011500895405	0.6743788123130798	0.12573446929454812	NA	1078.1235	149.0648	1167.1439	175.9303	449.9748	347.0017	2.91135759600148	3.321157818181818	3.4970649698226213	1.91585
sub-11523
sub-11523_ses	3.953604761904762	0.2742526953503522	0.5604	2256.25	NA	0.4837012161189608	0	0.0010972553881123104	0.9823082685470581	0.2694158434867857	NA	242.4147	44.8952	259.2401	53.2595	133.3736	93.3244	2.6738095751698374	3.011467636363636	3.2384812299304455	1.7714798592154297
sub-11526
sub-11526_ses	4.057647368421053	0.266110517647773	0.5693	1648.36	NA	0.5161943319838057	0	0.0008728190977813326	0.8350382447242737	0.15817817449569704	NA	259.2703	40.0821	273.8066	47.7707	127.4428	90.5717	2.655654099540589	3.045201454545454	3.155654037052088	1.7661068070242252
sub-11527
sub-11527_ses	6.3866000000000005	0.19527155040939675	0.5833	817.96	NA	0.5472636815920398	0	0.0011714921456075068	0.8924790620803833	0.22234442830085754	NA	222.4559	40.5172	232.4218	45.9807	115.728	78.4785	2.5738150393969934	2.9056465454545455	3.1019052394031013	1.7138933333333333
sub-11530
sub-11530_ses	3.099986363636364	0.33253401781769354	0.5947	1722.25	NA	0.5095238095238095	0	0.001630662425502262	0.863389790058136	0.20976021289825442	NA	217.9831	39.4046	236.5863	45.1685	118.7699	81.8051	2.6543133737373736	2.987880727272727	3.2738327272727274	1.7012266666666667
sub-11532
sub-11532_ses	2.246366666666667	0.4715975528598113	0.5243	2304	NA	0.49369747899159666	0	0.001378941151369243	0.9835699200630188	0.2389831244945526	NA	240.9718	42.3882	267.346	50.7393	138.7385	94.6095	2.621659177556465	2.915618909090909	3.2426819569118184	1.7066766666666666
sub-11533
sub-11533_ses	3.8712388888888887	0.28647430253810263	0.5403	2475.0625	NA	0.5137420718816068	0	0.0009749466950268934	0.6240018010139465	0.11773809194564822	NA	246.7988	37.0957	261.6904	42.8004	123.6075	85.8563	2.596527131313131	2.9499229090909087	3.153221818181818	1.6864366666666666
sub-11534
sub-11534_ses	2.5204266666666664	0.43026170926496693	0.5682	1463.0625	NA	0.548051948051948	0	0.0013488889407342523	0.8736525475978851	0.2453265279531479	NA	216.1911	46.225	238.2402	48.0445	112.972	82.6559	2.709919316871938	3.0499607272727274	3.333457223343088	1.74634
sub-11535
sub-11535_ses	3.928895	0.306603988578983	0.5367	795.24	NA	0.4929906542056075	0	0.0009529207500590505	0.9669654965400696	0.25397127866744995	NA	214.9649	38.8757	232.6323	48.8836	96.4004	73.3992	2.6909543434343433	3.0104552727272726	3.2891810909090906	1.7732266666666667
sub-11536
sub-11536_ses	2.2733233333333334	0.4149051088502028	0.5869	2025	NA	0.518348623853211	0	0.0015232206999009972	0.9953763484954834	0.2290150642395019	NA	231.9356	41.6559	256.8828	49.3957	131.4024	90.1443	2.82583488933458	3.0949701818181823	3.5145311528522254	1.8680033333333332
sub-11539
sub-11539_ses	2.4215833333333334	0.4056761303304403	0.5897	1296	NA	0.45454545454545453	0	0.001613024169639033	1.0103871822357178	0.2833399325609205	NA	226.2092	42.5276	250.0813	50.557	141.3795	87.2802	2.486528606060606	2.832709818181818	2.9167359999999998	1.71014
sub-11540
sub-11540_ses	3.2024239999999997	0.3502405592027238	0.5558	1536.64	NA	0.4681274900398406	0	0.0008342971859228712	0.9428213834762573	0.24683960974216457	NA	239.995	43.6723	259.7435	51.599	123.0538	90.495	2.7637806433821743	3.0830310588939973	3.406184491026133	1.802126380226393
sub-11542
sub-11542_ses	55.39282222222222	0.02823964449843163	0.5772	13170.2437	NA	0.6480574242391026	0	0.0013486681456889198	0.9666851460933685	0.24027968049049375	NA	1045.2285	148.2692	1029.3306	229.131	416.6531	321.0019	2.5859764523326354	2.9017832727272728	3.1540594176039662	1.7020866666666665
sub-11545
sub-11545_ses	9.8222375	0.12972290622984153	0.5739	1324.96	NA	0.5415730337078651	0	0.0010886094365119008	0.8578649163246155	0.18890157938003527	NA	244.5955	34.2138	251.1558	43.1762	122.5553	77.7548	2.5054973479623857	2.7600872727272727	3.0735013040814003	1.6829034670784844
sub-11551
sub-11551_ses	26.316175	0.058157102254127825	0.554	1310.44	NA	0.5219206680584552	0	0.000863571723118733	0.9472716152667999	0.22759538888931274	NA	254.7853	36.8804	258.0404	53.8427	110.5645	78.1515	2.6738002421632205	3.033239272727273	3.1641015987256416	1.824059855036747
sub-11559
sub-11559_ses	18.68078	0.07649589061951227	0.5752	633.3611	NA	0.47950819672131145	0	0.0009525654656446532	0.9385250806808472	0.2363431572914123	NA	236.7439	35.6727	240.1698	47.4133	106.649	68.6314	2.633151212121212	2.937134545454545	3.289949090909091	1.67237
sub-11560
sub-11560_ses	18.38426	0.07720028931160886	0.6162	608.4444	NA	0.4891041162227603	0	0.0016233103822190374	0.9375947713851929	0.3020551800727844	NA	205.5994	37.4486	209.2553	45.7004	108.2373	68.5483	2.583319258200978	2.896290909090909	3.249756865512025	1.60391
sub-11563
sub-11563_ses	10.872411111111111	0.1340360730388421	0.5673	1600	NA	0.5138248847926268	0	0.001027868394752598	0.8613346219062805	0.24246764183044434	NA	227.9025	37.8273	235.8215	50.9818	97.5046	74.4613	2.65945469253392	2.922856727272727	3.2502106836623668	1.8052966666666668
sub-11565
sub-11565_ses	7.952136363636364	0.15525887431795632	0.5893	552.25	NA	0.4216417910447761	0	0.0021118593682676223	0.9314064085483551	0.26670585274696335	NA	229.6554	37.701	240.0114	50.7202	93.4139	70.3746	2.7495692121212123	3.063272727272727	3.392034909090909	1.7934
sub-11570
sub-11570_ses	4.530172222222222	0.25949933045104984	0.5758	1115.56	NA	0.5330073349633252	0	0.0013222735419735517	0.8582499027252197	0.2261015921831131	NA	222.8009	42.5067	237.2524	49.9854	110.8659	76.9265	2.648310469734908	2.949492363636364	3.275159045568359	1.72028
sub-11572
sub-11572_ses	3.0201148148148147	0.3305528147849379	0.5541	1681	NA	0.48604651162790696	0	0.0012009671377851362	0.9584460258483887	0.2774752855300904	NA	215.2999	42.8954	237.1117	53.1306	111.4459	80.1723	2.5707796214112935	2.7826385454545455	3.2063301818181817	1.7233701369611532
sub-11579
sub-11579_ses	6.842776923076924	0.1722366920806554	0.6268	852.64	NA	0.42948717948717946	0	0.0015631645315800366	1.0143117904663086	0.2989242792129516	NA	204.4898	36.9414	216.9234	52.1167	93.128	72.1104	2.6515933131313134	3.0056494545454546	3.2196538181818184	1.7294766666666668
sub-11586
sub-11586_ses	4.165404761904762	0.2727040142105268	0.6427	616.6944	NA	0.4813953488372093	0	0.0016075234409051488	0.8100213408470154	0.18878899812698358	NA	212.2184	42.3173	228.3428	51.2408	108.0135	76.1065	2.4527463577562787	2.822423272727273	2.875775800541562	1.6600400000000002
sub-11587
sub-11587_ses	9.884011111111112	0.1365254445673708	0.5893	1764	NA	0.5081967213114754	0	0.001563574631795258	0.960917592048645	0.25765618085861186	NA	221.1703	36.3418	228.7666	48.2681	108.2933	76.7672	2.5624733223041005	2.868154181818182	3.09849578509412	1.72077
sub-11588
sub-11588_ses	9.19213	0.1486228653218076	0.5716	1664.64	NA	0.50199203187251	0	0.0008484693955191407	1.0036258697509766	0.21360679864883414	NA	255.3442	32.6205	263.6627	47.6395	119.5603	83.27	2.5809400680269543	2.8678050909090906	3.1742717798384383	1.7007433333333333
sub-11591
sub-11591_ses	18.285433333333334	0.08060707268658227	0.5729	973.44	NA	0.4653846153846154	0	0.0015365031701891016	1.0022000074386597	0.29362595379352596	NA	246.8395	44.2455	250.7567	55.7502	101.6655	72.0585	2.6785002278304226	2.997213090909091	3.252677592582176	1.7856100000000001
sub-11597
sub-11597_ses	18.532525	0.058215138191891995	0.5952	423.1837	NA	0.5598086124401914	0	0.0010240497429052	0.6755271553993225	0.14673816561698916	NA	236.7358	37.8757	238.963	43.7888	118.4316	75.2348	2.633311922618323	2.8368872727272727	3.3470484951276958	1.716
sub-11598
sub-11598_ses	5.040846666666667	0.22606400974348398	0.5805	698.4694	NA	0.4860813704496788	0	0.0009456457329721275	0.9880107045173645	0.24402844309806826	NA	231.0285	39.1712	244.5736	49.3812	164.9084	82.911	2.476553584726173	2.743179636363636	3.1073277844815492	1.5791533333333332
sub-11599
sub-11599_ses	6.036307142857143	0.203564252597833	0.5592	1383.84	NA	0.4688715953307393	0	0.0007781339795290349	0.9551750421524048	0.24031748175621026	NA	245.381	39.935	257.7364	52.0384	139.3336	93.6543	2.6522217232205807	2.9588712727272726	3.2336172302678037	1.7641766666666667
sub-11600
sub-11600_ses	7.143445454545454	0.1595938226995585	0.5179	2025	NA	0.5623471882640587	0	0.0010306876265407851	0.9950110912322998	0.21542291939258584	NA	234.4459	37.2988	242.9395	45.7432	118.3888	77.3403	2.770596888845402	3.0567563636363637	3.4971343028998425	1.7579
sub-11606
sub-11606_ses	7.095307142857144	0.19028490694502462	0.5528	2162.25	NA	0.47722778380371356	0	0.0010546432326578358	0.9953299760818481	0.22561396360397346	NA	245.2208	41.8155	256.3936	55.2783	118.4143	86.6777	2.602767865741493	2.8831883636363633	3.185745233588116	1.73937
sub-11614
sub-11614_ses	6.1280866666666665	0.21337136008984833	0.5942	1049.76	NA	0.43822393822393824	0	0.0013961373787303253	1.0017932653427124	0.29453777372837053	NA	231.9472	38.3891	244.2577	51.5576	106.4081	71.3905	2.6472459658656935	2.9462574545454547	3.2240637763849587	1.7714166666666669
sub-11622
sub-11622_ses	103.7821	0.015254852093053993	0.532	665.64	NA	0.4769874476987448	0	0.000985596475462296	1.0335071086883545	0.20160589814186092	NA	230.3976	31.2044	228.29	51.6085	84.8902	61.4783	2.7366523577132558	2.9728232727272728	3.4409539431600433	1.79617985725245
sub-11623
sub-11623_ses	8.315759574468084	0.18855370289895623	0.5372	13762.8388	NA	0.6451082013425509	0	0.0007828867258941953	0.9436944723129272	0.19244282841682425	NA	993.513	86.1071	930.6224	206.6483	299.0944	216.0639	2.9170470909090906	3.2825832727272726	3.609728	1.85883
sub-11626
sub-11626_ses	34.57375454545454	0.04619994071328175	0.5538	10170.957	NA	0.6323119705568438	0	0.0011846871192577623	0.9125094711780548	0.17693407535552963	NA	860.0439	104.0764	874.7668	192.7627	313.0342	245.7503	2.7669688888888886	3.0854632727272726	3.404136727272727	1.8113066666666666
sub-11628
sub-11628_ses	5.238526666666667	0.24315079624564706	0.5406	2500	NA	0.4843137254901961	0	0.001071745600009241	0.9840182662010193	0.20909620523452765	NA	251.1991	32.5109	264.9831	46.3139	134.3505	92.5528	2.632280834523797	2.847325090909091	3.2887272727272725	1.7607901399350279
sub-11631
sub-11631_ses	4.447805555555556	0.28414417865590924	0.5547	1024	NA	0.4330708661417323	0	0.0014294875538525724	1.031697392463684	0.30159116387367224	NA	223.5728	35.464	237.8934	45.6718	112.5915	78.0827	2.581051229286096	2.8776378181818183	3.1786824022856557	1.686833467390813
sub-11651
sub-11651_ses	11.41603	0.13410698442754693	0.5652	876.16	NA	0.5481651376146789	0	0.0008891348262027509	0.8069127202033997	0.21617052555084237	NA	243.6353	38.0614	229.7172	60.4208	67.4074	55.1988	2.883266031138927	3.204235636363636	3.591528976374468	1.854033480678676
sub-11660
sub-11660_ses	3.3021590909090905	0.30228045511560786	0.5484	1242.5625	NA	0.5050761421319797	0	0.0008257554781920195	0.9843335151672363	0.3545813679695128	NA	205.7393	40.8127	224.1959	47.6416	123.1812	82.423	2.773376910715111	3.0712669090909093	3.425000489721091	1.8238633333333334
sub-11670
sub-11670_ses	2.623065384615385	0.4077359959663362	0.5589	1369	NA	0.5183374083129584	0	0.0008994064428641469	0.6116316318511963	0.15442515611648555	NA	216.0428	40.1046	236.8001	43.0177	111.5062	79.8151	2.7076612121212116	2.996305454545454	3.370298181818182	1.75638
sub-11674
sub-11674_ses	7.165908333333334	0.18289283981234133	0.5417	1521	NA	0.49445676274944567	0	0.0006888946496854258	1.0155079364776611	0.3228419929742813	NA	227.666	40.6392	239.6365	51.4732	108.0631	77.0947	2.7594042036793773	3.000378181818182	3.423487762553284	1.8543466666666666
sub-11679
sub-11679_ses	51.89105	0.029348815958471712	0.5555	1459.24	NA	0.504950495049505	0	0.001280491734878859	1.0033483505249023	0.1862165480852127	NA	257.58	31.1744	259.3401	51.5253	101.3861	74.2847	2.6159731784442486	2.8860509090909092	3.2042819595751704	1.7575866666666666
sub-11681
sub-11681_ses	5.337366666666667	0.18779016106117108	0.5368	2047.5625	NA	0.5330296127562643	0	0.0007521545533350179	1.0103597044944763	0.27984016239643084	NA	238.6131	38.2421	252.4064	48.5273	127.2258	83.9898	2.635973966477188	2.9167709090909093	3.1976143236739887	1.7935366666666666
sub-11692
sub-11692_ses	20.459899999999998	0.07756583853579868	0.5426	1075.84	NA	0.385	0	0.0015953877620351192	1.0344136953353882	0.2523172020912168	NA	232.9779	33.4318	236.0465	47.203	104.4723	71.5183	2.6111590652973073	2.9652014545454546	3.1388625454545456	1.7294131958919212
sub-11701
sub-11701_ses	14.072286206896552	0.10850220053499064	0.5386	6760.7862	NA	0.6431988860903027	0	0.0015245449036724976	1.013898491859436	0.21967214345932007	NA	1039.4701	128.1741	1062.1179	200.2239	368.4747	278.4733	2.7337392961749116	3.025373090909091	3.3548681309489767	1.8209766666666667
sub-11703
sub-11703_ses	6.728730769230769	0.1757228068654647	0.5731	1253.16	NA	0.4757085020242915	0	0.0010635069891269644	0.9801910519599915	0.28841011524200444	NA	239.8538	41.5847	251.0323	51.0648	111.3161	78.5829	2.8299682129784234	3.1275752727272725	3.488186181818182	1.8741431843898149
sub-11705
sub-11705_ses	4.759931578947368	0.26504137965232	0.5839	1296	NA	0.4810924369747899	0	0.002984519559302024	0.9928750097751617	0.20775653421878815	NA	232.9072	36.0028	249.1681	51.7071	115.5108	78.0241	2.493821404101657	2.7653236363636364	3.055697242608001	1.6604433333333333
sub-11709
sub-11709_ses	3.8124047619047614	0.29737743545779594	0.5399	961	NA	0.48356648884214454	0	0.0014290560006476642	0.9569929540157318	0.22730612754821777	NA	239.0487	40.8647	255.8959	50.823	92.5363	71.9998	2.733971086428299	3.022138181818182	3.4180652174748354	1.7617098599918795
sub-11710
sub-11710_ses	25.7983125	0.060700520509007885	0.5516	3721.1718	NA	0.6670451337817136	0	0.0011096241326431773	0.8637090921401978	0.18831791877746573	NA	965.5831	111.9273	944.5394	200.9171	308.4438	241.2752	2.8910530505050502	3.2222603636363636	3.5851054545454546	1.8657933333333334
sub-11714
sub-11714_ses	11.037144444444444	0.13703677363783967	0.6111	739.84	NA	0.5796344647519582	0	0.0010617650070644828	0.8615630269050598	0.21355220079421988	NA	224.7276	31.8466	213.3465	51.2948	84.6632	60.0795	2.6500744646464645	2.9597207272727273	3.270656	1.7198466666666665
sub-11719
sub-11719_ses	4.2007055555555555	0.2412666300068435	0.5622	900	NA	0.46860986547085204	0	0.0012873199005608276	1.003907561302185	0.26699043810367584	NA	213.8754	38.5293	229.3134	49.299	119.0237	80.7497	2.625055985438463	2.8831767272727276	3.251281229042662	1.74071
sub-11720
sub-11720_ses	7.547790909090909	0.16306414428684843	0.5901	423.1837	NA	0.4597457627118644	0	0.001549198521236074	0.9843353629112244	0.2709922432899473	NA	220.5894	38.8623	230.1251	49.0365	121.6599	80.6042	2.592754525252525	2.8792785454545453	3.1878283636363633	1.7111566666666667
sub-11722
sub-11722_ses	53.37365	0.02897987956605014	0.5507	860.4444	NA	0.5171026156941649	0	0.0010811322548041529	0.9924365878105164	0.24654675722122188	NA	260.982	37.7237	261.3413	52.5855	105.7554	80.6492	2.768089494949495	3.110853818181818	3.4471680000000005	1.7462466666666667
sub-11723
sub-11723_ses	37.55923333333333	0.04323918217905026	0.5409	1870.5625	NA	0.48459958932238195	0	0.0013350058147578734	1.0111228227615356	0.2597800523042678	NA	240.4222	38.4619	240.7399	53.7541	90.1171	66.7642	2.7225802667628933	3.0595956363636363	3.316328497258377	1.7918166666666666
sub-11744
sub-11744_ses	5.680110526315789	0.2609290401943117	0.5832	9350.1232	NA	0.6436634367290736	0	0.0011550894324573347	0.9696025848388672	0.2055852681398388	NA	899.2308	105.6183	795.9968	249.1125	246.4224	183.4492	2.7780069905471674	3.1422370909090906	3.467217214065745	1.7245666666666668
sub-11746
sub-11746_ses	39.536033333333336	0.04126732530019693	0.534	1580.0625	NA	0.4854586129753915	0	0.0005785001897738264	0.9914098680019379	0.3098003417253492	NA	221.6906	40.1746	224.023	60.5584	100.3373	76.252	2.6016615826823863	2.915642181818182	3.195729232895644	1.6936133333333334
sub-11748
sub-11748_ses	3.4594083333333336	0.31642581546003246	0.5495	2256.25	NA	0.5240274599542334	0	0.0008861454526934525	0.9110637605190277	0.2881765753030777	NA	235.4817	46.6683	255.8065	54.0029	134.0753	90.4886	2.7223020808080807	3.0042065454545455	3.289076363636364	1.8736233333333334
sub-11756
sub-11756_ses	4.603868421052631	0.2435117960610264	0.5262	2139.0625	NA	0.4779116465863454	0	0.001353894982035737	1.0352476835250854	0.26837195456027985	NA	243.3124	42.1993	259.7369	55.0659	130.5721	88.5175	2.591604451725714	2.871435636363636	3.180311052146839	1.7230666666666667
sub-11764
sub-11764_ses	24.462925000000002	0.05810064801358039	0.5597	1505.44	NA	0.5352941176470588	0	0.0018848754050236895	0.8719570636749268	0.18767240643501282	NA	276.8936	36.403	280.1817	50.1873	126.3909	80.7021	2.7062572575402513	3.046016	3.2783357726207543	1.79442
sub-11772
sub-11772_ses	7.413008333333333	0.16786729167587336	0.5635	2425.5625	NA	0.4921875	0	0.001515395990250659	0.978248804807663	0.2508852481842041	NA	256.446	39.688	266.5202	50.8897	123.9397	86.0018	2.6002537996440265	2.880628363636364	3.2006165052839446	1.7195165300117707
sub-11773
sub-11773_ses	6.044453846153846	0.19527611656568175	0.5493	1369	NA	0.4968553459119497	0	0.0007755964230710846	0.7536876797676086	0.16328172385692585	NA	241.0571	40.2184	250.9001	46.2054	125.0212	82.5486	2.5798154299588707	2.9177949090909094	3.130938181818182	1.6907131989675206
sub-11774
sub-11774_ses	4.365438888888889	0.27245839753322304	0.5499	1764	NA	0.477124183006536	0	0.0013131628081125318	0.9947251677513123	0.27435827255249023	NA	223.8672	40.3007	238.2131	48.4968	125.4673	84.6198	2.6444198585858585	3.0033687272727274	3.241914181818182	1.6879766666666667
sub-11784
sub-11784_ses	12.416787500000002	0.12114690088227485	0.5529	1387.5625	NA	0.5235849056603774	0	0.001795986705125454	0.9477718770503998	0.2458243727684022	NA	225.1606	37.4607	230.8823	49.0929	94.7392	71.2071	2.6943546060606063	2.9967243636363636	3.3186094545454545	1.76773
sub-11787
sub-11787_ses	7.289458333333333	0.18335157473513558	0.5485	2093.0625	NA	0.5020408163265306	0	0.0008361057854823968	0.9425703287124634	0.22367157936096194	NA	249.2186	36.6244	258.4067	47.1657	120.716	86.2932	2.7246202261221106	3.1057221818181815	3.3265684965481497	1.74157
sub-11788
sub-11788_ses	3.85477	0.2766009439861633	0.5773	1505.44	NA	0.5413043478260869	0	0.0010743903973977067	0.9474982619285583	0.20736531913280487	NA	252.8993	42.0555	268.2448	47.8268	127.8748	91.4702	2.660651762878883	2.9521687272727273	3.2658732280305878	1.7639133333333332
sub-11789
sub-11789_ses	6.1585	0.20991766991181732	0.5691	739.84	NA	0.28125	0	0.0012583350169203737	1.0113898515701294	0.29975900053977944	NA	200.8354	33.0722	212.4625	46.632	88.093	65.2045	2.7149352323232327	3.0546618181818186	3.3661905454545455	1.7239533333333332
sub-11790
sub-11790_ses	3.8547650000000004	0.2881499517891868	0.5563	1883.56	NA	0.5386266094420601	0	0.0012972869703628766	0.9533530175685883	0.26167922616004924	NA	257.1257	42.5347	272.7443	49.1839	145.498	96.2615	2.7437669310379236	3.0239883636363634	3.419775762810741	1.7875366666666668
sub-11793
sub-11793_ses	2.2494655172413793	0.4372603061162514	0.5916	864.36	NA	0.4451754385964912	0	0.0013657886756430187	0.9089325070381165	0.2366870641708374	NA	207.5107	37.5596	232.0914	45.2371	119.5344	83.7564	2.6796455757575757	2.9641658181818182	3.353250909090909	1.72152
sub-11795
sub-11795_ses	1.8727605263157892	0.5175039041739287	0.5803	1648.36	NA	0.5151515151515151	0	0.0011227873212779097	0.7620422840118408	0.17811633944511407	NA	245.6467	45.597	275.7464	49.7916	144.1108	94.0741	2.612982101010101	2.888890181818182	3.188049454545455	1.7620066666666665
sub-11822
sub-11822_ses	4.423180882352941	0.2758187955945902	0.5353	4754.3144	NA	0.6784405866236086	0	0.0010621049325542785	0.8014597296714783	0.18879973888397217	NA	1017.7865	135.2588	1074.5954	181.0723	443.0672	320.1983	2.6551872525252525	2.919621818181818	3.2409832727272727	1.8049566666666665
sub-11823
sub-11823_ses	8.2217	0.16717197754237365	0.5673	1183.36	NA	0.44485294117647056	0	0.0009388371282685402	1.0100118517875671	0.20195339024066927	NA	244.4436	33.5189	254.1187	49.0345	116.0653	82.9297	2.65610997979798	2.931397818181818	3.2964654545454546	1.7404666666666666
sub-11824
sub-11824_ses	7.7836583333333325	0.17178768204245343	0.5914	1024	NA	0.4817073170731707	0	0.001150507662506084	0.875048041343689	0.20717725753784133	NA	240.7098	38.603	249.8753	51.1039	103.6363	74.2586	2.611754914668709	2.9085789090909087	3.2539925015818856	1.6726933333333334
sub-11828
sub-11828_ses	27.428125	0.051486320771516346	0.6004	1102.24	NA	0.5060483870967742	0	0.0009493614445319998	0.9745292663574219	0.15586681663990032	NA	252.597	28.8038	246.7292	58.3765	96.5072	69.2856	2.6224821414141415	2.905856	3.2375970909090905	1.7239933333333333
sub-11829
sub-11829_ses	7.8173545454545454	0.14368132833754438	0.5471	1870.5625	NA	0.4969574036511156	0	0.001088577439993991	0.7701154947280884	0.1689173489809036	NA	249.4587	38.3796	258.6401	47.051	116.6193	80.5676	2.625963898529991	2.864546909090909	3.3029815890931844	1.710363197405879
sub-11840
sub-11840_ses	20.423538095238094	0.08268896714551045	0.547	13532.7787	NA	0.6708810136196606	0	0.0007344884987986836	0.9795574247837067	0.2358959347009657	NA	1016.9271	109.986	986.8515	209.303	323.9829	254.3751	2.733185672614646	3.0638545454545456	3.3156191390560594	1.8200833333333335
sub-11847
sub-11847_ses	53.0668	0.030018482442185877	0.5358	16853.0882	NA	0.6995317050621758	0	0.0009018369298703269	0.8529232144355774	0.16308265924453735	NA	1021.9814	128.3546	1010.8195	193.3772	415.5343	309.5272	2.724628002062713	3.0352174545454544	3.4060332183093527	1.7326333333333332
sub-11854
sub-11854_ses	45.46646666666667	0.03453745610948102	0.5645	795.24	NA	0.4885654885654886	0	0.001451740191224077	0.9309887290000916	0.19758550822734833	NA	239.9303	45.7998	240.4882	69.8704	84.6995	64.719	2.830829131313131	3.1746909090909092	3.464389818181818	1.8534066666666666
sub-11861
sub-11861_ses	2.3827535714285717	0.4033804513008667	0.5669	1936	NA	0.49344978165938863	0	0.0012608446081681882	0.7377285659313202	0.163177028298378	NA	231.8442	42.0242	253.2417	47.3684	130.4721	86.4193	2.512526576741048	2.880535272727273	3.015807790829205	1.6412366666666667
sub-11866
sub-11866_ses	5.633886666666666	0.22329706287742096	0.5892	1701.5625	NA	0.5162037037037037	0	0.0009646846466814362	0.875055581331253	0.23140657842159262	NA	226.9596	39.7818	238.0823	46.9789	112.1221	79.1135	2.6710919235354305	2.989195636363636	3.3073801342426554	1.7167000000000001
sub-11867
sub-11867_ses	2.008683870967742	0.4589801179386804	0.5913	1024	NA	0.518957345971564	0	0.0021504977706182545	0.615534245967865	0.1176145911216736	NA	223.1152	40.4223	249.0445	41.7348	116.3819	82.1139	2.7059089352750747	3.0756770909090907	3.2365030482494666	1.8055466666666666
sub-11870
sub-11870_ses	2.8511576923076922	0.36164615737601735	0.5951	1428.84	NA	0.47619047619047616	0	0.000996269475534604	0.9265066385269165	0.2315516322851181	NA	244.5375	41.2732	265.6913	49.0294	132.8355	91.7052	2.6514529151986896	2.9702865454545453	3.2310688668081897	1.7530033333333332
sub-11872
sub-11872_ses	3.158591304347826	0.33221285881600454	0.5729	2652.25	NA	0.5333333333333333	0	0.0009006944455165179	0.9412740767002106	0.2531464457511903	NA	245.0134	44.309	263.5902	48.4071	155.0558	93.1195	2.6163270563704386	2.898711272727273	3.2415532297173772	1.7087166666666667
sub-11876
sub-11876_ses	2.787292	0.36152236005691313	0.5459	2450.25	NA	0.49101796407185627	0	0.0016359058022482923	0.8926866352558136	0.20152766406536093	NA	250.6122	38.8546	270.5319	44.8736	142.3632	94.71	2.6254410760287583	2.907042909090909	3.2650703189953667	1.70421
sub-11877
sub-11877_ses	2.794134615384615	0.3755382096069395	0.5907	1743.0625	NA	0.5200945626477541	0	0.0010690735979635322	0.9534281194210052	0.2514510303735733	NA	225.5377	42.2048	245.2441	47.2064	128.6416	86.4743	2.635501725203299	2.9895912727272727	3.1478572362159567	1.7690566666666667
sub-11881
sub-11881_ses	2.941645	0.33618502352335083	0.5609	6534.9217	NA	0.6235135662335499	0	0.0013137859893687506	0.7352052927017212	0.21434439718723297	NA	911.612	152.8026	826.5997	144.9675	285.6092	225.8038	3.389022610820391	3.795293090909091	4.163188074885415	2.2085866666666667
sub-11885
sub-11885_ses	5.37443125	0.23605593275030684	0.5665	1383.84	NA	0.5135699373695198	0	0.0015236573398324704	0.951029360294342	0.19455114603042578	NA	248.8117	35.2521	262.4423	48.1862	130.4735	85.3913	2.554529744162421	2.776832	3.2016172324872634	1.6851399999999999
sub-11891
sub-11891_ses	26.686825	0.059437581182658766	0.5549	1075.84	NA	0.5108055009823183	0	0.0019119809178031058	0.9492349922657013	0.20133202075958245	NA	263.4786	33.7612	257.8792	53.6602	93.3045	66.5616	2.7489063262172557	3.0853585454545454	3.366143766530556	1.7952166666666667
sub-11897
sub-11897_ses	9.88401111111111	0.14285792588143328	0.5691	1190.25	NA	0.5148514851485149	0	0.0012225749730594938	0.9634556472301483	0.3046150356531143	NA	212.2554	37.4287	219.0273	46.3965	84.6683	63.6333	2.8216761212121213	3.1617047272727272	3.481483636363636	1.82184
sub-11900
sub-11900_ses	17.297016666666668	0.08472804141017061	0.5505	2185.5625	NA	0.508	0	0.0008369202776422494	0.911449670791626	0.2133170068264003	NA	259.3775	41.1532	264.0777	52.8253	108.9585	76.4226	2.7829719784880105	3.133940363636363	3.4385922384943344	1.7763833333333334
sub-11902
sub-11902_ses	18.779616666666666	0.08483915720934802	0.5603	2209	NA	0.5525727069351231	0	0.0007129115469611128	0.6814892590045929	0.13895072042942047	NA	250.8489	38.5188	243.2248	53.883	92.3888	65.0852	2.5840156451630167	2.9043665454545455	3.1146470567011706	1.7330333333333332
sub-11920
sub-11920_ses	15.567316666666665	0.07859559912589265	0.5696	756.25	NA	0.5353075170842825	0	0.0007968951157105983	1.0145959854125977	0.2908415496349336	NA	238.7839	39.6244	245.6177	51.6165	119.3805	81.4566	2.8519951744832084	3.0307607272727277	3.614894796176896	1.91033
