subject	session	task	run	run_key	nss_count	selection_reason	configuration	classification	n_components	normalized_variance_fraction	motion24_r2_min	motion24_r2_q25	motion24_r2_median	motion24_r2_q75	motion24_r2_p95	motion24_r2_max	motion24_r2_variance_weighted_mean	motion24_r2_gt_10_count	motion24_r2_gt_25_count	motion24_r2_gt_50_count	motion24_r2_gt_10_fraction	motion24_r2_gt_25_fraction	motion24_r2_gt_50_fraction	motion24_r2_gt_10_variance	motion24_r2_gt_25_variance	motion24_r2_gt_50_variance
10418	01	doors	1	sub-10418_ses-01_task-doors_run-1	7	nss_count_7_coverage	fastica	accepted	8	0.20100681285434557	0.1863820575532989	0.2273450793025141	0.4264555707648128	0.5761312516155486	0.8151963324429844	0.8455175780824316	0.45565225441188856	8	5	3	1.0	0.625	0.375	0.20100681285434557	0.12020138386217032	0.08363234653017253
10418	01	doors	1	sub-10418_ses-01_task-doors_run-1	7	nss_count_7_coverage	fastica	rejected	8	0.7989931871456544	0.1692370098304517	0.23482374683103105	0.39543376699220373	0.8781834888301797	0.9693836070963188	0.9802723956156943	0.7535132437551147	8	5	3	1.0	0.625	0.375	0.7989931871456544	0.6829870188827905	0.6043733627371025
10418	01	doors	1	sub-10418_ses-01_task-doors_run-1	7	nss_count_7_coverage	robustica	accepted	10	0.2800417135043485	0.1868181227309072	0.21533078821597573	0.4245297479048499	0.682660251174216	0.9027909183202955	0.9481429419467022	0.500329238538398	10	7	4	1.0	0.7	0.4	0.2800417135043485	0.19822961516073156	0.12590314190030244
10418	01	doors	1	sub-10418_ses-01_task-doors_run-1	7	nss_count_7_coverage	robustica	rejected	5	0.7199582864956515	0.2029088961673935	0.2238910734612285	0.4901261858874554	0.947873622171768	0.9618930812924003	0.9653979460725584	0.8495478291195705	5	3	2	1.0	0.6	0.4	0.7199582864956515	0.6346213707646318	0.6051348669338108
10585	01	socialdoors	1	sub-10585_ses-01_task-socialdoors_run-1	1	high_motion_ordinary_classification	fastica	accepted	16	0.2150251297931024	0.0822289631586215	0.19418385257163578	0.35521530646287747	0.5973103586990285	0.9008379914386864	0.923294593194602	0.4543608329345592	15	11	5	0.9375	0.6875	0.3125	0.20588305826731218	0.147064057413817	0.08374770280420113
10585	01	socialdoors	1	sub-10585_ses-01_task-socialdoors_run-1	1	high_motion_ordinary_classification	fastica	rejected	6	0.7849748702068978	0.6348464606311147	0.7014744053155697	0.905799795190322	0.972415747939036	0.9902222033481249	0.9942533318205105	0.9728016720955089	6	6	6	1.0	1.0	1.0	0.7849748702068978	0.7849748702068978	0.7849748702068978
10585	01	socialdoors	1	sub-10585_ses-01_task-socialdoors_run-1	1	high_motion_ordinary_classification	robustica	accepted	9	0.08353131375318694	0.2120325427976879	0.2945078098023037	0.3549428940557386	0.587881665062081	0.8110950235887946	0.886704062972356	0.4618588109302586	9	8	4	1.0	0.8888888888888888	0.4444444444444444	0.08353131375318694	0.07262221492222262	0.037674064160326606
10585	01	socialdoors	1	sub-10585_ses-01_task-socialdoors_run-1	1	high_motion_ordinary_classification	robustica	rejected	13	0.9164686862468132	0.0850387270744883	0.1424990914943442	0.6445011101165992	0.9262300478614488	0.984667245278044	0.9943197639158656	0.8973591425215921	11	9	8	0.8461538461538461	0.6923076923076923	0.6153846153846154	0.8963810627664118	0.85853446772477	0.840459518720668
10590	01	socialdoors	1	sub-10590_ses-01_task-socialdoors_run-1	6	nss_count_6_coverage	fastica	accepted	9	0.2247129256298544	0.1898832881991651	0.3095713329071178	0.3501238089362872	0.4545661401356673	0.8040673410447673	0.9286072362749156	0.42825572390485406	9	7	2	1.0	0.7777777777777778	0.2222222222222222	0.2247129256298544	0.17481499121317923	0.0503509903717272
10590	01	socialdoors	1	sub-10590_ses-01_task-socialdoors_run-1	6	nss_count_6_coverage	fastica	rejected	11	0.7752870743701459	0.1607719805699548	0.2077086619467881	0.8855169172168327	0.919751718394458	0.9448166335429609	0.9465108607784396	0.7935841180828153	11	6	6	1.0	0.5454545454545454	0.5454545454545454	0.7752870743701459	0.6371698057259879	0.6371698057259879
10590	01	socialdoors	1	sub-10590_ses-01_task-socialdoors_run-1	6	nss_count_6_coverage	robustica	accepted	13	0.5332906372656263	0.1674266582292604	0.2173616557943026	0.3334979921721044	0.4525592492480503	0.937577714115306	0.9501024399346686	0.5076111907838734	13	8	3	1.0	0.6153846153846154	0.23076923076923078	0.5332906372656263	0.3578070963308098	0.18938968337092632
10590	01	socialdoors	1	sub-10590_ses-01_task-socialdoors_run-1	6	nss_count_6_coverage	robustica	rejected	4	0.46670936273437363	0.1705063713286357	0.22767329821171847	0.5971806126746273	0.9503106853081963	0.9567388464242469	0.9583458867032596	0.8437821670229965	4	2	2	1.0	0.5	0.5	0.46670936273437363	0.39847180060499926	0.39847180060499926
10649	01	ugr	1	sub-10649_ses-01_task-ugr_run-1	0	high_motion_ordinary_classification	fastica	accepted	13	0.15221591255364578	0.1598736649557349	0.3307869481208356	0.4501751419428407	0.6592410680077445	0.8487005299099842	0.937930408940444	0.5472668411036051	13	10	6	1.0	0.7692307692307693	0.46153846153846156	0.15221591255364578	0.12920256791052454	0.08301912683204964
10649	01	ugr	1	sub-10649_ses-01_task-ugr_run-1	0	high_motion_ordinary_classification	fastica	rejected	13	0.8477840874463541	0.1004472722318936	0.6304086224078702	0.886918166245778	0.945691303344962	0.9664471267008674	0.9666688691762128	0.8771450139564266	13	11	10	1.0	0.8461538461538461	0.7692307692307693	0.8477840874463541	0.8081430419984365	0.7858123468970806
10649	01	ugr	1	sub-10649_ses-01_task-ugr_run-1	0	high_motion_ordinary_classification	robustica	accepted	17	0.6068173987240774	0.1601622353932353	0.3643113477192227	0.6999882338326702	0.8934045989541833	0.9657441981713505	0.981090874698722	0.8645747813130409	17	15	11	1.0	0.8823529411764706	0.6470588235294118	0.6068173987240774	0.5919981819289282	0.5532552952672893
10649	01	ugr	1	sub-10649_ses-01_task-ugr_run-1	0	high_motion_ordinary_classification	robustica	rejected	7	0.3931826012759226	0.0881246734513618	0.2856151857895256	0.5906048460761887	0.8402570125992977	0.9556989386883659	0.985903385392182	0.821715450843089	6	5	4	0.8571428571428571	0.7142857142857143	0.5714285714285714	0.37383722839214256	0.35359335969560496	0.3305115911592288
10785	01	sharedreward	1	sub-10785_ses-01_task-sharedreward_run-1	0	ordinary_control	fastica	accepted	16	0.25322554768699984	0.1395127326274423	0.28566135533571885	0.3960544384494392	0.5584124841468572	0.7869452821716222	0.818098372348929	0.45139003626792706	16	12	6	1.0	0.75	0.375	0.25322554768699984	0.20369203312972056	0.10122407553212502
10785	01	sharedreward	1	sub-10785_ses-01_task-sharedreward_run-1	0	ordinary_control	fastica	rejected	17	0.7467744523130001	0.0562993172840281	0.2536486800279958	0.4797719993887461	0.8427662335337103	0.9661434619435071	0.9752642674130138	0.7722063528040558	14	13	8	0.8235294117647058	0.7647058823529411	0.47058823529411764	0.6870256349810359	0.671514360894113	0.599616621712795
10785	01	sharedreward	1	sub-10785_ses-01_task-sharedreward_run-1	0	ordinary_control	robustica	accepted	13	0.18526772450997026	0.1381594604226153	0.2489689131638476	0.3753856583713461	0.5983115593357872	0.7313451412177842	0.8695459073211412	0.4433640969751109	13	9	5	1.0	0.6923076923076923	0.38461538461538464	0.18526772450997026	0.13744532861650735	0.07353238460778463
10785	01	sharedreward	1	sub-10785_ses-01_task-sharedreward_run-1	0	ordinary_control	robustica	rejected	20	0.8147322754900299	0.0636561213845855	0.286509627584722	0.48803427198237365	0.841742212689961	0.974770872484911	0.9776399862779716	0.7577562145900921	16	15	9	0.8	0.75	0.45	0.742020215832818	0.7332801279183001	0.6147410981009923
10804	01	sharedreward	2	sub-10804_ses-01_task-sharedreward_run-2	8	nss_count_8_coverage	fastica	accepted	14	0.41326290047072306	0.1304070574565727	0.23873999198328913	0.3047370734899829	0.38150999781926315	0.7490094112338337	0.90835305883695	0.44865294105961806	14	10	3	1.0	0.7142857142857143	0.21428571428571427	0.41326290047072306	0.3144939023023966	0.16723441274628423
10804	01	sharedreward	2	sub-10804_ses-01_task-sharedreward_run-2	8	nss_count_8_coverage	fastica	rejected	13	0.586737099529277	0.1041272126550305	0.263208627786114	0.4327594891856848	0.7186615440423495	0.8283764941907836	0.902536433983503	0.5955534602053748	13	10	6	1.0	0.7692307692307693	0.46153846153846156	0.586737099529277	0.5208568104978982	0.3968174855277014
10804	01	sharedreward	2	sub-10804_ses-01_task-sharedreward_run-2	8	nss_count_8_coverage	robustica	accepted	14	0.6419288520870146	0.1317889033691339	0.2092881051409448	0.29476274267790126	0.4876202126625913	0.7977090666710503	0.8973603047872551	0.39689587395211406	14	9	4	1.0	0.6428571428571429	0.2857142857142857	0.6419288520870146	0.4122098665866584	0.21101717110484147
10804	01	sharedreward	2	sub-10804_ses-01_task-sharedreward_run-2	8	nss_count_8_coverage	robustica	rejected	7	0.3580711479129853	0.1360989362410036	0.15025654963452922	0.1621581715381261	0.2594942098159948	0.3898758988203875	0.4354260875576101	0.2530291858378223	7	2	0	1.0	0.2857142857142857	0.0	0.3580711479129853	0.14122335555113952	0.0
10807	01	sharedreward	2	sub-10807_ses-01_task-sharedreward_run-2	1	high_motion_ordinary_classification	fastica	accepted	25	0.3270665170621158	0.1540552794189075	0.2994624968041853	0.4116108203234734	0.5317370216407044	0.8368668197527196	0.9409910447279988	0.4707837825746028	25	20	8	1.0	0.8	0.32	0.3270665170621158	0.2797367706112625	0.1312128235872007
10807	01	sharedreward	2	sub-10807_ses-01_task-sharedreward_run-2	1	high_motion_ordinary_classification	fastica	rejected	18	0.6729334829378842	0.0360430324859945	0.1479500041712556	0.37806740687026746	0.7948260583178545	0.9370290359659059	0.9452064271462768	0.7628804432276832	14	12	7	0.7777777777777778	0.6666666666666666	0.3888888888888889	0.6333319156591826	0.6236804662356558	0.5562328702577811
10807	01	sharedreward	2	sub-10807_ses-01_task-sharedreward_run-2	1	high_motion_ordinary_classification	robustica	accepted	22	0.3868141197143599	0.1333422204408861	0.32655656133019545	0.4174158435565962	0.6588974511154839	0.9428609075653918	0.9543117763312894	0.5844558438271688	22	17	7	1.0	0.7727272727272727	0.3181818181818182	0.3868141197143599	0.340739061994467	0.1984494132796162
10807	01	sharedreward	2	sub-10807_ses-01_task-sharedreward_run-2	1	high_motion_ordinary_classification	robustica	rejected	15	0.6131858802856399	0.0326264298879781	0.0957054284437	0.3289716477250949	0.6420017475174361	0.8562335158004751	0.9189691097659488	0.7217912667770651	11	9	6	0.7333333333333333	0.6	0.4	0.5724194903227692	0.5585351318305815	0.5020803695644926
10881	02	ugr	1	sub-10881_ses-02_task-ugr_run-1	1	high_rejected_fraction;high_rejected_variance	fastica	rejected	36	0.9999999999999999	0.1569151952491804	0.27371543805465226	0.41244350498459653	0.6197042417241712	0.9807417420895947	0.991237709313816	0.7306945779815023	36	29	14	1.0	0.8055555555555556	0.3888888888888889	0.9999999999999999	0.8821597876091787	0.6874360099819827
10881	02	ugr	1	sub-10881_ses-02_task-ugr_run-1	1	high_rejected_fraction;high_rejected_variance	robustica	rejected	31	0.9999999999999998	0.1573299138849428	0.2524242023935668	0.3603769335957018	0.652431826807955	0.9764109799009739	0.9892015901091652	0.7338966773550489	31	24	10	1.0	0.7741935483870968	0.3225806451612903	0.9999999999999998	0.8670173328860288	0.6875724049730976
10913	01	sharedreward	1	sub-10913_ses-01_task-sharedreward_run-1	1	ordinary_control	fastica	accepted	20	0.791521948470243	0.1470523933500721	0.3028717412064981	0.5725136113831149	0.8216104041967597	0.9735712583069226	0.9867503945291598	0.8654274882343498	20	17	11	1.0	0.85	0.55	0.791521948470243	0.7681062702932885	0.7226237898637436
10913	01	sharedreward	1	sub-10913_ses-01_task-sharedreward_run-1	1	ordinary_control	fastica	rejected	12	0.20847805152975704	0.0937119915354781	0.1718242660810182	0.29916993592965024	0.44706914848084656	0.7642319818906813	0.9314045295797848	0.33688146042522227	11	6	2	0.9166666666666666	0.5	0.16666666666666666	0.18756144620824539	0.09606514486367529	0.03113302263760924
10913	01	sharedreward	1	sub-10913_ses-01_task-sharedreward_run-1	1	ordinary_control	robustica	accepted	18	0.8250080968512674	0.1275291512624111	0.29205213911239425	0.61505489478373	0.7663621331332728	0.976132005464722	0.9872093383557392	0.8595284671289889	18	15	10	1.0	0.8333333333333334	0.5555555555555556	0.8250080968512674	0.7914933194511731	0.7481933441557915
10913	01	sharedreward	1	sub-10913_ses-01_task-sharedreward_run-1	1	ordinary_control	robustica	rejected	9	0.1749919031487327	0.0991805528707769	0.1752360946510356	0.2655713987692384	0.4461807339703477	0.6249849759273681	0.7313019390238948	0.2983708627833073	8	5	1	0.8888888888888888	0.5555555555555556	0.1111111111111111	0.1524100128676099	0.08112795699725744	0.014548278056394897
11005	01	socialdoors	1	sub-11005_ses-01_task-socialdoors_run-1	1	high_rejected_count_high_motion	fastica	accepted	132	0.5718615202536287	0.0543960686168416	0.22303502512587242	0.3627398499273446	0.46674190678483624	0.600007047142133	0.9387694540419405	0.41686021746943674	128	90	26	0.9696969696969697	0.6818181818181818	0.19696969696969696	0.5619649071620726	0.45954581149695145	0.1660595817411252
11005	01	socialdoors	1	sub-11005_ses-01_task-socialdoors_run-1	1	high_rejected_count_high_motion	fastica	rejected	32	0.42813847974637126	0.1084706622398765	0.22783416943722531	0.42738680234382825	0.553855735758576	0.898814822074991	0.9923323872371068	0.6255413182661506	32	23	11	1.0	0.71875	0.34375	0.42813847974637126	0.38085070268182813	0.23133350627498367
11005	01	socialdoors	1	sub-11005_ses-01_task-socialdoors_run-1	1	high_rejected_count_high_motion	robustica	accepted	90	0.5109352681825822	0.0529028318126271	0.17482397118732362	0.2647108908203485	0.4205725199976471	0.5793169935750254	0.8516065973521424	0.3951964987616606	85	50	13	0.9444444444444444	0.5555555555555556	0.14444444444444443	0.49503632048757124	0.3833974966981878	0.13271286218909192
11005	01	socialdoors	1	sub-11005_ses-01_task-socialdoors_run-1	1	high_rejected_count_high_motion	robustica	rejected	32	0.4890647318174178	0.1525371790768327	0.3609813617788955	0.4589117954308872	0.5238010771994444	0.884189862482162	0.9932920613081668	0.6191720861131863	32	29	9	1.0	0.90625	0.28125	0.4890647318174178	0.4658931531528472	0.23705368522446327
11005	01	ugr	1	sub-11005_ses-01_task-ugr_run-1	0	high_rejected_count_high_motion	fastica	accepted	124	0.5113885070332298	0.0381026103019612	0.23888609109536274	0.3264876415382731	0.43708487036404287	0.6508648027884153	0.8685863584874862	0.43861113090513	120	88	21	0.967741935483871	0.7096774193548387	0.1693548387096774	0.500388808059288	0.4291543407876476	0.1630442745947131
11005	01	ugr	1	sub-11005_ses-01_task-ugr_run-1	0	high_rejected_count_high_motion	fastica	rejected	35	0.4886114929667701	0.0638242216041883	0.3126766434735837	0.5235651027710815	0.7264820917850369	0.9658281634354071	0.9788292534669036	0.7478624318052265	33	29	19	0.9428571428571428	0.8285714285714286	0.5428571428571428	0.48163993955042894	0.46931253885801205	0.40353003059965303
11005	01	ugr	1	sub-11005_ses-01_task-ugr_run-1	0	high_rejected_count_high_motion	robustica	accepted	70	0.4719544551331753	0.0402775511091547	0.24200717798386134	0.2926434391558293	0.3719116045604416	0.6664352980943767	0.8642582889460857	0.40666953050485355	66	50	9	0.9428571428571428	0.7142857142857143	0.12857142857142856	0.45766863761935467	0.39177221206893176	0.1361672898321067
11005	01	ugr	1	sub-11005_ses-01_task-ugr_run-1	0	high_rejected_count_high_motion	robustica	rejected	37	0.5280455448668249	0.0610053270876331	0.3175354545989014	0.5057787927543234	0.6434564588028393	0.8339966070497594	0.9637645754126722	0.6080585474475042	35	31	19	0.9459459459459459	0.8378378378378378	0.5135135135135135	0.5240476373325633	0.5034358792823187	0.3827435862799491
11012	01	sharedreward	1	sub-11012_ses-01_task-sharedreward_run-1	2	ordinary_control	fastica	accepted	16	0.12753404874480975	0.12494324011155	0.25810848269135744	0.3989242750901104	0.5436392448708408	0.7195357787775177	0.8670546383964691	0.424757141826866	16	12	6	1.0	0.75	0.375	0.12753404874480975	0.09737035676614675	0.049419173383465395
11012	01	sharedreward	1	sub-11012_ses-01_task-sharedreward_run-1	2	ordinary_control	fastica	rejected	15	0.8724659512551904	0.174023736774344	0.237890063555047	0.3556728246789047	0.8821914154470865	0.9852945548186965	0.9898959608511808	0.8828390098678272	15	10	6	1.0	0.6666666666666666	0.4	0.8724659512551904	0.8100757054454494	0.7590277176196006
11012	01	sharedreward	1	sub-11012_ses-01_task-sharedreward_run-1	2	ordinary_control	robustica	accepted	7	1.5472733514258e-05	0.1206640620721517	0.2391860802941601	0.2959073455507096	0.4053277511836186	0.7529338563631233	0.8696917010767792	0.3630459981351124	7	5	1	1.0	0.7142857142857143	0.14285714285714285	1.5472733514258e-05	1.1119675454656999e-05	1.948343166972e-06
11012	01	sharedreward	1	sub-11012_ses-01_task-sharedreward_run-1	2	ordinary_control	robustica	rejected	23	0.9999845272664857	0.1429335686331034	0.2348730271230127	0.3388987994762686	0.7114298071885319	0.983103593771729	0.9894763744296876	0.2587709352770114	23	16	9	1.0	0.6956521739130435	0.391304347826087	0.9999845272664857	0.5664006904117934	0.00026100149377019803
11012	01	socialdoors	1	sub-11012_ses-01_task-socialdoors_run-1	5	ordinary_control	fastica	accepted	15	0.18743761752494517	0.1835374937145618	0.2457135206115741	0.4649764528763123	0.4909731585247375	0.8312681786898003	0.9158987155747468	0.42999107338067083	15	11	3	1.0	0.7333333333333333	0.2	0.18743761752494517	0.14559430851529231	0.04155383200531179
11012	01	socialdoors	1	sub-11012_ses-01_task-socialdoors_run-1	5	ordinary_control	fastica	rejected	16	0.812562382475055	0.085684367597361	0.14426693540071417	0.3418854341165125	0.9699387425574765	0.9871744595813353	0.99486075229471	0.8599624703134149	15	9	7	0.9375	0.5625	0.4375	0.8053540115173026	0.7159494656981273	0.698093580621646
11012	01	socialdoors	1	sub-11012_ses-01_task-socialdoors_run-1	5	ordinary_control	robustica	accepted	14	0.18157877055689617	0.1880806684059068	0.22816797303784875	0.4669379056568242	0.4986267069271544	0.8430270179313163	0.9150478028263253	0.4406551086174818	14	9	3	1.0	0.6428571428571429	0.21428571428571427	0.18157877055689617	0.13340587981913693	0.03844069489426831
11012	01	socialdoors	1	sub-11012_ses-01_task-socialdoors_run-1	5	ordinary_control	robustica	rejected	17	0.8184212294431039	0.0615695078392661	0.1470149177028923	0.2903227827707082	0.964811165761624	0.9872123953384966	0.9949896493748333	0.8508163249925575	14	9	7	0.8235294117647058	0.5294117647058824	0.4117647058823529	0.7703456106513886	0.7119300551283547	0.6925901036508237
11016	01	trust	2	sub-11016_ses-01_task-trust_run-2	1	ordinary_control	fastica	accepted	19	0.31477685836679614	0.1014346798201487	0.2055472119649094	0.4157249453356687	0.5827009699275425	0.6715062811225069	0.8100204778651295	0.39208299545630587	19	14	6	1.0	0.7368421052631579	0.3157894736842105	0.31477685836679614	0.22609045263354283	0.09999758923994165
11016	01	trust	2	sub-11016_ses-01_task-trust_run-2	1	ordinary_control	fastica	rejected	13	0.6852231416332037	0.0697280989830414	0.1167943711368467	0.3593646635118598	0.5333771000220002	0.9507566344343653	0.9770114629796238	0.72832849789888	12	7	4	0.9230769230769231	0.5384615384615384	0.3076923076923077	0.659588798926817	0.5640614558294907	0.5011166572857544
11016	01	trust	2	sub-11016_ses-01_task-trust_run-2	1	ordinary_control	robustica	accepted	18	0.3012649268497808	0.1102652773003474	0.17288873488343356	0.4227392766059256	0.5622405909907122	0.6441989527552583	0.7877024824923406	0.38819141530075174	18	13	6	1.0	0.7222222222222222	0.3333333333333333	0.3012649268497808	0.21917449649138596	0.09186621583297654
11016	01	trust	2	sub-11016_ses-01_task-trust_run-2	1	ordinary_control	robustica	rejected	11	0.6987350731502193	0.0635778768732403	0.13091795874894724	0.3387952867156738	0.8408434001919531	0.957842394727808	0.97270045264594	0.8039517304679312	10	7	5	0.9090909090909091	0.6363636363636364	0.45454545454545453	0.6739525574419782	0.6287778736597058	0.604926555673852
11036	01	trust	1	sub-11036_ses-01_task-trust_run-1	1	ordinary_control	fastica	accepted	17	0.21342780025495978	0.0897437519938892	0.1753986732755961	0.2238887314412958	0.4980390146419862	0.8750008774142523	0.9023548581739071	0.37501118557310537	16	7	4	0.9411764705882353	0.4117647058823529	0.23529411764705882	0.20393944970552086	0.09122900839041073	0.055288025733032514
11036	01	trust	1	sub-11036_ses-01_task-trust_run-1	1	ordinary_control	fastica	rejected	18	0.7865721997450399	0.0783612647055653	0.14741672120202892	0.25559334374600434	0.6096747867257601	0.9512582652405089	0.9841485470164032	0.8007047264802803	15	9	7	0.8333333333333334	0.5	0.3888888888888889	0.7497910599797828	0.6744823343670666	0.6565785306589135
11036	01	trust	1	sub-11036_ses-01_task-trust_run-1	1	ordinary_control	robustica	accepted	18	0.2349212910576449	0.0876693489729043	0.16612628568445298	0.2354999074158201	0.5212490577764431	0.7975549304590115	0.870158629502696	0.3922775444565022	17	8	5	0.9444444444444444	0.4444444444444444	0.2777777777777778	0.22456512747331975	0.11041820748844217	0.07127980781192104
11036	01	trust	1	sub-11036_ses-01_task-trust_run-1	1	ordinary_control	robustica	rejected	15	0.7650787089423551	0.1014576683219484	0.14561554567480683	0.3542388496599866	0.5507746813323225	0.9570611320551742	0.9838630216673536	0.8132908497476746	15	8	5	1.0	0.5333333333333333	0.3333333333333333	0.7650787089423551	0.6624342538827264	0.6328593685405501
11058	01	trust	1	sub-11058_ses-01_task-trust_run-1	1	high_motion_ordinary_classification	fastica	accepted	28	0.38660418525979456	0.1508147880281858	0.22206487520772583	0.3774588322588561	0.7176842656363356	0.9070091528636935	0.959027110819834	0.5777995942755911	28	19	12	1.0	0.6785714285714286	0.42857142857142855	0.38660418525979456	0.29706264872310373	0.23717695029426616
11058	01	trust	1	sub-11058_ses-01_task-trust_run-1	1	high_motion_ordinary_classification	fastica	rejected	17	0.6133958147402055	0.0790178291074501	0.1255174803240815	0.2085041920040105	0.4738490288561408	0.9345648684557913	0.96055569022966	0.6545239042106653	16	8	3	0.9411764705882353	0.47058823529411764	0.17647058823529413	0.6062846406929092	0.536374984334943	0.32479432286774773
11058	01	trust	1	sub-11058_ses-01_task-trust_run-1	1	high_motion_ordinary_classification	robustica	accepted	28	0.5057375660249314	0.1463248010352457	0.21985634570807933	0.3702967860006907	0.7560336722887999	0.9378237315287105	0.9604152731024233	0.6701236827310147	28	19	12	1.0	0.6785714285714286	0.42857142857142855	0.5057375660249314	0.41583684892260536	0.3568072159933064
11058	01	trust	1	sub-11058_ses-01_task-trust_run-1	1	high_motion_ordinary_classification	robustica	rejected	17	0.4942624339750687	0.0771157262952023	0.1253596197308659	0.1994516722049019	0.46916031941525	0.5948661806151309	0.9607468057534444	0.5792861656467877	16	8	2	0.9411764705882353	0.47058823529411764	0.11764705882352941	0.4872071466184671	0.41734279973734606	0.19649581410502456
11066	01	trust	2	sub-11066_ses-01_task-trust_run-2	3	ordinary_control	fastica	accepted	22	0.30643030941656474	0.0735999339270359	0.26623444440249555	0.3788769529529725	0.516861675607281	0.9515307844428051	0.964601977932601	0.5248145124041683	21	18	7	0.9545454545454546	0.8181818181818182	0.3181818181818182	0.29819326919559136	0.2618348239813028	0.1289709057923665
11066	01	trust	2	sub-11066_ses-01_task-trust_run-2	3	ordinary_control	fastica	rejected	15	0.6935696905834353	0.0419652399039283	0.0933107579102914	0.1198238406280134	0.7859206761133811	0.9877243053646403	0.9954267086044188	0.8384794906999857	11	7	5	0.7333333333333333	0.4666666666666667	0.3333333333333333	0.6460364361011093	0.6075011585667943	0.5718251255194385
11066	01	trust	2	sub-11066_ses-01_task-trust_run-2	3	ordinary_control	robustica	accepted	21	0.2564626697557691	0.0746509445081332	0.2638853833931938	0.3578061305676242	0.5374505040715245	0.8783709593507965	0.956587213552572	0.44817509674918105	20	16	6	0.9523809523809523	0.7619047619047619	0.2857142857142857	0.24827498935279055	0.20747274630423215	0.08159144692032164
11066	01	trust	2	sub-11066_ses-01_task-trust_run-2	3	ordinary_control	robustica	rejected	15	0.7435373302442309	0.0585645104009245	0.09363798444583846	0.3653185326704947	0.9517750399786347	0.9832257110257155	0.9947970366404018	0.8512086292521578	10	8	6	0.6666666666666666	0.5333333333333333	0.4	0.6890336982771258	0.6638923999668096	0.6285304674196376
11066	01	ugr	1	sub-11066_ses-01_task-ugr_run-1	2	ordinary_control	fastica	accepted	20	0.2503529888283109	0.1373431350968893	0.27641042200309457	0.3419124890594657	0.5477795550816302	0.7513161919339755	0.9271411574064538	0.4351762549029313	20	16	6	1.0	0.8	0.3	0.2503529888283109	0.2017244635012868	0.0766742771989956
11066	01	ugr	1	sub-11066_ses-01_task-ugr_run-1	2	ordinary_control	fastica	rejected	12	0.7496470111716892	0.0616272680101538	0.11343907015171645	0.30352176979967027	0.9341996160213342	0.9872999945545493	0.9897701277629298	0.885122237603216	11	6	5	0.9166666666666666	0.5	0.4166666666666667	0.735647710668529	0.6825225468895282	0.6709690191346716
11066	01	ugr	1	sub-11066_ses-01_task-ugr_run-1	2	ordinary_control	robustica	accepted	15	0.21019634249713814	0.1372393209076521	0.2338235033356414	0.2900047730736187	0.6135459025107193	0.7480497408779234	0.7844834421422404	0.3996686076748514	15	10	5	1.0	0.6666666666666666	0.3333333333333333	0.21019634249713814	0.1543252225266238	0.06396161176615359
11066	01	ugr	1	sub-11066_ses-01_task-ugr_run-1	2	ordinary_control	robustica	rejected	13	0.7898036575028615	0.0656209172388295	0.1245804157532077	0.4085526331775728	0.9375177519354672	0.9864214576465322	0.9894172406493252	0.8807530993084882	12	7	6	0.9230769230769231	0.5384615384615384	0.46153846153846156	0.7716335590448751	0.7159763735316638	0.7045072631882484
11068	01	doors	1	sub-11068_ses-01_task-doors_run-1	1	ordinary_control	fastica	accepted	14	0.1992468227729696	0.2233017216230849	0.3092916348743573	0.4711175046459022	0.6470175421380432	0.8228295897105615	0.8929296069710848	0.5105190645965562	14	12	6	1.0	0.8571428571428571	0.42857142857142855	0.1992468227729696	0.16759870440190808	0.08583625464858415
11068	01	doors	1	sub-11068_ses-01_task-doors_run-1	1	ordinary_control	fastica	rejected	14	0.8007531772270303	0.0851793868824154	0.17466560793897218	0.45661167699277994	0.7700632095105859	0.9862357895039762	0.991648967606296	0.8492120062298721	11	10	6	0.7857142857142857	0.7142857142857143	0.42857142857142855	0.7557826274708912	0.7287116138434296	0.6776403592060102
11068	01	doors	1	sub-11068_ses-01_task-doors_run-1	1	ordinary_control	robustica	accepted	13	0.1835917914574493	0.2220648769788449	0.2963623689786419	0.4103127676364491	0.6567221504602558	0.818470365029858	0.8890217703382135	0.4980830688641721	13	12	5	1.0	0.9230769230769231	0.38461538461538464	0.1835917914574493	0.16426143961107562	0.07037994495700123
11068	01	doors	1	sub-11068_ses-01_task-doors_run-1	1	ordinary_control	robustica	rejected	15	0.8164082085425507	0.085766615306693	0.22604776921886696	0.5377040613512079	0.7081521582326423	0.9861318324108308	0.9923980740173202	0.8478501448828506	13	11	8	0.8666666666666667	0.7333333333333333	0.5333333333333333	0.7812213989595626	0.7456670046878416	0.705363667842619
11068	01	sharedreward	1	sub-11068_ses-01_task-sharedreward_run-1	2	ordinary_control	fastica	accepted	17	0.25825252165871726	0.2326308869135993	0.2992612458481515	0.5634005254001766	0.6475034372462957	0.8533219366624933	0.9415701049185076	0.5239691135169325	17	14	9	1.0	0.8235294117647058	0.5294117647058824	0.25825252165871726	0.21149393706969982	0.14734451715613
11068	01	sharedreward	1	sub-11068_ses-01_task-sharedreward_run-1	2	ordinary_control	fastica	rejected	14	0.7417474783412829	0.0748828577812104	0.18068768356342996	0.32570598326330674	0.4849169501053133	0.9780061168037121	0.9841411130252772	0.8177830631095757	12	9	4	0.8571428571428571	0.6428571428571429	0.2857142857142857	0.7037702715471649	0.6436849895945315	0.589832050669431
11068	01	sharedreward	1	sub-11068_ses-01_task-sharedreward_run-1	2	ordinary_control	robustica	accepted	16	0.23114959686516867	0.2354619355200002	0.2955184566546476	0.40607966217480207	0.6022598337838352	0.9175325040657607	0.9344383767185388	0.49701151772876206	16	13	7	1.0	0.8125	0.4375	0.23114959686516867	0.1866930882645165	0.1169506631374323
11068	01	sharedreward	1	sub-11068_ses-01_task-sharedreward_run-1	2	ordinary_control	robustica	rejected	14	0.7688504031348311	0.090441198694789	0.1757905325531631	0.4232614612609666	0.6438306522354762	0.9778802221235602	0.9845504651780664	0.8337913543912734	13	8	5	0.9285714285714286	0.5714285714285714	0.35714285714285715	0.760041987088416	0.6590730923875538	0.6311793867686368
11072	01	sharedreward	2	sub-11072_ses-01_task-sharedreward_run-2	0	nss_zero_control	fastica	accepted	22	0.18346511553143294	0.2153749440785554	0.2874537649640102	0.32843899287435196	0.4286620650079089	0.566950962949961	0.8992758240106437	0.36232637827286096	22	20	2	1.0	0.9090909090909091	0.09090909090909091	0.18346511553143294	0.16791526731726017	0.016863231643020605
11072	01	sharedreward	2	sub-11072_ses-01_task-sharedreward_run-2	0	nss_zero_control	fastica	rejected	13	0.8165348844685671	0.0955894209797882	0.2009845597991671	0.3577502463168556	0.9258838200218764	0.9686344690055776	0.98848446608706	0.9195469207237322	12	7	6	0.9230769230769231	0.5384615384615384	0.46153846153846156	0.8102086778813427	0.7756344230396199	0.7705831972298761
11072	01	sharedreward	2	sub-11072_ses-01_task-sharedreward_run-2	0	nss_zero_control	robustica	accepted	14	0.1500989632931808	0.2295861529370803	0.2613876854260379	0.3490180497214028	0.5027208214308596	0.895733617028199	0.9185333102605984	0.4311696145822844	14	12	4	1.0	0.8571428571428571	0.2857142857142857	0.1500989632931808	0.11992440852881188	0.04235866219187047
11072	01	sharedreward	2	sub-11072_ses-01_task-sharedreward_run-2	0	nss_zero_control	robustica	rejected	14	0.8499010367068194	0.1082102581215486	0.15262272314340175	0.29263831696945725	0.7836370634303734	0.9666497344555928	0.988653591398655	0.900250574391972	14	8	4	1.0	0.5714285714285714	0.2857142857142857	0.8499010367068194	0.8128912311020691	0.7712029525315649
11246	01	ugr	2	sub-11246_ses-01_task-ugr_run-2	1	ordinary_control	fastica	accepted	15	0.1863373455571179	0.1219741730217155	0.27849554490752804	0.481694974285803	0.521333043218873	0.8953827127078314	0.910040525305714	0.5185714981766698	15	12	6	1.0	0.8	0.4	0.1863373455571179	0.16493776085999015	0.08732631425965366
11246	01	ugr	2	sub-11246_ses-01_task-ugr_run-2	1	ordinary_control	fastica	rejected	21	0.813662654442882	0.0716206152386605	0.2477692045328611	0.3630269074343647	0.6752443640077327	0.980461674761358	0.9807159027320852	0.808455277253524	20	15	6	0.9523809523809523	0.7142857142857143	0.2857142857142857	0.8073060163902301	0.751802388911953	0.631096734825642
11246	01	ugr	2	sub-11246_ses-01_task-ugr_run-2	1	ordinary_control	robustica	accepted	11	0.18181143845420517	0.1273520107651916	0.2602199119631923	0.3922495779042879	0.49675364447505876	0.9180210253874342	0.9397354951758476	0.5033732918988433	11	10	3	1.0	0.9090909090909091	0.2727272727272727	0.18181143845420517	0.17549215131100016	0.06252087196048677
11246	01	ugr	2	sub-11246_ses-01_task-ugr_run-2	1	ordinary_control	robustica	rejected	20	0.8181885615457949	0.0647753806077735	0.20299935007112455	0.33285328844159334	0.8194368620705487	0.9772090613870511	0.9873613304977878	0.8310724683583512	18	13	7	0.9	0.65	0.35	0.8053040414578149	0.7480884159566094	0.6647441809134372
11276	01	trust	2	sub-11276_ses-01_task-trust_run-2	3	high_rejected_count_high_motion;high_ica_dimensionality	fastica	accepted	113	0.6488249402601066	0.0801249559513923	0.2241103636543417	0.3172666720343301	0.4147730266796039	0.612338128377804	0.982114453795232	0.4069136158800247	111	77	13	0.9823008849557522	0.6814159292035398	0.11504424778761062	0.6386651293242962	0.5051938722092708	0.13435827288910332
11276	01	trust	2	sub-11276_ses-01_task-trust_run-2	3	high_rejected_count_high_motion;high_ica_dimensionality	fastica	rejected	37	0.3511750597398934	0.0648976185088585	0.3070129298189402	0.429189998470551	0.588323015683714	0.840117009367637	0.966429861392708	0.5318129577612669	33	28	14	0.8918918918918919	0.7567567567567568	0.3783783783783784	0.334027655939525	0.28722719757364057	0.1763817474381356
11276	01	trust	2	sub-11276_ses-01_task-trust_run-2	3	high_rejected_count_high_motion;high_ica_dimensionality	robustica	accepted	84	0.5884107663981284	0.0788460357398238	0.19935640208422645	0.28596462349475055	0.39517183181253435	0.5781575675750343	0.6485902250675718	0.3437755143034141	81	48	9	0.9642857142857143	0.5714285714285714	0.10714285714285714	0.5697608580051652	0.4056933472386743	0.0865638054050998
11276	01	trust	2	sub-11276_ses-01_task-trust_run-2	3	high_rejected_count_high_motion;high_ica_dimensionality	robustica	rejected	30	0.4115892336018718	0.0570568871300586	0.27456422702354205	0.3872189294515411	0.600174706844079	0.9007976162297289	0.985135424180954	0.6013968688137231	26	23	10	0.8666666666666667	0.7666666666666667	0.3333333333333333	0.39344830329849473	0.3603395276709134	0.21774937883392742
11301	01	sharedreward	2	sub-11301_ses-01_task-sharedreward_run-2	2	ordinary_control	fastica	accepted	19	0.384463557991042	0.162129365860614	0.23782085219244906	0.3361187681349293	0.4741102534987218	0.8459425371738887	0.8667701204332046	0.41802974541227256	19	13	4	1.0	0.6842105263157895	0.21052631578947367	0.384463557991042	0.2622009744774135	0.0879403027516353
11301	01	sharedreward	2	sub-11301_ses-01_task-sharedreward_run-2	2	ordinary_control	fastica	rejected	13	0.6155364420089581	0.0791347083323096	0.0954231775916436	0.237190220769504	0.8854552108598923	0.9615224615738004	0.9754949642318396	0.6786087498986583	9	6	4	0.6923076923076923	0.46153846153846156	0.3076923076923077	0.5326161535328161	0.46366461896793576	0.41141561655778636
11301	01	sharedreward	2	sub-11301_ses-01_task-sharedreward_run-2	2	ordinary_control	robustica	accepted	18	0.3723574968183655	0.1634619509118041	0.2407186523722266	0.3295897824619005	0.4672653346383821	0.7282292704050475	0.864368240251276	0.39170167666414374	18	13	4	1.0	0.7222222222222222	0.2222222222222222	0.3723574968183655	0.2628089444644205	0.0790155243257041
11301	01	sharedreward	2	sub-11301_ses-01_task-sharedreward_run-2	2	ordinary_control	robustica	rejected	13	0.6276425031816346	0.0771792932496509	0.1076676135470324	0.2673934674678494	0.8614558310405666	0.9771208590998917	0.9811236016919406	0.6841561553061344	10	7	4	0.7692307692307693	0.5384615384615384	0.3076923076923077	0.5556231090175525	0.48695460855307326	0.4213536742443659
11325	01	trust	2	sub-11325_ses-01_task-trust_run-2	1	ordinary_control	fastica	accepted	20	0.35031378173207145	0.1505027158527934	0.23852929179656285	0.30728074195137844	0.4487196832332452	0.6974419492286261	0.7121967306266792	0.3526856535424946	20	14	5	1.0	0.7	0.25	0.35031378173207145	0.24067104618602808	0.08775782594764359
11325	01	trust	2	sub-11325_ses-01_task-trust_run-2	1	ordinary_control	fastica	rejected	13	0.6496862182679285	0.1006471744702096	0.1529137342588837	0.283376552943689	0.5882806623848978	0.8848226693564268	0.926116542300638	0.5888676025237118	13	7	4	1.0	0.5384615384615384	0.3076923076923077	0.6496862182679285	0.5338782969713982	0.4307246157750298
11325	01	trust	2	sub-11325_ses-01_task-trust_run-2	1	ordinary_control	robustica	accepted	20	0.4585105733089299	0.1399369568348476	0.230520972852709	0.31921336229174374	0.5080287051916923	0.7235006305094352	0.7605907695502427	0.45187309470436177	20	13	6	1.0	0.65	0.3	0.4585105733089299	0.33431581311720926	0.21031675244351372
11325	01	trust	2	sub-11325_ses-01_task-trust_run-2	1	ordinary_control	robustica	rejected	12	0.54148942669107	0.0968809536351124	0.16041124352611202	0.3102573899297365	0.4556935913508528	0.8806137695001297	0.9204438372455188	0.5299956581145844	11	7	3	0.9166666666666666	0.5833333333333334	0.25	0.521573492635481	0.4383398762499941	0.32876267237912504
11329	01	sharedreward	1	sub-11329_ses-01_task-sharedreward_run-1	2	ordinary_control	fastica	accepted	15	0.32085370880259473	0.1748310966445554	0.2127585695331191	0.2899622247755953	0.3483055852596052	0.6069535350328458	0.6976321030254204	0.33220354483161413	15	9	2	1.0	0.6	0.13333333333333333	0.32085370880259473	0.20200371200322748	0.04594645928609016
11329	01	sharedreward	1	sub-11329_ses-01_task-sharedreward_run-1	2	ordinary_control	fastica	rejected	16	0.6791462911974053	0.111098556723743	0.15752151937018594	0.2632063310605326	0.5201774792179651	0.8508905857562914	0.8860149121931575	0.6149759755729312	16	8	5	1.0	0.5	0.3125	0.6791462911974053	0.5129216625580785	0.4611317683431056
11329	01	sharedreward	1	sub-11329_ses-01_task-sharedreward_run-1	2	ordinary_control	robustica	accepted	16	0.3385730995100632	0.1783646431077309	0.21973791660349012	0.24894315664223401	0.3608016817699984	0.6099144128143128	0.6817911754005255	0.32394456127312143	16	8	3	1.0	0.5	0.1875	0.3385730995100632	0.18877401722656417	0.05436961738560726
11329	01	sharedreward	1	sub-11329_ses-01_task-sharedreward_run-1	2	ordinary_control	robustica	rejected	13	0.6614269004899367	0.1107614091631796	0.1334764967669713	0.2438517573367946	0.5834941661921524	0.8398538231137964	0.8542185106669822	0.6320922161035436	13	6	5	1.0	0.46153846153846156	0.38461538461538464	0.6614269004899367	0.5017711727597494	0.4833953870505109
11340	01	ugr	1	sub-11340_ses-01_task-ugr_run-1	2	ordinary_control	fastica	accepted	14	0.24983560896793433	0.1864652590786801	0.2599356626472544	0.48975507265466883	0.6678210280009417	0.869873284934238	0.8864981285273518	0.5518633797375104	14	11	7	1.0	0.7857142857142857	0.5	0.24983560896793433	0.2124169221579261	0.13104749014872522
11340	01	ugr	1	sub-11340_ses-01_task-ugr_run-1	2	ordinary_control	fastica	rejected	17	0.7501643910320654	0.1903572878796945	0.3353926293359904	0.4250972003740503	0.6795074102928048	0.9082214268872858	0.947248527174822	0.7588456639301742	17	13	8	1.0	0.7647058823529411	0.47058823529411764	0.7501643910320654	0.7076435146897131	0.6139369098340441
11340	01	ugr	1	sub-11340_ses-01_task-ugr_run-1	2	ordinary_control	robustica	accepted	15	0.38988563015407957	0.1805739815441572	0.33647851245786997	0.5590814679133215	0.7155733907591542	0.9063610594728502	0.9464952127811724	0.6747256009736101	15	12	9	1.0	0.8	0.6	0.38988563015407957	0.3536509960338911	0.27871360538390905
11340	01	ugr	1	sub-11340_ses-01_task-ugr_run-1	2	ordinary_control	robustica	rejected	12	0.6101143698459205	0.2017149061101705	0.3107707281443378	0.3911640754746376	0.6327728249424867	0.9459568755208223	0.9680996004825098	0.798983685606691	12	10	4	1.0	0.8333333333333334	0.3333333333333333	0.6101143698459205	0.5903582640440873	0.47630955467450053
11410	01	socialdoors	1	sub-11410_ses-01_task-socialdoors_run-1	1	ordinary_control	fastica	accepted	14	0.15940647726492463	0.1935672137014961	0.2479766610399807	0.4056757742036835	0.5338295604418863	0.7105494725165369	0.7312727180042775	0.4289294619075387	14	9	5	1.0	0.6428571428571429	0.35714285714285715	0.15940647726492463	0.10325618223635744	0.06670956076727608
11410	01	socialdoors	1	sub-11410_ses-01_task-socialdoors_run-1	1	ordinary_control	fastica	rejected	16	0.8405935227350754	0.1428962787728777	0.5203211007315373	0.7608641415013462	0.9015165996076784	0.9825796945955814	0.9880106925339162	0.8864256418999023	16	12	12	1.0	0.75	0.75	0.8405935227350754	0.7923126859349964	0.7923126859349964
11410	01	socialdoors	1	sub-11410_ses-01_task-socialdoors_run-1	1	ordinary_control	robustica	accepted	15	0.2097040946921559	0.1830133203359385	0.2485282011538098	0.4640716879547708	0.568415127631607	0.8533534747356266	0.9012458661798748	0.5164840697051569	15	11	6	1.0	0.7333333333333333	0.4	0.2097040946921559	0.1625763540650281	0.11114334208612482
11410	01	socialdoors	1	sub-11410_ses-01_task-socialdoors_run-1	1	ordinary_control	robustica	rejected	13	0.7902959053078442	0.1263092778521977	0.213627766241642	0.736199125726239	0.8020317265225297	0.9824614870036635	0.9884154979153396	0.8865542424131726	13	9	9	1.0	0.6923076923076923	0.6923076923076923	0.7902959053078442	0.7404642956263866	0.7404642956263866
11433	01	socialdoors	1	sub-11433_ses-01_task-socialdoors_run-1	1	ordinary_control	fastica	accepted	14	0.3410936054321253	0.1120377285112739	0.17602639571382298	0.2696000455768084	0.46293049224746297	0.8804559852125757	0.8990821595678836	0.36404591041983614	14	7	4	1.0	0.5	0.2857142857142857	0.3410936054321253	0.16074938622145465	0.10210824066121012
11433	01	socialdoors	1	sub-11433_ses-01_task-socialdoors_run-1	1	ordinary_control	fastica	rejected	15	0.6589063945678747	0.1254592962566041	0.1960302454253789	0.3101407282491719	0.7683530421993269	0.8152324047780839	0.8624706015694809	0.5593898916893524	15	9	6	1.0	0.6	0.4	0.6589063945678747	0.5288701964535313	0.3831301759998568
11433	01	socialdoors	1	sub-11433_ses-01_task-socialdoors_run-1	1	ordinary_control	robustica	accepted	12	0.5088312536281439	0.1078380227629528	0.1608080205886117	0.21896821232574148	0.43517761869442856	0.8871177641893461	0.9015887456847982	0.3710929546568018	12	5	3	1.0	0.4166666666666667	0.25	0.5088312536281439	0.20061560011116028	0.13466157568283688
11433	01	socialdoors	1	sub-11433_ses-01_task-socialdoors_run-1	1	ordinary_control	robustica	rejected	13	0.4911687463718561	0.1272763973878083	0.17189995244192	0.2510817784075435	0.3344314392603986	0.6344922908472306	0.8037670320471555	0.31362307902500847	13	7	2	1.0	0.5384615384615384	0.15384615384615385	0.4911687463718561	0.28602411145093526	0.10344798402494501
11440	01	ugr	1	sub-11440_ses-01_task-ugr_run-1	1	ordinary_control	fastica	accepted	19	0.342354979355598	0.1805219622071883	0.24416622859759618	0.3252103584078801	0.42994762993425634	0.9526233970506424	0.9806481531533092	0.62154051147898	19	14	3	1.0	0.7368421052631579	0.15789473684210525	0.342354979355598	0.29819958478529335	0.15760842647501172
11440	01	ugr	1	sub-11440_ses-01_task-ugr_run-1	1	ordinary_control	fastica	rejected	14	0.6576450206444021	0.0882614704647842	0.15134516043066942	0.401871717627408	0.8769522504841667	0.9848719473744254	0.9855292698364116	0.823046840288184	13	9	7	0.9285714285714286	0.6428571428571429	0.5	0.6389378528682685	0.5706472222731449	0.5491127689254142
11440	01	ugr	1	sub-11440_ses-01_task-ugr_run-1	1	ordinary_control	robustica	accepted	17	0.3142576189852234	0.1912783079217901	0.3092639352033348	0.3554963318718745	0.5103383297003444	0.9579351965049722	0.9775376449172578	0.615791879980878	17	13	5	1.0	0.7647058823529411	0.29411764705882354	0.3142576189852234	0.2791350984140504	0.16934316249080486
11440	01	ugr	1	sub-11440_ses-01_task-ugr_run-1	1	ordinary_control	robustica	rejected	13	0.6857423810147764	0.0827516904017704	0.1314208681951774	0.3060094105914666	0.8973321683083837	0.9848112760834539	0.9868273952693418	0.7539450933331854	12	8	5	0.9230769230769231	0.6153846153846154	0.38461538461538464	0.6729808508736784	0.6049713645399177	0.48497527711439
11451	01	doors	1	sub-11451_ses-01_task-doors_run-1	4	ordinary_control	fastica	accepted	15	0.3128021158710011	0.1345272569627528	0.21888157286748744	0.4191716900307665	0.5191029025939091	0.8372472944329333	0.9197821871821572	0.433563576797453	15	10	5	1.0	0.6666666666666666	0.3333333333333333	0.3128021158710011	0.20616533165759593	0.1251663922250052
11451	01	doors	1	sub-11451_ses-01_task-doors_run-1	4	ordinary_control	fastica	rejected	15	0.6871978841289991	0.0563201111667459	0.14953929696558993	0.4148285054413894	0.5904092251690608	0.9562277361772114	0.9613018115884816	0.6569872610005282	14	10	6	0.9333333333333333	0.6666666666666666	0.4	0.6570111351046406	0.5409499515641717	0.46358665196256954
11451	01	doors	1	sub-11451_ses-01_task-doors_run-1	4	ordinary_control	robustica	accepted	15	0.3036807892477662	0.1302983431517247	0.21462290688443056	0.2919157936857053	0.4961753311464643	0.7438041096434003	0.8029233786830877	0.390168424758128	15	10	4	1.0	0.6666666666666666	0.26666666666666666	0.3036807892477662	0.19793741469883294	0.10520128071186215
11451	01	doors	1	sub-11451_ses-01_task-doors_run-1	4	ordinary_control	robustica	rejected	15	0.6963192107522339	0.0555122641547071	0.15290191237759498	0.4780293550820588	0.6351091564107398	0.9588118716192962	0.9664562193687192	0.6819934057177509	14	10	7	0.9333333333333333	0.6666666666666666	0.4666666666666667	0.6668965547019013	0.5534434650625394	0.48993685228536704
11451	01	ugr	2	sub-11451_ses-01_task-ugr_run-2	2	ordinary_control	fastica	accepted	16	0.18727349582809338	0.0953389042198489	0.1886560580682593	0.28384010516692615	0.34504886554080183	0.5924285280862718	0.6228542150073737	0.2858087855875985	15	9	2	0.9375	0.5625	0.125	0.17211620287717214	0.09207745963334359	0.02181243204204629
11451	01	ugr	2	sub-11451_ses-01_task-ugr_run-2	2	ordinary_control	fastica	rejected	16	0.8127265041719067	0.2073766352441556	0.2521982778609825	0.4388990727965224	0.7115992966295178	0.9827785373604994	0.9842412459194791	0.7971794904816019	16	12	6	1.0	0.75	0.375	0.8127265041719067	0.7190804250767547	0.6466265993650225
11451	01	ugr	2	sub-11451_ses-01_task-ugr_run-2	2	ordinary_control	robustica	accepted	15	0.21736276056714712	0.0912951680268028	0.1893599085191613	0.2933722308035463	0.41208947560694864	0.6410836551154317	0.6826803521632052	0.3674603317989247	14	10	3	0.9333333333333333	0.6666666666666666	0.2	0.20131361456265975	0.15199225483639706	0.0629733057618352
11451	01	ugr	2	sub-11451_ses-01_task-ugr_run-2	2	ordinary_control	robustica	rejected	15	0.7826372394328528	0.1983246276099204	0.2429847797205249	0.4301389760960573	0.7112704731542594	0.9755476497166101	0.976012718747323	0.797784421857534	15	10	6	1.0	0.6666666666666666	0.4	0.7826372394328528	0.675827908619529	0.6250617671284442
11518	01	socialdoors	1	sub-11518_ses-01_task-socialdoors_run-1	1	ordinary_control	fastica	accepted	17	0.28425026076190707	0.1853074287774183	0.373782473629505	0.4776604517613322	0.6742354980723951	0.9182333405321674	0.9487686153298934	0.5652776641035798	17	15	8	1.0	0.8823529411764706	0.47058823529411764	0.28425026076190707	0.24271194609138977	0.1469995899682197
11518	01	socialdoors	1	sub-11518_ses-01_task-socialdoors_run-1	1	ordinary_control	fastica	rejected	12	0.7157497392380929	0.2003017389458603	0.3398077667658558	0.5537963885327901	0.7930998986526515	0.8778108009960696	0.881078025594032	0.7618520352208689	12	10	8	1.0	0.8333333333333334	0.6666666666666666	0.7157497392380929	0.6774374775783327	0.6390790163868374
11518	01	socialdoors	1	sub-11518_ses-01_task-socialdoors_run-1	1	ordinary_control	robustica	accepted	15	0.3368172504501847	0.212833338057424	0.33822201149826103	0.4928589447452599	0.868868736268757	0.9541298556908997	0.9551021997525287	0.6372136284184431	15	13	6	1.0	0.8666666666666667	0.4	0.3368172504501847	0.2985497145138371	0.17275415993399948
11518	01	socialdoors	1	sub-11518_ses-01_task-socialdoors_run-1	1	ordinary_control	robustica	rejected	11	0.6631827495498155	0.2095648969781766	0.32615681802968444	0.5013394193049703	0.6956783885580682	0.8613536142272258	0.8855790164040073	0.7377326474097644	11	10	6	1.0	0.9090909090909091	0.5454545454545454	0.6631827495498155	0.6461040617412515	0.5761477548291847
11526	01	doors	1	sub-11526_ses-01_task-doors_run-1	1	high_rejected_count_low_motion	fastica	accepted	6	0.29406927293277807	0.2160698855797777	0.2397668192283682	0.43593576342155005	0.6340018356509947	0.652324098045346	0.6572685601616233	0.4418934376981908	6	3	3	1.0	0.5	0.5	0.29406927293277807	0.15142870779076048	0.15142870779076048
11526	01	doors	1	sub-11526_ses-01_task-doors_run-1	1	high_rejected_count_low_motion	fastica	rejected	7	0.7059307270672219	0.1540357592075143	0.29328676649411084	0.4172186547607861	0.5991722255258727	0.6775772820889115	0.6863802532195162	0.43517289458994174	7	5	3	1.0	0.7142857142857143	0.42857142857142855	0.7059307270672219	0.5976368520327213	0.20484628088473733
11526	01	doors	1	sub-11526_ses-01_task-doors_run-1	1	high_rejected_count_low_motion	robustica	accepted	5	0.36483527237213575	0.1385023264083288	0.2418181512328523	0.6107753457029369	0.6549927451199455	0.6764681280097034	0.6818369737321428	0.47465403119428295	5	3	3	1.0	0.6	0.6	0.36483527237213575	0.22641527700245767	0.22641527700245767
11526	01	doors	1	sub-11526_ses-01_task-doors_run-1	1	high_rejected_count_low_motion	robustica	rejected	3	0.6351647276278642	0.1646637523812769	0.2918514883393168	0.4190392242973567	0.4232879725016512	0.4266869710650868	0.4275367207059457	0.3949298533843419	3	2	0	1.0	0.6666666666666666	0.0	0.6351647276278642	0.5582063707915419	0.0
11526	01	ugr	1	sub-11526_ses-01_task-ugr_run-1	2	high_rejected_count_low_motion	fastica	accepted	15	0.7278113987552887	0.1540577419460972	0.3116051826019458	0.380425669577518	0.4820078792261022	0.6852720862504446	0.8296657599842471	0.39833107545068547	15	12	4	1.0	0.8	0.26666666666666666	0.7278113987552887	0.629295974110353	0.1506333239994183
11526	01	ugr	1	sub-11526_ses-01_task-ugr_run-1	2	high_rejected_count_low_motion	fastica	rejected	6	0.2721886012447115	0.1499948569284576	0.22901247569415523	0.2903451298919961	0.3193593796891025	0.4782725690005025	0.5295208479463036	0.32586641826862617	6	4	1	1.0	0.6666666666666666	0.16666666666666666	0.2721886012447115	0.20406957089917954	0.06435539919242317
11526	01	ugr	1	sub-11526_ses-01_task-ugr_run-1	2	high_rejected_count_low_motion	robustica	accepted	13	0.6122865395624255	0.1494944099054722	0.1864935131091014	0.3741992560532764	0.5304648358690749	0.7482155033076904	0.8275461688702095	0.3861236399522421	13	9	4	1.0	0.6923076923076923	0.3076923076923077	0.6122865395624255	0.4971427655787279	0.14518061442401095
11526	01	ugr	1	sub-11526_ses-01_task-ugr_run-1	2	high_rejected_count_low_motion	robustica	rejected	8	0.3877134604375743	0.1866091317352698	0.2118413527478346	0.29198984144856577	0.33064928699077073	0.4349376464948572	0.4698164709622935	0.32796785343046503	8	5	0	1.0	0.625	0.0	0.3877134604375743	0.28365740877785117	0.0
11527	01	socialdoors	1	sub-11527_ses-01_task-socialdoors_run-1	0	nss_zero_control	fastica	accepted	14	0.2389081574486796	0.1329325153177962	0.21134572783673208	0.2893661166839836	0.4750442287819596	0.7573100039178435	0.9140395659496708	0.3831515207221994	14	8	3	1.0	0.5714285714285714	0.21428571428571427	0.2389081574486796	0.13071644211230574	0.048509803219379505
11527	01	socialdoors	1	sub-11527_ses-01_task-socialdoors_run-1	0	nss_zero_control	fastica	rejected	16	0.7610918425513202	0.1261905323570836	0.2805650500943576	0.421078083508744	0.6134007163023689	0.8582956697879441	0.9086642250270082	0.6380054000619335	16	13	7	1.0	0.8125	0.4375	0.7610918425513202	0.7144521779056315	0.5324065146742881
11527	01	socialdoors	1	sub-11527_ses-01_task-socialdoors_run-1	0	nss_zero_control	robustica	accepted	14	0.3612713690571025	0.1359545149926514	0.211178471587935	0.31041390272127956	0.5509544609233623	0.7681383961784957	0.9185209065513188	0.4362101292954129	14	8	5	1.0	0.5714285714285714	0.35714285714285715	0.3612713690571025	0.23318081511577665	0.1802466555313647
11527	01	socialdoors	1	sub-11527_ses-01_task-socialdoors_run-1	0	nss_zero_control	robustica	rejected	14	0.6387286309428974	0.0789442271460979	0.2906917288146215	0.32101937600140207	0.678932558124707	0.7808109947455134	0.7831852577529086	0.5698312265556219	13	12	6	0.9285714285714286	0.8571428571428571	0.42857142857142855	0.6262267793058249	0.6051352894470395	0.4417801884923035
11527	01	trust	1	sub-11527_ses-01_task-trust_run-1	1	ordinary_control	fastica	accepted	15	0.28605182952407204	0.1310505741676801	0.18267346840081938	0.2180986166477422	0.3464500507390431	0.48627259120744	0.6200931696833243	0.24545906716933474	15	6	1	1.0	0.4	0.06666666666666667	0.28605182952407204	0.10095777982534042	0.011358386307934846
11527	01	trust	1	sub-11527_ses-01_task-trust_run-1	1	ordinary_control	fastica	rejected	20	0.713948170475928	0.1222583446331254	0.20039839821811226	0.3187710104258161	0.6046758544711819	0.8447542479168338	0.9036770479169072	0.5504645015912267	20	12	7	1.0	0.6	0.35	0.713948170475928	0.5056157004640545	0.41818167059789924
11527	01	trust	1	sub-11527_ses-01_task-trust_run-1	1	ordinary_control	robustica	accepted	14	0.2539812445714843	0.1480082107511376	0.19048509620770882	0.23644962831177335	0.34154763810608224	0.45762073410011567	0.6451296390950857	0.25302002462201234	14	6	1	1.0	0.42857142857142855	0.07142857142857142	0.2539812445714843	0.09602384952264101	0.010985929953256944
11527	01	trust	1	sub-11527_ses-01_task-trust_run-1	1	ordinary_control	robustica	rejected	21	0.7460187554285156	0.0596773576450216	0.1896081952915308	0.2581264999386604	0.5914468413725995	0.8500397514548879	0.9480963423517818	0.5654439711451313	20	12	7	0.9523809523809523	0.5714285714285714	0.3333333333333333	0.7290455377665445	0.5542943120073772	0.4385728635814497
11534	01	ugr	1	sub-11534_ses-01_task-ugr_run-1	4	ordinary_control	fastica	accepted	10	0.19787883312135596	0.1910107888040816	0.23946471262781932	0.26503904254098765	0.4175744023343553	0.7364311049601293	0.8714375667735773	0.3631914859093535	10	7	2	1.0	0.7	0.2	0.19787883312135596	0.14511862224104996	0.03805109242221398
11534	01	ugr	1	sub-11534_ses-01_task-ugr_run-1	4	ordinary_control	fastica	rejected	23	0.8021211668786441	0.1377146640387726	0.23006021671240615	0.4247374458646392	0.48698222737041863	0.9057339040765259	0.9124860350814852	0.5606066470948132	23	17	6	1.0	0.7391304347826086	0.2608695652173913	0.8021211668786441	0.695675225869142	0.400984125025783
11534	01	ugr	1	sub-11534_ses-01_task-ugr_run-1	4	ordinary_control	robustica	accepted	10	0.23305818084120233	0.1977794229246715	0.2500486147526607	0.3065399820091726	0.4769489128179669	0.7503145079990157	0.8754845868573272	0.38105652162781234	10	7	3	1.0	0.7	0.3	0.23305818084120233	0.1693816865562414	0.062110848984479564
11534	01	ugr	1	sub-11534_ses-01_task-ugr_run-1	4	ordinary_control	robustica	rejected	18	0.7669418191587979	0.1302692321313393	0.1957960206547157	0.3146977471984066	0.5459886555796352	0.912564406526922	0.9405709232629814	0.6029099156500854	18	11	6	1.0	0.6111111111111112	0.3333333333333333	0.7669418191587979	0.6294299672585426	0.48822507986399166
11560	01	doors	1	sub-11560_ses-01_task-doors_run-1	0	high_ica_dimensionality	fastica	accepted	87	0.6623014577106051	0.0910873908172305	0.23812341948211618	0.294332457613828	0.37150105822463986	0.6602857472671458	0.7666636908618805	0.32602798412722633	86	61	11	0.9885057471264368	0.7011494252873564	0.12643678160919541	0.6525756505706498	0.4671225079689124	0.07292949222045535
11560	01	doors	1	sub-11560_ses-01_task-doors_run-1	0	high_ica_dimensionality	fastica	rejected	30	0.3376985422893948	0.0940779115922344	0.17753058874453514	0.28115967248589685	0.3673722860557698	0.5969848900725658	0.8353886146486765	0.30816614943549175	29	19	3	0.9666666666666667	0.6333333333333333	0.1	0.31415921438018307	0.2151351677210337	0.04289020627353114
11560	01	doors	1	sub-11560_ses-01_task-doors_run-1	0	high_ica_dimensionality	robustica	accepted	61	0.6362097536124257	0.0871161637726495	0.2062926880043641	0.2631418733761257	0.3521946432030991	0.6695447401835617	0.7281706518541147	0.304682773068048	60	36	6	0.9836065573770492	0.5901639344262295	0.09836065573770492	0.6248691284677419	0.4239865380811239	0.04981438510391474
11560	01	doors	1	sub-11560_ses-01_task-doors_run-1	0	high_ica_dimensionality	robustica	rejected	26	0.36379024638757423	0.1061139697463108	0.216954192740952	0.29267770692049433	0.34418504046274817	0.5672901392358877	0.8654601037402777	0.32360541059651	26	17	3	1.0	0.6538461538461539	0.11538461538461539	0.36379024638757423	0.24552930260062555	0.056763544492257706
11560	01	sharedreward	2	sub-11560_ses-01_task-sharedreward_run-2	1	high_rejected_count_high_motion;high_ica_dimensionality	fastica	accepted	114	0.6116225440864306	0.0802382660787589	0.20877391706057297	0.26172841391646895	0.33053538014360545	0.5210439322296946	0.8698229207682233	0.3042279363358481	111	67	7	0.9736842105263158	0.5877192982456141	0.06140350877192982	0.6029414226551102	0.3985626869934683	0.057748215003544406
11560	01	sharedreward	2	sub-11560_ses-01_task-sharedreward_run-2	1	high_rejected_count_high_motion;high_ica_dimensionality	fastica	rejected	42	0.3883774559135694	0.1138403203288177	0.20865276542255687	0.31084470844975964	0.4766462429619087	0.82258114272544	0.9638495628563368	0.42843369870264636	42	27	8	1.0	0.6428571428571429	0.19047619047619047	0.3883774559135694	0.2698906702441818	0.10118243213548676
11560	01	sharedreward	2	sub-11560_ses-01_task-sharedreward_run-2	1	high_rejected_count_high_motion;high_ica_dimensionality	robustica	accepted	59	0.5916849108208138	0.0731854782526808	0.21668842660035986	0.2846770310804066	0.36764648721649573	0.6018488914544774	0.8488092640585646	0.3296626241409873	57	37	6	0.9661016949152542	0.6271186440677966	0.1016949152542373	0.5827652660116721	0.4013295079444286	0.07662330970167237
11560	01	sharedreward	2	sub-11560_ses-01_task-sharedreward_run-2	1	high_rejected_count_high_motion;high_ica_dimensionality	robustica	rejected	30	0.40831508917918635	0.1078039451309428	0.20286587954269908	0.3186945268363581	0.4100534329022285	0.7919792158808946	0.9764694369549772	0.4004951373120914	30	19	6	1.0	0.6333333333333333	0.2	0.40831508917918635	0.2857310842781186	0.0985931464681617
11570	01	trust	1	sub-11570_ses-01_task-trust_run-1	0	nss_zero_control	fastica	accepted	11	0.2679759139335723	0.2193283665608252	0.26228332838883006	0.3132982419328768	0.3984789304106551	0.5540316542423761	0.6742460150323271	0.38186518424425403	11	9	1	1.0	0.8181818181818182	0.09090909090909091	0.2679759139335723	0.21478091856960765	0.04786438405408343
11570	01	trust	1	sub-11570_ses-01_task-trust_run-1	0	nss_zero_control	fastica	rejected	24	0.7320240860664278	0.1458393699170995	0.31533139685612716	0.4448410512770845	0.6264261609258701	0.7937053926601392	0.9418047600267658	0.5541572530519359	24	22	9	1.0	0.9166666666666666	0.375	0.7320240860664278	0.689406675185462	0.3762610949095815
11570	01	trust	1	sub-11570_ses-01_task-trust_run-1	0	nss_zero_control	robustica	accepted	17	0.6222145208682768	0.1659101004812838	0.2636996974314679	0.3257263571802354	0.5406376588831203	0.7573974495467658	0.8205096535748837	0.5134264532084354	17	13	5	1.0	0.7647058823529411	0.29411764705882354	0.6222145208682768	0.48987148385083334	0.3157176197310859
11570	01	trust	1	sub-11570_ses-01_task-trust_run-1	0	nss_zero_control	robustica	rejected	13	0.3777854791317232	0.2571467954073176	0.3208595761800858	0.364655949321555	0.4554300326541888	0.7790285924322646	0.930245025359486	0.4557647268606899	13	13	2	1.0	1.0	0.15384615384615385	0.3777854791317232	0.3777854791317232	0.07554615136542198
11586	01	trust	1	sub-11586_ses-01_task-trust_run-1	0	high_rejected_count_low_motion	fastica	accepted	11	0.10627066819066051	0.1516755824925024	0.21761315687064675	0.2890710396556715	0.3224993479014401	0.7755936382279074	0.917729731720007	0.3848554818615282	11	7	2	1.0	0.6363636363636364	0.18181818181818182	0.10627066819066051	0.06884436380607664	0.02446848804281982
11586	01	trust	1	sub-11586_ses-01_task-trust_run-1	0	high_rejected_count_low_motion	fastica	rejected	56	0.8937293318093393	0.0815601293601538	0.15704297133115427	0.20918365584019744	0.31561129434563095	0.6983029098230342	0.9905014418403596	0.5072973168586571	55	22	6	0.9821428571428571	0.39285714285714285	0.10714285714285714	0.8816122412445591	0.5073624917776407	0.36484006774916383
11586	01	trust	1	sub-11586_ses-01_task-trust_run-1	0	high_rejected_count_low_motion	robustica	accepted	9	0.0842783309514996	0.1559754211169072	0.2119628643669197	0.2772092705403808	0.2917335747988534	0.3057242014972676	0.3133399088288217	0.24800323105467081	9	5	0	1.0	0.5555555555555556	0.0	0.0842783309514996	0.04538938872368002	0.0
11586	01	trust	1	sub-11586_ses-01_task-trust_run-1	0	high_rejected_count_low_motion	robustica	rejected	53	0.9157216690485002	0.0845123146558856	0.1542233691724135	0.1939758029662692	0.2920017472932175	0.7943894716411679	0.990472547980806	0.5144890753014327	51	18	6	0.9622641509433962	0.33962264150943394	0.11320754716981132	0.8912487815584657	0.5056068450633903	0.38910872242856853
11597	01	doors	1	sub-11597_ses-01_task-doors_run-1	0	high_rejected_fraction;high_rejected_variance	fastica	accepted	4	0.05747899066330825	0.1906502298561262	0.2292068974205326	0.2675070562339551	0.3115235049193194	0.3560879346635048	0.3672290420995512	0.29036112257413266	4	2	0	1.0	0.5	0.0	0.05747899066330825	0.03282062954907677	0.0
11597	01	doors	1	sub-11597_ses-01_task-doors_run-1	0	high_rejected_fraction;high_rejected_variance	fastica	rejected	58	0.9425210093366916	0.0497618364700077	0.2639406652418689	0.3819564025061005	0.5739494386895918	0.8121166876051216	0.9348265336254172	0.5474735774933428	56	46	21	0.9655172413793104	0.7931034482758621	0.3620689655172414	0.9011739618546772	0.8112573647232919	0.5250395671976538
11597	01	doors	1	sub-11597_ses-01_task-doors_run-1	0	high_rejected_fraction;high_rejected_variance	robustica	accepted	3	0.04823457092912454	0.18617624962848	0.21535119498583427	0.2445261403431885	0.2999231156111888	0.344240695825589	0.3553200908791891	0.2832528383664833	3	1	0	1.0	0.3333333333333333	0.0	0.04823457092912454	0.02270497673299205	0.0
11597	01	doors	1	sub-11597_ses-01_task-doors_run-1	0	high_rejected_fraction;high_rejected_variance	robustica	rejected	49	0.9517654290708755	0.0519369199011046	0.2445480159789405	0.3669338587324489	0.5631770912030836	0.8636882033982377	0.9482767463152372	0.5677313838627491	47	36	16	0.9591836734693877	0.7346938775510204	0.32653061224489793	0.9097970637788971	0.8069268781346378	0.5356381100094731
11598	01	ugr	1	sub-11598_ses-01_task-ugr_run-1	0	high_ica_dimensionality	fastica	accepted	27	0.2053443186859944	0.1684006859722049	0.2490154480258047	0.2937934672420038	0.41680990383520927	0.6174954971647086	0.92347206537464	0.4080025744614663	27	20	5	1.0	0.7407407407407407	0.18518518518518517	0.2053443186859944	0.17478364377649316	0.06789257551199784
11598	01	ugr	1	sub-11598_ses-01_task-ugr_run-1	0	high_ica_dimensionality	fastica	rejected	134	0.7946556813140055	0.0835117864221828	0.18592461484921682	0.252326491940083	0.36361225366528904	0.6286007435912793	0.98320175697436	0.4624447681079233	132	69	13	0.9850746268656716	0.5149253731343284	0.09701492537313433	0.7878565428616144	0.5716795231831866	0.2517289990553857
11598	01	ugr	1	sub-11598_ses-01_task-ugr_run-1	0	high_ica_dimensionality	robustica	accepted	22	0.18973074096405435	0.1361872769943541	0.20379772491759574	0.25070945272439815	0.3547994071134394	0.545200226298164	0.6263134480087398	0.3397503783955819	22	11	2	1.0	0.5	0.09090909090909091	0.18973074096405435	0.10704279658191368	0.04148187440615586
11598	01	ugr	1	sub-11598_ses-01_task-ugr_run-1	0	high_ica_dimensionality	robustica	rejected	95	0.8102692590359457	0.0931105902094947	0.179760713893277	0.272332242664133	0.37241195131257476	0.6685289212285039	0.9695978182164188	0.3808265340535077	93	54	14	0.9789473684210527	0.5684210526315789	0.14736842105263157	0.8034435042296272	0.5330862536624624	0.19030270414256883
11829	01	trust	1	sub-11829_ses-01_task-trust_run-1	3	ordinary_control	fastica	accepted	17	0.3569405857791511	0.0985526229122113	0.1740794377467878	0.2289108436483382	0.5821957329951898	0.8429549345145768	0.8997359738645556	0.4677748887656933	16	8	5	0.9411764705882353	0.47058823529411764	0.29411764705882354	0.3384862446253257	0.21233394868293193	0.17054988449281908
11829	01	trust	1	sub-11829_ses-01_task-trust_run-1	3	ordinary_control	fastica	rejected	20	0.6430594142208491	0.1963463666917323	0.2480970511855471	0.2890276203415044	0.5502303860918076	0.6794102380969946	0.7152478888185851	0.44236042899945166	20	15	6	1.0	0.75	0.3	0.6430594142208491	0.5595154666284909	0.3267327919720347
11829	01	trust	1	sub-11829_ses-01_task-trust_run-1	3	ordinary_control	robustica	accepted	14	0.43947450324514675	0.1106845691654699	0.17211614379029433	0.2112744333187275	0.38120369575465857	0.6952996258168516	0.7828333245888238	0.42029783347660704	14	6	3	1.0	0.42857142857142855	0.21428571428571427	0.43947450324514675	0.24468582949875364	0.1810512292999314
11829	01	trust	1	sub-11829_ses-01_task-trust_run-1	3	ordinary_control	robustica	rejected	18	0.5605254967548532	0.1842991410603425	0.2664041823981155	0.27944321211585416	0.5497374740348233	0.8129913828990363	0.905088826505432	0.4182545201165915	18	15	7	1.0	0.8333333333333334	0.3888888888888889	0.5605254967548532	0.49979371857067245	0.1955472181617503
11861	01	ugr	2	sub-11861_ses-01_task-ugr_run-2	0	nss_zero_control	fastica	accepted	17	0.4240632236403316	0.1453346088534577	0.2052999143325217	0.2683095382822821	0.4914280789609093	0.7926966195280094	0.9504187507401924	0.392733871974675	17	10	4	1.0	0.5882352941176471	0.23529411764705882	0.4240632236403316	0.2334719210610449	0.10286072805772108
11861	01	ugr	2	sub-11861_ses-01_task-ugr_run-2	0	nss_zero_control	fastica	rejected	14	0.5759367763596683	0.1709210524119537	0.28131220563388026	0.5150154901714639	0.7842274069277844	0.8971660999287028	0.9821691434162066	0.6918182145088863	14	10	7	1.0	0.7142857142857143	0.5	0.5759367763596683	0.48246199095071673	0.42630671054242963
11861	01	ugr	2	sub-11861_ses-01_task-ugr_run-2	0	nss_zero_control	robustica	accepted	18	0.4377329812245022	0.1444757233647291	0.22427192775608096	0.40393200670752794	0.5533053653336315	0.7852403538193141	0.9483293961230832	0.40148889850604674	18	12	6	1.0	0.6666666666666666	0.3333333333333333	0.4377329812245022	0.2579490912573911	0.12174544620941903
11861	01	ugr	2	sub-11861_ses-01_task-ugr_run-2	0	nss_zero_control	robustica	rejected	12	0.5622670187754978	0.1648753425369176	0.22261472364629453	0.486175231129655	0.797336896761285	0.9096207787875782	0.9777862256624804	0.7031265511849327	12	8	6	1.0	0.6666666666666666	0.5	0.5622670187754978	0.4644153664532377	0.4311614656987776
11881	01	sharedreward	1	sub-11881_ses-01_task-sharedreward_run-1	1	high_rejected_variance	fastica	accepted	3	0.032517345660295606	0.2292916374687028	0.2436425777518507	0.2579935180349986	0.3179974029884788	0.3660005109512629	0.378001287941959	0.2816771496108707	3	2	0	1.0	0.6666666666666666	0.0	0.032517345660295606	0.0193804823928233	0.0
11881	01	sharedreward	1	sub-11881_ses-01_task-sharedreward_run-1	1	high_rejected_variance	fastica	rejected	43	0.9674826543397047	0.1610235141184561	0.3058038984107207	0.36132744873932	0.5645105374485729	0.865892826307894	0.9685162283125378	0.5281957071889312	43	37	16	1.0	0.8604651162790697	0.37209302325581395	0.9674826543397047	0.8716910882443117	0.5590393404746667
11881	01	sharedreward	1	sub-11881_ses-01_task-sharedreward_run-1	1	high_rejected_variance	robustica	accepted	3	0.02990408201504416	0.2274696392835984	0.24623620387809164	0.2650027684725849	0.309247907178406	0.34464401814306284	0.3534930458842271	0.27489633582905376	3	2	0	1.0	0.6666666666666666	0.0	0.02990408201504416	0.017677901783909933	0.0
11881	01	sharedreward	1	sub-11881_ses-01_task-sharedreward_run-1	1	high_rejected_variance	robustica	rejected	41	0.970095917984956	0.1543368696875194	0.2997790677211313	0.4023927912115527	0.5898756460480997	0.8329659528597343	0.963372984477922	0.5360927091821847	41	34	14	1.0	0.8292682926829268	0.34146341463414637	0.970095917984956	0.8780974638625517	0.5532947214358435
11902	01	trust	1	sub-11902_ses-01_task-trust_run-1	1	ordinary_control	fastica	accepted	16	0.1430652149629658	0.1387809204302542	0.2584219215422312	0.28895283232832947	0.46632895278262926	0.693710586028795	0.7218160085419054	0.391446343873278	16	13	4	1.0	0.8125	0.25	0.1430652149629658	0.12424739736006289	0.047981503510536976
11902	01	trust	1	sub-11902_ses-01_task-trust_run-1	1	ordinary_control	fastica	rejected	74	0.856934785037034	0.0547603929963143	0.24903643370420137	0.3577893679308714	0.5018876031586801	0.8386850926464563	0.9786648972149652	0.528655936088722	71	55	19	0.9594594594594594	0.7432432432432432	0.25675675675675674	0.8112988208667086	0.7003178719685028	0.4321752044474171
11902	01	trust	1	sub-11902_ses-01_task-trust_run-1	1	ordinary_control	robustica	accepted	20	0.2314993189550491	0.1389062686350867	0.26958362155136006	0.3538115415271389	0.5137991244374177	0.6956696481169584	0.6985291124881642	0.43075300517520726	20	17	7	1.0	0.85	0.35	0.2314993189550491	0.20850001149678704	0.09740488834763357
11902	01	trust	1	sub-11902_ses-01_task-trust_run-1	1	ordinary_control	robustica	rejected	58	0.7685006810449511	0.0513753671421419	0.21970258624662348	0.35899239963223384	0.5284028205573137	0.8905118341221453	0.9798323824764316	0.4971916981857839	55	40	16	0.9482758620689655	0.6896551724137931	0.27586206896551724	0.7050108451518762	0.5700881167075096	0.35445703030124137
11976	01	sharedreward	1	sub-11976_ses-01_task-sharedreward_run-1	1	high_rejected_fraction	fastica	accepted	7	0.0987340023622409	0.0547627902682403	0.26267648448675546	0.4721741823750961	0.6204196754157065	0.8649880333628416	0.9067312237197134	0.4758607557259901	6	5	2	0.8571428571428571	0.7142857142857143	0.2857142857142857	0.08499564491411575	0.0790944841973913	0.029725420335623656
11976	01	sharedreward	1	sub-11976_ses-01_task-sharedreward_run-1	1	high_rejected_fraction	fastica	rejected	72	0.9012659976377589	0.0339606819204645	0.21786040261818498	0.3171039803717395	0.4557829229111677	0.7660509951205584	0.9760866674479768	0.4981786145131907	67	48	10	0.9305555555555556	0.6666666666666666	0.1388888888888889	0.8618316983577257	0.7013922953213738	0.3079410518540992
11976	01	sharedreward	1	sub-11976_ses-01_task-sharedreward_run-1	1	high_rejected_fraction	robustica	accepted	4	0.07663489197195622	0.1740065262319496	0.6432982974093786	0.8626179484455394	0.9380605493027995	0.9681890458153807	0.975721169943526	0.8600279860405805	4	3	3	1.0	0.75	0.75	0.07663489197195622	0.06955449961843507	0.06955449961843507
11976	01	sharedreward	1	sub-11976_ses-01_task-sharedreward_run-1	1	high_rejected_fraction	robustica	rejected	59	0.9233651080280436	0.0378153868438831	0.16923899749696658	0.2839345775141287	0.4074168798512716	0.7040714248882651	0.9835421335079364	0.4729488095748812	51	34	6	0.864406779661017	0.576271186440678	0.1016949152542373	0.8609699658494491	0.7078548161715494	0.3056054955260862
12008	01	trust	2	sub-12008_ses-01_task-trust_run-2	1	high_rejected_fraction;high_rejected_variance	fastica	accepted	5	0.009010570996468379	0.1962897097279382	0.3846919726358584	0.3919784437154293	0.4099935254483583	0.46249976371088064	0.4756263232765112	0.3973192815041009	5	4	0	1.0	0.8	0.0	0.009010570996468379	0.00822168410405406	0.0
12008	01	trust	2	sub-12008_ses-01_task-trust_run-2	1	high_rejected_fraction;high_rejected_variance	fastica	rejected	148	0.9909894290035318	0.0544186172932974	0.22052271811655386	0.33006998470375964	0.48802492001443115	0.8305289853032676	0.970369453401101	0.8253190484994055	141	102	36	0.9527027027027027	0.6891891891891891	0.24324324324324326	0.9816231858510078	0.9383492107644662	0.8306993541107515
12008	01	trust	2	sub-12008_ses-01_task-trust_run-2	1	high_rejected_fraction;high_rejected_variance	robustica	accepted	9	0.020040763809204883	0.0551507720388403	0.1573351464818078	0.3670069433408889	0.5116752382934009	0.731088221825151	0.8342139614766484	0.45913390827840556	7	6	3	0.7777777777777778	0.6666666666666666	0.3333333333333333	0.015474697221753455	0.014409318233078481	0.009879309152276515
12008	01	trust	2	sub-12008_ses-01_task-trust_run-2	1	high_rejected_fraction;high_rejected_variance	robustica	rejected	88	0.9799592361907952	0.0593860998669669	0.2581104600816036	0.35946165071805936	0.4982194872920286	0.8893662431584306	0.9723273011129856	0.8434758131054226	82	66	22	0.9318181818181818	0.75	0.25	0.9731957176413363	0.9403100406488688	0.8275600173895187
12020	01	sharedreward	1	sub-12020_ses-01_task-sharedreward_run-1	1	high_rejected_count_low_motion	fastica	accepted	10	0.27159005578023915	0.1064522700149157	0.15849635447573096	0.21157339691573365	0.3227609232811479	0.7729440669278363	0.778692755743406	0.38738563212246513	10	3	2	1.0	0.3	0.2	0.27159005578023915	0.11568327366685138	0.08979814885918505
12020	01	sharedreward	1	sub-12020_ses-01_task-sharedreward_run-1	1	high_rejected_count_low_motion	fastica	rejected	19	0.7284099442197608	0.1229277454230686	0.2476213225136486	0.2805035236944929	0.48366505998004217	0.7907519979714028	0.8146363249673203	0.5096706231593485	19	13	5	1.0	0.6842105263157895	0.2631578947368421	0.7284099442197608	0.5963436270172966	0.3890033156958338
12020	01	sharedreward	1	sub-12020_ses-01_task-sharedreward_run-1	1	high_rejected_count_low_motion	robustica	accepted	10	0.49606313868580515	0.1049876165368468	0.14978749574343236	0.20696575254815863	0.412768297106386	0.7562438651387073	0.7625455115760733	0.4140095002344695	10	4	2	1.0	0.4	0.2	0.49606313868580515	0.25494105647780013	0.18823113754755874
12020	01	sharedreward	1	sub-12020_ses-01_task-sharedreward_run-1	1	high_rejected_count_low_motion	robustica	rejected	12	0.5039368613141949	0.1043253207975296	0.21606180106990752	0.24675076689757725	0.3337809253399725	0.5267523196181491	0.7111462771806194	0.26715545414449376	12	5	1	1.0	0.4166666666666667	0.08333333333333333	0.5039368613141949	0.17464457006874398	0.031945312287744325
