0.0	0.0	0.0	0.0	0.0	0.0	0.0	0.0	0.0	0.0	0.0	1.0	0.0239399522831433	-0.0345380796789953	-0.0421825746112745	-0.0010520004703705	-0.0008130003254467	-9.27672400860102e-07	0.0	1.051753766661332	13.48728527111522	-0.7489944916383573	1.929626145074676	-0.9426867009973044
0.0006061993	-0.0747773017	0.1523653461	-0.0928684686	0.128780797	-0.2290387271	0.0887339541	0.0887288637	0.0887203798	0.0887085029	0.0886932334	0.0	0.0426351638336512	-0.0450508435347671	0.0337352511989763	0.0001460349556603	-0.0001509661596639	0.0004630112608432	0.2213262274694135	0.1858184798925935	5.714147106181283	3.667799022813021	0.6863699756523087	-0.5056872907357473
0.0068984836	-0.0162139244	0.1365966561	0.047449172	-0.0464422048	0.0060422532	0.0887203798	0.0886745718	0.0885982425	0.0884914183	0.088354136	0.0	0.0211930940099165	-0.0958202615291554	-0.0874871901165477	0.001085295602909	0.0008052765663693	0.000508062984085	0.290461683959832	-0.1764448648036504	3.588346101842944	-0.4390294649385878	1.0916952089027825	0.170456703962365
0.0004807476	-0.1204202571	0.080627978	-0.0502668136	-0.023416807	0.0901853725	0.0886932334	0.0885660212	0.088354136	0.0880577804	0.0876772378	0.0	-0.0016832689041308	-0.0343012436066914	-0.0551881959841296	0.000418948144694	0.0004110519528515	0.0002499138600587	0.1826304347568844	-0.0818339158276773	1.483951332742869	1.4305733854794815	-2.073754081266817	-0.4444753140254304
0.0587084341	0.0661713247	0.0868778765	-0.0109997624	0.0576979423	0.0204141437	0.0886525188	0.0884032783	0.0879883964	0.0874086504	0.0866651266	0.0	0.0062524358942681	0.020400988281608	-0.0211784181248049	-0.0004490135063486	0.0001909666590067	0.0001470425464878	0.156193627468938	-0.4518986044037185	0.5511769198958043	-0.8474369567825188	0.5388632177341431	1.0995463314427305
-0.0517196547	0.0365659091	0.0129093257	-0.0094298442	-0.0141670593	-0.0108074511	0.0885982425	0.0881864428	0.0875015271	0.0865456167	0.0853216721	0.0	0.0013348037434326	-0.008262359294477	-0.0481126599862733	-0.0002660026093651	5.4987353253377336e-05	9.50072698680143e-05	0.0790664955562193	-0.75119943952099	0.1087808330014719	1.2642583628400506	-0.0877779795338005	-0.1821669464160962
0.0036346246	-0.0600789572	0.0007510642	-0.1099256714	0.0346242929	0.099798512	0.0885304127	0.0879156473	0.0868941985	0.0854707914	0.0836520106	0.0	0.0034217329188237	0.0253790136128202	-0.0253280925428924	-0.0002910001297127	1.9804943378609607e-06	0.0001340005711398	0.0643627535528143	-0.3495481701228328	0.2306715605216482	-0.4420525854316329	0.841622819090088	-1.3200784032055932
0.0324718901	0.1109272253	0.0464414863	-0.1092376144	0.0307475194	0.0613719126	0.0884490397	0.0875910574	0.0861672466	0.0841868048	0.0816625256	0.0	0.0013469007468529	0.0025780119796934	-0.0238331673609337	-5.4000987039428216e-05	1.3996193670484658e-05	0.0001410000812368	0.039171476592201	-0.1433964338772751	-0.096296486075031	1.504610587000325	0.5911525814068597	1.2173149101130465
-0.0303453913	0.0750830382	-0.0158539577	-0.1251343528	0.0374425272	0.0441834255	0.088354136	0.0872128719	0.0853216721	0.082696799	0.0793608235	0.0	0.0013529350749337	-0.0165034321941845	-0.0036177662282597	9.600116804745408e-05	-4.0997290438715694e-05	5.700195497975078e-05	0.0537525679072892	-0.9283697737215156	-0.2085962121944727	-0.1422391213995821	-0.0954322872672439	0.0674934820748556
0.1117454764	-0.0085398924	0.0204831949	-0.1111718956	-0.0173664706	0.0755041597	0.0882457162	0.086781322	0.0843586391	0.0810044202	0.0767557043	0.0	0.001425211606886	-0.0165354694253636	0.0014263521474475	7.800000152441311e-05	-0.0001380001844046	5.373624617807215e-09	0.0137484642310415	-2.127317237616994	-0.3282651767140386	1.2756631135545564	0.2807452158131247	0.9927601062270348
0.0162478518	0.0968105732	-0.0290775683	-0.0713072693	-0.0667770951	-0.0238555425	0.0881237967	0.0862966719	0.0832794735	0.07911381	0.0738571281	0.0	0.0013929716445915	-0.0273253551061998	-0.0004387502998923	-8.500000206106354e-05	0.0002469998771006	1.0493658060096794e-08	0.0400874873466764	-2.717619217464695	-0.0736189292755388	-0.8171220193383373	0.2981318457813283	-0.2552924275513383
-0.0372187877	-0.073601717	-0.0686464751	-0.1502537284	-0.0102408928	0.015467041	0.0879883964	0.0857592182	0.0820856608	0.0770295951	0.0706761768	0.0	0.0013676714980306	-0.0356729138132578	-2.6066757939702256e-05	0.0001690000048925	5.100000122904014e-05	-4.310417552822929e-09	0.0312862767406083	-2.510240154382472	-0.3765211171896286	1.2844523447584923	0.0071019831930285	-1.6884752445838245
0.0714675744	0.113986258	-0.0256216225	-0.0361406123	-0.0730645348	-0.0794535652	0.0878395358	0.0851692896	0.0807788444	0.0747568758	0.067225012	0.0	0.0014399643889362	-0.0260405862262587	-0.0024338552904765	-0.0002219946878471	-0.0001380087889895	7.698465486629538e-05	0.0449620314225409	-2.12652504328438	-0.0965293542987571	-0.9884243014784873	-0.097485726299998	1.0321994986244978
-0.0567337903	0.0333934161	-0.0765336156	-0.0405529754	-0.0789123588	-0.0680419111	0.0876772378	0.0845272472	0.0793608235	0.072301214	0.0635168285	0.0	-0.0036806526487254	-0.0357294698010832	-0.0032030288654283	0.0001719999983496	-1.7000017982660154e-05	1.4613482524224695e-09	0.045178006723517	-1.477159656836804	-0.2625790551552455	1.1886954074713438	0.2120046573910836	-0.3596844181745124
0.1092701972	0.0529403867	-0.0204539776	-0.0333166536	-0.0715150509	0.0050393568	0.0875015271	0.0838334838	0.0778335502	0.069668619	0.0595658037	0.0	0.0013762234585215	-0.0357213184509959	0.0081117852205636	-0.0002010000002929	-6.600002675183347e-05	-6.6336287549736815e-09	0.0374802466627601	-1.077309338660798	-0.0374993657357884	-1.4548349267584946	-0.9457270984443884	1.9252231439410337
-0.0579183422	0.0401190911	-0.0610335892	0.0059167928	-0.0265739988	-0.0069167275	0.0873124307	0.0830884239	0.0761991269	0.0668655331	0.0553870432	0.0	0.0014778311741565	-0.0357438754783459	0.0080642645505406	5.0988269520278254e-05	-0.0001380040873977	-0.0001699964820507	0.0248707943570574	-0.9424924685614884	-0.2347172620449176	1.972506749698131	0.2560925975418752	0.0797877258496616
0.1017997595	-0.0619468785	-0.0517415558	-0.043269245	-0.0689716078	-0.0544389522	0.0871099775	0.0822925233	0.0744598038	0.0638988161	0.0509965236	0.0	0.001425187831316	0.0033470672692317	0.0080550388232154	-8.70000009586398e-05	-0.0001380001844037	-6.011392714821539e-09	0.0545519440242884	-1.0509946188361126	0.2730067522740018	-1.1716226717080334	-0.4918438652794819	1.208230647885177
-0.0406803384	0.0736168835	-0.0370915934	0.0033142189	-0.0562690059	-0.0229583718	0.0868941985	0.0814462692	0.0726179752	0.0607757281	0.0464110311	0.0	0.0014252314683176	-0.0424570331205416	0.0005199311484318	-3.3000000558760214e-05	-0.0001379996827002	-2.266988229645097e-09	0.0560394640269517	-1.0278892453992938	-0.0093829408585287	1.2688689361511003	0.4770393472534808	-0.2849703147400449
-0.0056133797	-0.1144229955	-0.0553936579	0.0211140608	-0.0370591514	0.0528782987	0.0866651266	0.0805501793	0.0706761768	0.0575039116	0.041648097	0.0	0.0014210490310091	0.0043141175038385	0.0058944690959208	-8.7000000429051e-05	-8.299999363758914e-05	-3.6128271942368327e-09	0.0575999227477709	-0.6518543366626627	0.2263600492031318	-0.7462555636988192	-0.795650417637184	-1.082090446458929
0.0039128033	0.0637704508	-0.0084316727	0.0927828908	0.0073527826	-0.0804901371	0.0864227969	0.0796048019	0.0686370817	0.0540913734	0.0367259315	0.0	0.001435232668939	-0.0360604710015479	-0.0005262660010174	-0.0001510000004769	-0.000138000184588	-1.0422401157191724e-08	0.0527598572688656	-0.3671299480902453	0.0386516141989342	1.276752345526034	0.7347398106435693	0.6641605702121254
-0.1011107902	-0.0471124951	-0.0464269158	0.0632943807	-0.0070813514	-0.0493722973	0.0861672466	0.0786107155	0.066503497	0.0505464645	0.0316633531	0.0	-0.0013807763007918	0.0011016172511375	0.0039956754444432	5.400000055285952e-05	-0.0001380001844042	3.7176239038330075e-09	0.0547507457298078	0.0140124289755427	0.1949885810297494	-0.3822554493462437	-1.381754828736614	-0.6603527005330107
0.076529361	-0.050036604	0.0042016603	0.0625834401	-0.0040267103	-0.0774007498	0.0858985145	0.0775685283	0.06427836	0.04687786	0.0264797175	0.0	0.001406444544429	-0.0324258222358651	0.0080699577797815	-8.700000013162243e-05	-7.99999816525343e-06	-3.4808842285893687e-10	0.0539391552993494	0.1756016808071644	-0.0807927351732025	0.4439351403133427	2.0091466815119894	1.5030543857619674
-0.0524595148	0.0268050468	0.0024981888	0.1607048268	0.0365655573	-0.0361385815	0.085616642	0.0764788781	0.0619647338	0.0430945375	0.021194843	0.0	0.0013793212316954	0.0145616619162325	-0.0029195583705359	-0.0003039999775615	-5.2999993706226434e-05	-8.052124931070843e-09	0.0711045074655165	0.5031242724563495	-0.2071450090093836	-0.2343006465465371	-1.5895290790852008	-0.0015452487270242
-0.1172517989	-0.0701969256	-0.008798316	0.0676769725	-0.015003295	0.002872833	0.0853216721	0.0753424315	0.0595658037	0.0392057555	0.0158289351	0.0	0.0014018729728775	-0.0407349178869651	0.0080723016779273	-0.0001470045968956	-4.1983885244789576e-05	-0.0002190031952959	0.0856613232077581	1.0684316612754603	-0.3099097238878689	-0.4346850719104676	1.5994663309447947	-1.175922937327857
0.064552445	-0.0321917539	0.0447308523	0.117542748	0.0605169728	-0.0539967911	0.0850136499	0.074159884	0.057084872	0.0352210304	0.010402509	0.0	0.0014251877643829	-0.0018663559459071	0.008083170168561	0.0002200000002641	-0.0001379996827	1.518998365252714e-08	0.0730046842179202	1.4345759648020673	-0.3324037650535361	0.1259975075831107	-1.1186686783981348	1.927235635402813
-0.0736130301	0.0085835493	-0.0028343449	0.0752551425	-0.0032469677	0.0192962307	0.0846926225	0.0729319592	0.0545253541	0.0311501135	0.0049363115	0.0	0.0014182391713291	-0.0309253029351168	0.0081044880069214	-0.0004369999714867	-0.0001379996756236	-3.0137450128167995e-08	0.0619394787336729	1.7526911442316682	-0.2263592957472791	-0.2886576620571793	1.0177043651695654	-0.294866538243459
0.0510992369	-0.1128539466	-0.0069873814	0.0483442141	-0.0167632732	0.0732272345	0.0843586391	0.0716594083	0.0518907737	0.0270029671	-0.0005487588	0.0	-0.0052167813775412	-0.0071818645948411	0.0125979015553951	-0.0001360000028412	-0.000138000184588	-9.387392578051146e-09	0.0499229338209922	1.7188627140894963	-0.291097841190777	0.8363017609883656	-0.7300463371836796	-0.1021809132248969
-0.0456932874	0.0660512412	0.035729776	0.0814902839	0.0224875152	0.011478758	0.0840117508	0.0703430101	0.0491847576	0.0227897399	-0.0060317311	0.0	-0.0034807955253768	-0.0190951076676384	0.0080736397123644	-0.0006260145373592	-0.0001374330641248	-0.0002130429309571	0.0533542506952785	1.331045724692293	-0.2596344465599851	-0.7812704671152444	0.6510665645035865	-0.4060065572506243
-0.0299815608	-0.0559860899	0.0105212259	0.0378244367	0.0369373305	0.0449498778	0.0836520106	0.0689835701	0.0464110311	0.0185207424	-0.0114916426	0.0	0.0014353843643561	-0.0320317070706721	0.0158421352754629	-0.0003010000063913	-0.0002329999803702	-3.5064165325053365e-08	0.0573007405561188	1.0018720382954074	-0.4347161913383079	0.637149177375376	-0.0431012109481096	-1.1884701304383003
0.0239690723	0.0269000892	0.0126278247	0.050465327	0.0785480974	0.0192532436	0.0832794735	0.0675819199	0.0435734126	0.0142064215	-0.0169076184	0.0	0.0014347713442788	-0.0295762499799394	0.0184101919638806	-0.0005730087605095	-0.0001379616029133	-0.0001350395411378	0.0301267072266064	1.090518855574663	-0.2740462164610918	0.0127107617259179	0.2236308340118881	0.4983766332450223
-0.0586207736	-0.0047760198	0.0023375207	0.013672726	0.0394604413	0.0109800859	0.0828941965	0.0661389174	0.0406758086	0.0098573351	-0.0222589521	0.0	-0.0057186623789249	0.0006057642193866	0.0180972187337005	0.0001449832315291	-0.000138017377214	-0.0002429900134139	0.0789483330834797	0.9276698935221904	-0.2932774990101555	1.005621817078718	-0.2197529109852405	-0.726900266052053
0.0332553417	0.0113508383	-0.0265522377	0.0018096325	0.0225180811	-0.0063277361	0.0824962387	0.0646554455	0.037722208	0.0054841262	-0.0275251839	0.0	0.0013375815598237	-0.0281286902200434	0.013580310743805	-0.0005800034310463	-6.196288016546703e-05	-0.0001280178549595	0.0861082722719907	0.2524317172404503	-0.4641139575382194	-0.6632151277519894	0.4427564090605402	0.7540693599028766
-0.0678405256	-0.0091045947	-0.0235671574	-0.0243598244	0.0429245866	0.0319396256	0.0820856608	0.0631324118	0.034716677	0.0010974967	-0.0326861799	0.0	0.0014011623435266	-0.0050349743927569	0.0081302033937333	-2.101594423133223e-05	-0.0002139982350291	-0.0001490025676773	0.0652077816808811	-0.2362023933731865	-0.2374728453339646	1.1330535675194715	0.1840172082420425	-0.6886851519561692
0.0464279687	0.0282308288	-0.0358162979	-0.0110451817	-0.0090777293	0.0229630527	0.0816625256	0.0615707483	0.0316633531	-0.0032918186	-0.037722208	0.0	0.0013858936014656	-0.0345648066287367	0.008102958973879	-0.0004390106123866	-0.0001379662011973	-0.0001545303900436	0.0545500716155634	-0.7479339704363066	-0.2341167752076614	-0.3530598200246024	-0.0339320431674486	-0.1686856335797983
-0.0657878481	-0.0471521627	-0.0452029699	-0.0413657274	-0.0188552929	0.0423892208	0.0812268979	0.0599714105	0.0285664397	-0.0076730782	-0.0426140143	0.0	-0.0026528351628201	0.0138488910856722	0.0081076145209237	-0.0002619999978854	-0.0001380001771338	-1.8086099980293632e-08	0.0690349267448052	-0.9574275708495776	-0.1054286627074465	2.055650457043068	-0.1075380894479538	-1.16116966502786
0.0370503824	0.061146943	-0.0692308888	-0.0066287399	-0.014403718	-0.0120779746	0.0807788444	0.0583353771	0.0254302002	-0.0120355605	-0.0473428961	0.0	0.0013757762435915	-0.0262955633989037	0.0081606304978265	-0.000516999933263	-5.3999967034146223e-05	-1.395795151849918e-08	0.061176295549176	-1.551201803573269	-0.4948702668669342	-1.988777099929012	0.2779227374497203	-0.0297007450845732
-0.0805552326	-0.0618068555	-0.0849032249	0.0114518034	-0.0773660559	-0.0943374028	0.0803184336	0.0566636492	0.0222589521	-0.0163685898	-0.0518907737	0.0	-0.0110098266470259	-0.030560762366008	0.0080405425419058	-7.900000186679408e-05	-0.0001380001845872	-5.454391538932792e-09	0.0428713224391043	-1.5677416398228103	-0.7054455096911565	2.495568596568645	0.1235813584086015	-1.388277697662642
0.0992575587	0.0081439039	-0.0099541703	0.0774627542	-0.065284309	-0.0769470867	0.0798457358	0.0549572496	0.0190570611	-0.0206615624	-0.0562402593	0.0	-0.0074678921135955	0.0114291752501287	-0.0086016763619056	-0.0001110120768369	-0.0001379903081175	-0.0001750080175459	0.0725253167830868	-1.223879197864676	-0.3795534179551257	-0.4355930807563858	-0.2594228190217959	1.908102887814843
-0.0738027147	0.0240599206	-0.0284126046	0.0751197308	-0.0541561525	-0.0344504733	0.0793608235	0.0532172224	0.0158289351	-0.0249039727	-0.0603747238	0.0	0.0014755294433967	-0.0263950120244373	-0.0216038852660744	0.0001889938570404	-0.000138008301977	-8.898695860455928e-05	0.079072067069634	-0.0814170586391486	-0.5727341983164402	0.6602638394378552	0.1329794941589286	-0.0435915765261649
0.0643724034	-0.0786904105	-0.0057702685	0.0611664636	0.0372433371	0.0310707663	0.0788637708	0.0514446324	0.0125790181	-0.0290854388	-0.06427836	0.0	0.0014268597266919	0.0241917397681703	-0.0084915612578981	6.999763566403198e-05	-3.500467409778274e-05	-0.0001349989688683	0.077148338493455	1.1921967933901902	-0.270809817456159	0.2916228435267005	-0.9140221896237436	0.2692490141367817
-0.0345793577	0.0821018299	0.0237779063	0.0481241664	0.0556260507	0.0453100705	0.0783546537	0.0496405642	0.0093117842	-0.0331957279	-0.0679362432	0.0	-0.0075124088271962	-0.0164536921088966	-0.008576856554356	-0.0002550175981433	-0.0001379675375821	-0.0002550171881749	0.0770698115573253	1.486305197005984	-0.4042125766369695	-0.8181487781303374	0.4852244817295525	-0.3133029654254284
-0.0238360148	-0.0973649518	0.0032745369	-0.029055139	-0.0105425374	0.0955469893	0.0778335502	0.0478061216	0.0060317311	-0.0372247816	-0.0713343885	0.0	-0.0129714973792829	0.0023433905024461	-0.0085266340619654	-1.601221313702926e-05	-0.0001379983224734	-0.0001770013043344	0.0401589963427235	1.152631567875117	-0.4976322046222767	1.2185681592524298	-0.8087527621581244	-1.3968674337255251
0.0580481721	0.0814735582	0.0214470626	0.0719383447	0.0193804773	0.0412665487	0.0773005399	0.0459424272	0.0027433745	-0.0411627399	-0.0744598038	0.0	-0.0166558135255741	-0.0052838538617407	-0.00298583189128	-0.0005089999658571	-0.0001380001771305	-3.512916010639305e-08	0.0503501518087366	0.5596850018307254	-0.4862302436080497	-1.8631129373912505	-0.2026972172091815	1.0739774060737026
-0.0561902903	0.0108318737	-0.0406907418	0.0159104919	-0.0006110187	0.0063874097	0.0767557043	0.0440506212	-0.0005487588	-0.0449999662	-0.0773005399	0.0	-0.0160069214194606	-0.0265367559481148	-0.0085722906883916	0.0002149999894578	-1.4000002142244838e-05	1.505024767951748e-09	0.0698900912140006	0.6042644995231269	-0.605636199317219	1.223665809040297	0.7541786107342068	-0.2311061958715566
0.0629374796	-0.0468205027	-0.0027597962	0.0257867174	-0.0197272526	0.0673538261	0.0761991269	0.0421318613	-0.0038401367	-0.04872707	-0.0798457358	0.0	-0.0125869990496454	0.0012615186785751	-0.0084666481862569	-8.600000010904705e-05	-8.499998791888785e-05	-3.654601327217745e-09	0.049924096247119	0.9855303133801772	-0.221321890010561	-1.678492474187641	-1.155791354084064	1.4010753490248342
-0.0330646353	0.0527437995	0.0258303219	0.0371557617	0.0005348501	0.0700831597	0.0756308928	0.0401873216	-0.0071262281	-0.0523349304	-0.0820856608	0.0	-0.0158347669136418	-0.0091180245668738	-0.0085415026855883	5.699999976849679e-05	-0.0001380001844046	3.9246242081444134e-09	0.0235025543882162	0.8596335444639894	-0.4970187923067839	0.678626292887001	1.5024033270772847	-0.3322630202946364
0.0298465763	-0.0690139975	-0.0252319738	0.001737128	-0.0245944192	0.0773180614	0.0750510888	0.0382181918	-0.010402509	-0.0558147186	-0.0840117508	0.0	-0.0157972968570589	0.0166675986018134	-0.0047662399005758	0.0001279942731857	-0.0001380055636126	-8.299120184265597e-05	0.0372980949648859	0.3511628489095329	-0.470915903309397	-0.3510064781770181	-1.4196620737357333	-0.3649002511978892
-0.0168507355	0.0638837401	-0.0240641921	-0.0055690003	-0.0408450095	-0.0071938219	0.0744598038	0.0362256768	-0.0136644694	-0.0591579187	-0.085616642	0.0	-0.0158347697997953	-0.0151723832458117	-0.0085640416964594	0.000245000000337	-0.0001380001771449	1.6897180419618574e-08	0.0456762172183488	0.0527301554527931	-0.3645610240987334	0.2476651090447635	1.6031681055843112	-0.2661014663725106
-0.0129619971	-0.0766881848	-0.0560393577	-0.0586984442	-0.0085681364	0.058554225	0.0738571281	0.0342109959	-0.0169076184	-0.0623563496	-0.0868941985	0.0	-0.0189593711008342	0.0078569231219063	0.0042046318571635	0.0003459940561913	-0.0001380152048091	-8.597613016971624e-05	0.0482726867658115	-0.2289177147543288	-0.3178190419467627	0.4125015497838735	-1.029316117079969	-1.3990836978334815
0.0856922158	0.0662281154	-0.0111885397	0.0186928471	-0.0215833845	-0.0601204085	0.0732431539	0.0321753817	-0.0201274916	-0.065402184	-0.0878395358	0.0	-0.0158347625840491	0.0100723279773546	-0.0085404797797679	-0.0001570000024232	-0.0001380001844124	-1.08411764925101e-08	0.047533843409386	-0.8700534681418675	-0.4696608781990657	-0.971155739180827	1.8482934803498303	1.1661111460776568
-0.0640778053	0.0218984777	-0.0675658641	0.0754698466	-0.0378442917	-0.0161801036	0.0726179752	0.03012008	-0.0233196561	-0.0682879683	-0.0884490397	0.0	-0.015855861472076	-0.0141635924600223	-0.0249159912768561	-0.0001020104177136	-0.0001379922951827	-0.0001510067811939	0.0509322015203273	-1.0189184452488247	-0.6613165736361795	0.0266016108735722	-0.5702335026764729	-0.4180161006436091
-0.0102191507	-0.0830232761	0.0119211108	0.060197427	0.0168548047	0.0084288497	0.0719816876	0.0280463481	-0.0264797175	-0.0710066404	-0.0887203798	0.0	-0.0158422859089597	-0.0146027546683882	-0.018345092670188	-8.600343987372197e-05	-4.2993102076005485e-05	-0.0001600019851243	0.0130237051219989	-0.0557969316158408	-0.3572127752298171	-0.5060850456827568	1.703619854948705	-1.100711663571912
0.0585334444	0.0282449949	0.0365517221	0.1221820914	0.0826476048	0.036901107	0.0713343885	0.0259554552	-0.0296033254	-0.0735515475	-0.0886525188	0.0	-0.0158854999221489	-0.0060196807954611	-0.0248578748460488	0.000118000003033	-1.500002377641252e-05	8.84039359735401e-10	0.0347390395804758	0.7031769088907108	-0.3536834942813255	0.6356769976756284	-0.6592788055681835	1.85002771077628
-0.03447043	0.05940072	0.0347107742	0.0567238593	0.018579926	0.0296764044	0.0706761768	0.0238486804	-0.0326861799	-0.0759164616	-0.0882457162	0.0	-0.0158347629315045	0.0274226492676916	-0.0291726570519301	-1.0000000296168556e-05	-0.0001379996827002	-6.799892482670405e-10	0.0503579105737566	0.777413958063834	-0.3788231891671575	-1.3840039378257325	0.5367814909545792	-0.0860169449677598
-0.0556296739	-0.0953547096	-0.0427736439	6.3264e-05	0.0593593604	0.0582823551	0.0700071532	0.021727313	-0.0357240367	-0.0780955953	-0.0875015271	0.0	-0.0195735930261662	-0.0149557646856379	-0.0340707891198519	0.0004079925790877	-0.0001380202119014	-9.997183285309336e-05	0.0769145891883586	0.4133016517829104	-0.6109895595941971	0.4340353547145595	-0.403470662338548	-1.133853060168171
0.0849214296	-0.0012272489	0.0562153655	0.0064001488	0.0698071149	0.0101652562	0.0693274202	0.019592651	-0.0387127139	-0.0800836161	-0.0864227969	0.0	-0.0158348648106141	0.0403115069207729	-0.0250054189408075	-5.599999942480121e-05	-0.0001380001844037	-3.872386032245347e-09	0.0962703983248704	0.3721994600321973	-0.1884857019973126	-0.7180357683897235	0.2804853630459011	1.8817058914041536
-0.0442769118	0.0505107387	0.011056417	0.0265615948	0.0129739488	0.0612565747	0.0686370817	0.0174460005	-0.041648097	-0.0818756588	-0.0850136499	0.0	-0.0158347916727592	-0.0090825438907415	-0.0282032074188691	0.0002860000044346	-0.0001380001771356	1.9725933847702893e-08	0.0696930928997999	0.3900114396742203	-0.3636452780009883	-0.8047328442599049	0.1646417547456014	-0.1805972628715058
0.0281543178	-0.0953180989	0.0095678223	-0.0150450944	0.0167899803	0.0905988208	0.0679362432	0.015288675	-0.0445261451	-0.0834673381	-0.0832794735	0.0	-0.0158347899030673	0.0137910982688111	-0.0250171226155373	-8.999999948088016e-06	-0.0001379996827084	-6.107622505264202e-10	0.0408107705078756	0.4552839895639708	-0.1746752744228333	-0.1677700425628618	0.0469206128236049	-0.6660839310699284
0.0333565555	0.065112996	0.0499397462	0.0595592544	0.0028339229	-0.0890111949	0.067225012	0.0131219947	-0.0473428961	-0.0848547588	-0.0812268979	0.0	-0.0158729913336941	0.0256267989386032	-0.0411832032101386	0.0003119999791669	-2.2999996944772505e-05	3.5878639148751758e-09	0.0498401758702592	-0.0934229767924844	-0.3224713691575702	0.0705114299318918	0.593000132708825	1.4016663017731603
-0.0477567751	0.0171101387	-0.0547574359	-0.0246620932	-0.0467008892	-0.0263673108	0.066503497	0.0109472851	-0.0500944723	-0.0860345257	-0.0788637708	0.0	-0.0158348021129342	-0.0090809056261349	-0.0345270337457321	-8.999999948088016e-06	-0.0001379996827084	-6.107622505264202e-10	0.0632022564251435	-0.1731117365997029	-0.3911201865904924	-0.0916947850157915	0.1752576501261935	-0.2427319216076806
0.0386348539	-0.0657996572	-0.0076688529	0.031405157	0.0012077105	-0.0217394931	0.0657718084	0.0087658771	-0.0527770856	-0.0870037517	-0.0761991269	0.0	-0.0158307664583077	0.0120876795050577	-0.0372225099496148	0.0002389999963564	1.5999996347604295e-05	-1.912306605683081e-09	0.0439681458349441	0.2830829648191891	-0.1215190055512379	0.4210627939553632	1.0334524127423073	0.1883682969156432
-0.00368937	0.0773480225	0.0945003579	-0.0267537758	-0.0256507283	0.0126584709	0.0650300582	0.0065791054	-0.0553870432	-0.087760065	-0.0732431539	0.0	-0.015861465376588	-0.0011832425627318	-0.0370931438024513	9.701358897406288e-05	0.0001579914785456	-0.0001720074830224	0.0362301601480396	0.729740888896354	0.2676738098381526	0.2428505418422791	-0.4961585086001637	0.0192852518072778
-0.1518394186	-0.1125504007	0.1736262769	0.006177928	0.1483784279	-0.3115452777	0.06427836	0.004388308	-0.0579207519	-0.0883016146	-0.0700071532	0.0	0.0317727070056719	0.1024910838144137	-0.008007373073255	-0.0007210012093562	0.0012740025356443	9.593662580850335e-07	0.285743904724074	0.6645934019008339	-0.0991244880901869	4.181425402155916	5.083057566530892	-0.7525360894351668
-0.0708808562	-0.1393525673	0.1396496999	0.0864613292	0.2077683008	-0.1754996876	0.0635168285	0.0021948255	-0.0603747238	-0.0886270754	-0.066503497	0.0	-0.0063513045128473	-0.1052453313969579	0.0180325268746202	0.000603303596811	0.0012738568585908	-0.0004758847261416	0.3619650554587852	0.7963038748853009	-0.802741858984768	-0.0295464775289946	2.351133684361033	-0.6923397034410801
0.0415939847	-0.0422497215	0.1343205185	-0.0532552963	0.1335270458	-0.008255748	0.0627455805	0.0	-0.0627455805	-0.0887356509	-0.0627455805	0.0	-0.0098424817460767	-0.1530543925432113	-0.0057201910912993	0.0009550852354908	0.0007658951057969	-0.0002208659377423	0.1307910653390523	0.9423189414602516	-0.2338399206428783	-0.0778494482459288	-3.066013004655281	1.372585802254096
-0.0082858828	0.0814955415	-0.0120997543	0.0187645991	0.0847895352	0.0039973709	0.0619647338	-0.0021948255	-0.0650300582	-0.0886270754	-0.0587477713	0.0	-0.0188098592668524	-0.0516093008905045	-0.0173850202698844	0.0006031445959399	0.0008408962669288	-0.0003442536941477	0.1495937762064776	0.0009361945234214	-0.7792746570659826	-0.5360082940753979	-1.7732222913032183	0.1031430462642055
-0.0716943397	-0.0062377512	-0.0263861102	-0.0393302957	3.26799e-05	-0.0012332375	0.061174408	-0.004388308	-0.067225012	-0.0883016146	-0.0545253541	0.0	-0.0187891865869573	-0.0187186023455581	-0.0428513867455251	0.0006031727132549	0.0008403767101925	-0.0004097537833021	0.0616801258607672	-0.5896376610036523	-1.1570815681693405	0.1078666691589238	-1.2637032145608476	-0.8900993212687467
0.0860431115	-0.0573048132	0.005224676	-0.0124535076	0.0991918745	0.0787087245	0.0603747238	-0.0065791054	-0.0693274202	-0.087760065	-0.0500944723	0.0	-0.0269290727130737	0.0365458108808667	-0.0384296545385183	0.0007911552200507	0.0007018256414121	-0.000441277478444	0.0857288950954529	0.5270378964911475	-0.853614095832638	-0.219972480090225	0.2619023022367056	0.0811129516932052
0.0031614571	0.0806282437	0.0980368416	-0.1487612806	0.1043376841	0.0996743757	0.0595658037	-0.0087658771	-0.0713343885	-0.0870037517	-0.0454720662	0.0	-0.0273851608742745	0.0398261497959282	-0.0436683855207888	0.0011991148587757	0.0006547915510308	-0.0003488925146735	0.0363440927023727	1.4950967583997186	-0.3101352979808342	0.5223646920285319	0.2120656344822952	0.3581731929322023
-0.0260738448	0.0606556473	0.011433138	-0.1510979121	0.1528848215	0.1655028461	0.0587477713	-0.0109472851	-0.0732431539	-0.0860345257	-0.0406758086	0.0	-0.0273205583383315	0.0459070123318241	-0.0389901267073327	0.0013396868829932	0.00084020463023	-0.0004420634371886	0.031781525181885	1.280071215525818	-0.0153682785856255	0.6992632061336657	-0.2035917036724338	0.2336753496552627
0.090416603	0.0235456304	0.0695670465	-0.1508697905	0.1192676222	0.0747921969	0.0579207519	-0.0131219947	-0.0750510888	-0.0848547588	-0.0357240367	0.0	-0.0322118856463191	0.0606833319065458	-0.0435265684191961	0.0010550684981576	0.0004573407400962	-0.000301241775067	0.0646192854491227	-1.240218234866743	-0.2356607879372746	0.5196279600782475	-0.0805152249403601	0.890722824968538
0.0921440551	0.0906093675	0.0040550168	-0.1051345675	0.0516278248	0.036644165	0.057084872	-0.015288675	-0.0767557043	-0.0834673381	-0.0306356825	0.0	-0.0347333667108813	0.0079609847883261	-0.0434988928317068	0.0009941463874669	0.000662280392087	-0.0004413295559117	0.0755689809465812	-3.6918752480745303	-0.4395649574233632	-0.4236329650943781	0.0870145671491379	1.3752069446785786
-0.0243304652	0.0874535926	-0.0258670964	-0.0874676079	-0.0118855249	-0.0296365616	0.0562402593	-0.0174460005	-0.0783546537	-0.0818756588	-0.0254302002	0.0	-0.0332996146196933	0.0078901136778739	-0.0435489120966536	0.001223149745345	0.0006752301791348	-0.0004419134781592	0.0136814958252569	-3.4119943626454323	0.1163399428710067	-0.4269232632293938	-0.6257022329229609	-0.2765905421567062
-0.0285769281	-0.0017441268	-0.044948477	-0.0863475139	-0.017681439	0.032267537	0.0553870432	-0.019592651	-0.0798457358	-0.0800836161	-0.0201274916	0.0	-0.0355380126117097	-0.0163538972173142	-0.0647815209769788	0.0016756980817542	0.0008871305204565	-0.000442244176585	0.0809539865753647	-2.5104449408904714	0.0121093511846473	-0.7801869273749411	0.1497490212406791	-1.5099197774493236
0.0664155831	0.0780850771	-0.0402592008	-0.1121987466	-0.0792638186	0.0042220012	0.0545253541	-0.021727313	-0.0812268979	-0.0780955953	-0.0147478303	0.0	-0.0358479840208616	-0.0186007377162269	-0.0732561537350307	0.00157570728814	0.0009321524055538	-0.0004422353162973	0.0182825216160764	-2.427835696705387	-0.0548438192537292	-0.780468528612022	-1.6710885134632725	1.0143668874088454
-0.0428515874	0.0715301402	-0.1047349128	-0.1369672215	-0.0854562571	-0.0094412742	0.0536553239	-0.0238486804	-0.0824962387	-0.0759164616	-0.0093117842	0.0	-0.0365847573668247	-0.0162547419062235	-0.0670485766233497	0.0016967330781723	0.0010256253907199	-0.0004428703631026	0.0200470373678325	-2.750424624214559	0.0715625687854813	-0.3571107310004247	-0.6334814545288071	-0.3929822337700335
0.127095155	0.0241051467	-0.1122243347	-0.0874894595	-0.1522263666	-0.0535955703	0.0527770856	-0.0259554552	-0.0836520106	-0.0735515475	-0.0038401367	0.0	-0.0378394997159716	-0.0164500960727167	-0.0669242374948027	0.0015757173794044	0.0010001520781222	-0.0004422886404862	0.0089279723432871	-3.2561521196748195	0.1179154637542953	-0.7366954239387391	-1.6453600063035971	1.933380678001486
-0.0492509838	0.1141125972	-0.1021034206	-0.0467033365	-0.1397622719	-0.1308366935	0.0518907737	-0.0280463481	-0.0846926225	-0.0710066404	0.0016461926	0.0	-0.0366261219944021	0.0065172292528217	-0.0867245277673873	0.0011871612843092	0.0009387968957643	-0.0003425575511581	0.0714631116587525	-3.243618374961108	0.11552623661218	0.7737545680554825	0.3788070213744635	0.0284924541025937
0.0168623776	-0.1214248782	-0.1056988179	-0.0483834386	-0.1924805311	-0.0985440882	0.0509965236	-0.03012008	-0.085616642	-0.0682879683	0.0071262281	0.0	-0.040103053566554	0.0418963048256983	-0.0861299458631066	0.0014521977820247	0.0008891793911351	-0.000442145725369	0.0601626978770891	-2.747356370969468	0.2500591445201044	0.6613981518974404	-1.2658716868175786	-0.8696835707276608
0.0569455933	-0.0230445415	-0.0505204967	0.0589230541	-0.1050638147	-0.1251426047	0.0500944723	-0.0321753817	-0.0864227969	-0.065402184	0.0125790181	0.0	-0.0417530308735791	0.0473856866954776	-0.0851651284595647	0.0011341628233293	0.0009378034384126	-0.0003470320842801	0.0311928089334363	-2.227292075581873	0.3325621384115778	-0.3889241083269128	1.8323622671258744	0.9090065924556338
0.046585091	-0.0751677788	-0.0022574144	0.0956449914	-0.0592658205	-0.0517799267	0.0491847576	-0.0342109959	-0.0871099775	-0.0623563496	0.0179837153	0.0	-0.0438333539047306	0.0449026649430379	-0.1178621254444465	0.0017041925862526	0.0008661236839515	-0.0004422386827691	0.074106147562143	-0.7694815155771109	0.559049038018516	0.7588127319399882	-0.4254120867565403	1.1669416720922503
-0.0337667417	0.0547528625	0.0479934986	0.0862180479	-0.0452481711	-0.0058978235	0.0482675188	-0.0362256768	-0.0876772378	-0.0591579187	0.0233196561	0.0	-0.0371360561783973	0.0474558867312993	-0.1095199085518459	0.0010316287413068	0.0007268184442563	-0.0003533751291753	0.0626293683189353	0.4529564560129004	0.5277273264112764	-1.4813513061730232	1.2102988310047544	0.2895146634275224
-0.0978102802	-0.0338744097	0.00363245	0.0600217884	-0.0208867103	0.0032801741	0.0473428961	-0.0382181918	-0.0881237967	-0.0558147186	0.0285664397	0.0	-0.0488831495833466	0.0309623168649721	-0.134466608970726	0.0017441815581188	0.0009796794555869	-0.0003688541950825	0.1022320083926465	0.8741446685740538	0.1345046372652877	0.0746778126119958	-0.1062504524432287	-1.09553838194877
0.0620043485	-0.0436500816	0.0274842712	0.0290431086	0.0126172246	0.0689277919	0.0464110311	-0.0401873216	-0.0884490397	-0.0523349304	0.0337040064	0.0	-0.0444182869733253	0.0308828265346505	-0.108263362659926	0.001446159480651	0.0008372272541514	-0.0003781055836255	0.0532338826234578	1.2286954869552689	0.2849058266036049	-1.1609357305998034	0.5869228562090419	0.8290949497508925
-0.0439123665	0.0325288305	0.0386755534	0.0352930567	0.0159682043	0.0663584615	0.0454720662	-0.0421318613	-0.0886525188	-0.04872707	0.0387127139	0.0	-0.037110953004003	0.0307082050654372	-0.1356189560009539	0.0015481361595042	0.0008082429729983	-0.0003321257440058	0.0436845887608634	1.5115819120064322	0.3514787904343113	0.301209536479028	-0.4081411679852835	-0.5409916366308272
-0.0023346951	-0.0944354724	-0.0291629194	-0.0101503224	-0.0375744058	0.0303372798	0.0445261451	-0.0440506212	-0.0887339541	-0.0449999662	0.0435734126	0.0	-0.0445922305639072	0.0273656549839529	-0.1081843500393802	0.001556698614489	0.0008931569348615	-0.0004421961980367	0.0484357771469071	1.145942289250153	0.1245101783750269	-1.3856923702716766	0.633629588458526	-1.1227987087785116
-0.001606743	0.0618435285	0.0419713827	-0.0174871835	-0.0438211999	-0.0307537304	0.0435734126	-0.0459424272	-0.0886932334	-0.0411627399	0.0482675188	0.0	-0.0414181935091875	0.0308626051242271	-0.1331748488663606	0.0016421498531232	0.000832705135604	-0.0003591839711996	0.0431072492584143	0.7322786080180519	0.1284139937784364	0.9098851976327428	-0.2841691638008902	0.3590493105286916
-0.0930823962	-0.0100424748	-0.0532990619	-0.0153104858	-0.1025452263	-0.0337497624	0.0426140143	-0.0478061216	-0.0885304127	-0.0372247816	0.0527770856	0.0	-0.0369381663677188	0.0418618529449759	-0.1333092622420935	0.0015221881160122	0.0008421638410223	-0.00044214155198	0.0262325895034353	0.2401792057715783	-0.1766496491771376	-1.018382088142944	0.7333186463452912	-0.7926050457774824
0.1007641352	-0.0501150803	-0.0056556285	0.0413428115	-0.0796585745	-0.0652971829	0.041648097	-0.0496405642	-0.0882457162	-0.0331957279	0.057084872	0.0	-0.0488600082810677	0.044258000757253	-0.1331233273875796	0.0018317137785413	0.0009580951705647	-0.0004428785340833	0.0358136232888799	0.1421680970754269	0.1003981504554325	0.8650832067993953	0.3502656326609	0.8495831991538523
-0.030910058	0.0822146834	0.0352761198	0.0042878454	-0.0789574335	-0.0003394366	0.0406758086	-0.0514446324	-0.0878395358	-0.0290854388	0.061174408	0.0	-0.0460633267881576	0.0436860472474478	-0.1333127900909119	0.0016427081190321	0.0009356378817748	-0.0004422688405978	0.0141617297952776	0.4745037195687399	0.0758013481711439	-0.8285193459228943	0.2506437144209163	-0.4372805397098193
-0.0010239794	-0.1077638187	-0.0013303769	-0.0281693555	-0.033061717	0.0727281783	0.0396972976	-0.0532172224	-0.0873124307	-0.0249039727	0.0650300582	0.0	-0.0553205571060431	0.061459902269263	-0.1395958666324048	0.0020307466401915	0.0011070511323831	-0.0004431247280543	0.0613295448424036	0.4634265449927808	-0.2370382368562686	1.6075509972607935	0.2849669739448771	-1.5732540109678363
0.057366217	0.0810833112	0.0452162745	0.0291885205	-0.0206663121	0.0543471917	0.0387127139	-0.0549572496	-0.0866651266	-0.0206615624	0.0686370817	0.0	-0.0470099571609807	0.0447035604368863	-0.1333681757532758	0.0015892371651447	0.0010626491309502	-0.0004428448060536	0.055604202580588	0.3526393751548591	0.0023225001653437	-1.0373295937146123	0.2293309905197425	0.5042479600357117
-0.068253272	-0.0191763495	-0.0255773341	-0.0832709156	-0.0332754862	0.0448092337	0.037722208	-0.0566636492	-0.0858985145	-0.0163685898	0.0719816876	0.0	-0.0541918265906389	0.0393113263884146	-0.1330985678822571	0.0020351860263139	0.0010516453492086	-0.0003510697526293	0.0402800961659036	0.3292460209469434	-0.1578395439555423	1.5235289228003592	-0.2414403475685345	-1.213380208599936
0.1245997024	0.023191776	0.0075680934	0.0082737535	-0.0428612031	-0.0601686444	0.0367259315	-0.0583353771	-0.0850136499	-0.0120355605	0.0750510888	0.0	-0.0515432809233544	0.0691587235586723	-0.1199658938051584	0.0016421754943328	0.000789137202614	-0.0004421483772551	0.0829584820747158	-0.114055540914766	0.0782087555609056	-1.069084970635301	0.345747413290035	1.9014894778394444
-0.0488175448	0.0729237059	0.0246536025	-0.0038071275	-0.018915508	0.0170464784	0.0357240367	-0.0599714105	-0.0840117508	-0.0076730782	0.0778335502	0.0	-0.0537147060310587	0.0308378410431657	-0.1427690624351072	0.0018742352292614	0.0010510838334052	-0.0004429855162248	0.0880376514876347	-0.4956770230723335	-0.0820104134620875	0.6874061648418549	0.2752652060415315	-0.6240214178878096
-0.0058649092	-0.1124858455	-0.0149618135	-0.0198863387	-0.0377753253	-0.0416292825	0.034716677	-0.0615707483	-0.0828941965	-0.0032918186	0.0803184336	0.0	-0.0523391510042614	0.0414830855171715	-0.1257202033251161	0.0018852338628098	0.001067087152597	-0.0004430063749782	0.0304207991854741	-0.3859523590397007	-0.0126751013922608	-0.4734805092719282	0.2544387449824544	-1.2818558893609246
0.0333419585	0.0165631388	-0.0096014476	0.0012424176	-0.0418753841	0.0561204738	0.0337040064	-0.0631324118	-0.0816625256	0.0010974967	0.0824962387	0.0	-0.0512426699463617	0.0331891904299368	-0.1299270013445266	0.0018852059333937	0.000772001333315	-0.0005297280465477	0.0326889451779248	-0.0070474039707362	-0.0690924513806112	0.265701592956394	-0.1635804350777644	0.5510021193110438
-0.0690008336	0.006999841	-0.0261789919	-0.0401993825	-0.0489183641	-0.0171169876	0.0326861799	-0.0646554455	-0.0803184336	0.0054841262	0.0843586391	0.0	-0.0505888825282312	0.044820461201624	-0.1376838451415949	0.0015492150428316	0.0009671583531716	-0.0004422497817881	0.050973210745801	0.0924923965697546	0.1135132646183123	-0.4796808086978629	0.6518861027574445	-0.6562879360802517
0.0454241565	-0.0857868454	-0.0239414358	-0.0147903103	-0.0179460861	-0.0785989048	0.0316633531	-0.0661389174	-0.0788637708	0.0098573351	0.0858985145	0.0	-0.0494507025781985	0.0309357552069116	-0.1459033325621277	0.0016801762849772	0.0007741287129148	-0.0004421506879026	0.0394468721796728	-0.4057611349637204	0.0783784609778369	1.1896118838118956	0.5710031175252858	0.1047871183184293
0.0387842995	0.0664651693	0.0063767113	0.0414922597	-0.0228179878	-0.0452951924	0.0306356825	-0.0675819199	-0.0773005399	0.0142064215	0.0871099775	0.0	-0.0511578467673672	0.0512999226333334	-0.1418570881268834	0.0014296949062658	0.0008761844486129	-0.000442126812279	0.0437456055524897	-0.446977362334844	0.2255670548300724	-1.3115541475528094	0.1900519075562344	1.0813034714909804
-0.0809245837	0.0164312644	0.0166891525	0.056978873	-0.0114076009	-0.0187385687	0.0296033254	-0.0689835701	-0.0756308928	0.0185207424	0.0879883964	0.0	-0.0526412646297131	0.0396097436966158	-0.1417237782294336	0.0017742135013064	0.0009611080395406	-0.0004428532138362	0.0348153360727883	0.2964128212058321	0.0429630064601742	1.110267589260768	0.7593019354513827	-0.3678957048083109
-0.0037947835	-0.079407604	-0.011742456	0.0163768529	-0.01555513	0.0596135692	0.0285664397	-0.0703430101	-0.0738571281	0.0227897399	0.0885304127	0.0	-0.0532648449926256	0.0309124261027307	-0.1350215389304168	0.0019787492317481	0.0011180600498088	-0.0004431068501739	0.0341102061081944	0.7593016303751731	0.3924411839763314	-1.0974164452741444	-0.3996357890009467	-1.3140770891464597
0.0321111186	0.0559985927	0.0185125038	0.0158513548	-0.0215510727	0.0102955696	0.0275251839	-0.0716594083	-0.0719816876	0.0270029671	0.0887339541	0.0	-0.0546526289803779	0.0574044450463588	-0.14561718680919	0.0019357052304943	0.0009160728254788	-0.00044288721668	0.0507379937640386	0.7406565054505327	0.2071381329600049	1.882841822424128	-0.120670947724008	0.8510657580289803
-0.0770216169	0.0444671615	-0.029552438	-0.0015254914	-0.0370331785	-0.0022760897	0.0264797175	-0.0729319592	-0.0700071532	0.0311501135	0.0885982425	0.0	-0.0501696709916643	0.0643255432702432	-0.1427834896131941	0.0018082101525295	0.0009461004221018	-0.0004428561322048	0.0221154413617439	0.1123659678826529	0.0385938204302412	-1.7182273375838923	0.0362026869129495	-0.8641337057688938
0.0054241384	-0.1157531941	-0.0431762384	-0.0106854881	0.0129511814	0.0289599271	0.0254302002	-0.074159884	-0.0679362432	0.0352210304	0.0881237967	0.0	-0.060718720721212	0.0328369368815941	-0.1425917725407259	0.0020777310845091	0.0010330410612411	-0.0004430742080997	0.060063355541355	-0.0209470487408379	-0.0736049774898431	1.559267408997847	0.6520541895516508	-1.05501293365439
0.0739864786	0.0674445043	0.027187767	0.0827911702	0.024055005	0.0507658968	0.0243767927	-0.0753424315	-0.0657718084	0.0392057555	0.0873124307	0.0	-0.0501252220619079	0.0437768815918673	-0.1336223084040853	0.0015491982334708	0.0008911583541124	-0.0004421908187833	0.0640678548803879	0.5073984559241518	0.2749318471913497	-1.918889047422672	-0.2041056146785161	1.1549152175247923
-0.0628485708	0.0219675624	0.0200363368	0.0249488818	0.0119080997	-0.0150851795	0.0233196561	-0.0764788781	-0.0635168285	0.0430945375	0.0861672466	0.0	-0.0500921717035964	0.0466717236847102	-0.1441003731965509	0.001931235943249	0.00093802053908	-0.0004979064868062	0.0376367353820549	0.9847054207701434	0.0739407148184429	2.1167386744300773	0.6871854993221461	-0.2303527806415405
0.0135688961	-0.1274565963	-0.0314393992	-0.0172316897	0.0486613096	0.0257529961	0.0222589521	-0.0775685283	-0.061174408	0.04687786	0.0846926225	0.0	-0.0532659208182906	0.084731041940401	-0.1366355196198014	0.0020547319706641	0.0010410464549319	-0.0004430701599064	0.0627658344554745	0.6011985938533675	0.0581686697061	-1.7095895226544833	-0.835842525184419	-1.0809506167518377
0.0723344905	-0.0112162867	0.0233499678	0.0355014141	0.0498926122	-0.0519628982	0.021194843	-0.0786107155	-0.0587477713	0.0505464645	0.0828941965	0.0	-0.0454502294664251	0.0145134582023871	-0.1325800587152485	0.0020052151100309	0.0009650575503279	-0.000442968342754	0.0883691151139122	0.5012229862741963	-0.1114990477406514	1.2475074338989958	1.2814997574695175	1.8683212057657808
-0.0453395614	0.0564373811	0.0025915648	0.0192083706	0.0133458232	-0.0004505066	0.0201274916	-0.0796048019	-0.0562402593	0.0540913734	0.0807788444	0.0	-0.0491183038926976	0.0674897250684125	-0.1358683329107606	0.0017782471086492	0.000954542333202	-0.0005158485365623	0.0754507861036049	0.5926886644643382	-0.0319659839041814	-0.7368203514015645	-1.913965141815721	-0.3821729530964329
-0.0602716506	-0.0608930482	-0.0199156508	-0.0122544442	0.0592050476	-0.020647348	0.0190570611	-0.0805501793	-0.0536553239	0.0575039116	0.0783546537	0.0	-0.0524694357363415	0.0139684482673345	-0.1191099021521893	0.0018572183848338	0.0009790897236707	-0.0004429099631633	0.0824537014059081	0.5338244408771405	-0.2710288197669965	0.8760797960134504	1.3642699366700526	-1.4301209894988416
0.0759772856	0.0055400072	0.014126739	0.059294932	0.0280411843	-0.012531915	0.0179837153	-0.0814462692	-0.0509965236	0.0607757281	0.0756308928	0.0	-0.0644707376538349	0.0848888180524625	-0.1378781526210986	0.0018171837514723	0.0008225990096222	-0.0004422475128333	0.1115493120585306	0.2943532304917442	-0.1637533958793436	0.3290027850369905	-1.3639455906627067	1.7527373225386744
-0.0551977461	0.0477195037	0.022686488	0.0012718249	0.0288789636	-0.0759422049	0.0169076184	-0.0822925233	-0.0482675188	0.0638988161	0.0726179752	0.0	-0.0561150158601435	0.0361649201477263	-0.1378358019712777	0.0019342535930169	0.0009409846649242	-0.0005339105542184	0.0734778972598334	0.232766582549592	-0.2999361972160432	0.4172074345850446	1.4332031535666463	-0.2676984814995791
-0.0287656802	-0.1098447497	-0.0294221769	-0.0203083084	0.0079343564	0.0211120857	0.0158289351	-0.0830884239	-0.0454720662	0.0668655331	0.0693274202	0.0	-0.0609168637477637	0.0784399793499091	-0.137721942441729	0.0019537605281587	0.0009779851916904	-0.0005279563313667	0.0503138508573367	0.3628409062234873	-0.1203994352684589	0.8979577498028974	-1.13138663261815	-1.450607594087003
0.0662343671	0.0748877111	0.0355316547	0.0059362263	0.0125807101	-0.0558170101	0.0147478303	-0.0838334838	-0.0426140143	0.069668619	0.0657718084	0.0	-0.0614787528924551	0.0321651009203804	-0.1376124356452805	0.0019867872021178	0.0010169349953388	-0.0005700108644949	0.0526478249074535	0.3731765028503083	0.1265386385887199	0.3862238990953414	0.980509606142606	1.2105024475953428
-0.0922297247	0.0450570878	0.0185825564	-0.0002245365	0.0380797845	-0.0324942043	0.0136644694	-0.0845272472	-0.0396972976	0.072301214	0.0619647338	0.0	-0.0670771919320714	0.0871148150192198	-0.1609584876217269	0.0019307032541829	0.0009070738873644	-0.0004428760218029	0.0985482000449671	0.3747481885582995	-0.0587408575727588	0.6848627164247892	-1.8354026759695343	-0.4581909870318473
0.0249807929	-0.1005512213	-0.0073132475	-0.0046592641	0.0409879366	0.0402760671	0.0125790181	-0.0851692896	-0.0367259315	0.0747568758	0.0579207519	0.0	-0.0645647781555425	0.0405546236162734	-0.1463317854690444	0.0022897254692931	0.0010089939343882	-0.0004431559847489	0.0867604185861578	0.304550437658868	-0.3472875194799104	-0.108366936291699	1.355383058617929	-1.1877754852245812
0.0614984488	0.0593130423	0.0207694096	0.0370894486	0.0503258434	0.008059956	0.0114916426	-0.0857592182	-0.0337040064	0.0770295951	0.0536553239	0.0	-0.0613426363290159	0.069385943609447	-0.1626511922439562	0.0020497966274135	0.0009623744955149	-0.0006119876084648	0.0711418638180519	0.2263939584300322	-0.1660080657972068	1.010522395529026	-2.27951003993307	1.3965392057436294
-0.0467278882	0.0901889189	0.0261634812	-0.00200889	0.0237595944	0.0091349406	0.010402509	-0.0862966719	-0.0306356825	0.07911381	0.0491847576	0.0	-0.0632224784237251	0.0657225797495897	-0.1627866291653532	0.0017507959180286	0.0008113661518682	-0.0007252113613097	0.0338402831697885	0.2790221539776118	-0.2255607870332691	-0.8758784486736623	2.211908770772458	-0.4047329105356914
-0.0984528646	-0.0427164644	-0.026109427	0.0077448402	0.0416190859	0.0443210873	0.0093117842	-0.086781322	-0.0275251839	0.0810044202	0.0445261451	0.0	-0.0619307872049859	0.0611554512013583	-0.1685499109768926	0.0022238515470745	0.0008661067583288	-0.0008049647410744	0.04199958234207	0.4729006678011771	-0.3106283401863138	1.0650986979022972	-1.2099296872010512	-1.2954191458997917
0.1016658179	-0.0103109839	0.0527836743	0.0013449503	0.0428292963	-0.0074301691	0.0082196348	-0.0872128719	-0.0243767927	0.082696799	0.0396972976	0.0	-0.0699045894365184	0.0593701697625022	-0.1677931511786141	0.0017507883614286	0.0008989412964974	-0.0006397877174453	0.044069580840847	0.6981762347943025	0.1803050786373793	-0.8766546182014014	1.7714793274143723	1.8587428567117077
-0.0522335198	0.0659422772	0.0324236327	0.0382600074	0.0178337664	0.0283611743	0.0071262281	-0.0875910574	-0.021194843	0.0841868048	0.034716677	0.0	-0.0696442561162911	0.0806899003305829	-0.1823796457056374	0.0020988658252342	0.0009572017643701	-0.0007620062572808	0.0625943819910212	0.35836917157538	0.0729030113796021	1.8501735580287788	-1.6134063780778276	-0.3374696272896597
-0.0510563372	0.0194468469	0.0046899306	-0.0359856313	0.0069487737	-0.0297197968	0.0060317311	-0.0879156473	-0.0179837153	0.0854707914	0.0296033254	0.0	-0.0620646399340074	0.0403915472720086	-0.1573711815815244	0.0020057309104588	0.0010360540370435	-0.000443039971059	0.0974341070485009	-0.0785284415658521	0.1168882428405322	-2.4690024991896524	2.73198630709889	-1.059464351449988
0.0231607396	-0.0800772656	-0.0461466674	-0.0184124409	0.0322214536	0.0679681093	0.0049363115	-0.0881864428	-0.0147478303	0.0865456167	0.0243767927	0.0	-0.0762387348602828	0.0404528489747662	-0.1903843596087	0.0024348998856421	0.0012502281942354	-0.0006360232685435	0.0890648961491935	-0.2338890029480997	0.1770664803213827	1.8307074196015864	-0.5800202066572743	-0.4289896252126492
0.0719789623	-0.012473136	0.0517766268	0.0737519403	0.0289577549	-0.0069226961	0.0038401367	-0.0884032783	-0.0114916426	0.0874086504	0.0190570611	0.0	-0.0728687964534628	0.1105565076003216	-0.1803028664861869	0.0020482259222694	0.0010140474148412	-0.0004430387744706	0.1243470519968785	0.1995723921327152	-0.1574583301672998	-1.2584946185132877	0.4912901329522817	1.382635888688819
-0.0437716136	0.0408370385	0.0219955488	0.0599624509	0.0368005354	0.0428001881	0.0027433745	-0.0885660212	-0.0082196348	0.0880577804	0.0136644694	0.0	-0.0620262052373874	0.0255939539194827	-0.1889427738359046	0.0022592799458061	0.0010689124372438	-0.000520708169368	0.121624474288467	0.9626568801190674	0.1534469243689248	0.8427977892813355	-0.2378594348168716	-0.1817596564325247
-0.0686495623	-0.0672783761	0.0101372559	-0.0145313718	0.0972266539	0.0193345315	0.0016461926	-0.0886745718	-0.0049363115	0.0884914183	0.0082196348	0.0	-0.069099906515845	0.0782385451527716	-0.1680675445084034	0.0023954044314814	0.0011091244546648	-0.0007318299333057	0.0999664351909477	1.449813511362014	0.0994920217390335	-1.1164367327667435	-0.536583828808493	-1.4638804567312589
0.0812421025	0.040545469	0.0188826077	0.0323592851	0.0579304224	0.0817062124	0.0005487588	-0.0887288637	-0.0016461926	0.0887085029	0.0027433745	0.0	-0.0681231471999694	0.0580631169453482	-0.1749734672576153	0.0024528608804824	0.0010261451859145	-0.000696260674328	0.0368583591089609	1.0039736676894633	-0.0872797233659179	0.6969819040992982	-0.4115585104422086	1.6104511754785298
-0.0613461756	0.0089757459	-0.0078721769	0.0277961534	0.0251921666	0.0329641767	-0.0005487588	-0.0887288637	0.0016461926	0.0887085029	-0.0027433745	0.0	-0.071571967966534	0.0905063379900923	-0.1787405932834076	0.0022762517563895	0.0009148824449087	-0.000544042635106	0.061663663053136	0.3722293541837755	0.006717076165063	-0.3178454673659078	-1.0524345090667586	-0.3501193137831085
0.0875513658	-0.056389012	-0.0354637288	0.0008234566	0.0190339957	0.0074370941	-0.0016461926	-0.0886745718	0.0049363115	0.0884914183	-0.0082196348	0.0	-0.0709364470411202	0.0579692676788567	-0.1701725157950449	0.0024548505946905	0.0010111593287369	-0.0006867425061952	0.0626194483859321	-0.0263646872541655	-0.1544935772673878	0.836495099938349	0.2042842119297393	0.6179834118623828
-0.0032714693	0.0602533066	0.0134206663	0.0218113435	0.0049282907	-0.048283101	-0.0027433745	-0.0885660212	0.0082196348	0.0880577804	-0.0136644694	0.0	-0.0739740416828311	0.0992505763649376	-0.1843659089750815	0.0020608722634004	0.0009597053358771	-0.0007724900433663	0.0850712895738784	-0.1074162484121063	-0.1121986359940916	0.2749424320145919	-0.6262257590088142	0.3573210150165029
-0.07437436	-0.0345426077	-0.0736278979	-0.0024796785	-0.0388208222	0.0192949497	-0.0038401367	-0.0884032783	0.0114916426	0.0874086504	-0.0190570611	0.0	-0.0781783770182897	0.0461003433272395	-0.1911653635874444	0.0025819142110317	0.0010930441868979	-0.0007429130287178	0.0983519136505495	0.3562387572006977	-0.1923718205816155	0.5962518587978424	0.7764906854207466	-0.9571836319990984
0.0900637531	-0.0138665565	0.0118129331	0.038172743	0.0008033957	-0.0298490778	-0.0049363115	-0.0881864428	0.0147478303	0.0865456167	-0.0243767927	0.0	-0.0790623311833229	0.1006366651814545	-0.2056463401617492	0.0022988183973384	0.0010187891370803	-0.0006191718395263	0.093955855228673	0.5722206251506528	-0.0428862542767813	0.4278039412391071	-0.459105547113371	1.882541170231024
-0.032875239	0.0562945364	-0.0068623232	-0.0109731605	0.0165129087	0.0301948817	-0.0060317311	-0.0879156473	0.0179837153	0.0854707914	-0.0296033254	0.0	-0.0791327797312391	0.0591052623278756	-0.2066365762559883	0.0023686150516544	0.0011882833202188	-0.001028911313569	0.0750436030705942	0.5523202225686199	-0.1191385466262162	-0.5256878548222982	1.4193746334337425	-0.2269970741653607
0.0651556497	-0.0521259073	-0.0169807254	-0.038234179	0.008525242	0.0174324463	-0.0071262281	-0.0875910574	0.021194843	0.0841868048	-0.034716677	0.0	-0.0793738414042337	0.0864590239154523	-0.2020176800094333	0.0027079375798281	0.0010258582662692	-0.0008448909353001	0.0665021175267363	0.3837031151034762	-0.234193582647583	0.5773433306516749	-0.5067524848849748	-0.0453649399045237
0.0052329504	0.077889009	0.0016758591	0.0140121343	-0.0240412945	0.017543981	-0.0082196348	-0.0872128719	0.0243767927	0.082696799	-0.0396972976	0.0	-0.0790964844968584	0.0604468362427184	-0.2100910109570719	0.0021640198862078	0.0012821274307071	-0.0008078884705251	0.0762223416694078	0.2622732818115135	0.1041399169648117	-0.6662197984711935	0.8635793574904859	-0.1712387492524874
-0.102094612	-0.0417909049	-0.0333142043	-0.0063442678	-0.0172932589	0.0030201059	-0.0093117842	-0.086781322	0.0275251839	0.0810044202	-0.0445261451	0.0	-0.0791523664062765	0.0792835607651625	-0.2167812879180957	0.0028610687234847	0.0012682233101564	-0.0008948164197298	0.065476928744501	-0.0814192995787878	-0.5140685171742926	0.9703011483661852	0.1276055677624152	-1.258793087971087
0.0842821929	-0.037102142	-0.0148618046	0.0221090483	-0.0165080972	0.0124990659	-0.010402509	-0.0862966719	0.0306356825	0.07911381	-0.0491847576	0.0	-0.0838685340641092	0.0711163660910614	-0.2107483877968121	0.002263065561382	0.0012910158869232	-0.0008699620623107	0.0511987672676474	0.0918148789154359	0.1432522925065446	-1.076738058605969	0.7092566867334962	1.2108715262989005
-0.0199080697	0.0528478986	0.0451021439	-0.0020472292	0.0311129369	0.0198706002	-0.0114916426	-0.0857592182	0.0337040064	0.0770295951	-0.0536553239	0.0	-0.0875581484610705	0.0859484273023554	-0.2271118539493244	0.0025510147733376	0.001111840274131	-0.0009109197821386	0.0602892689895526	0.3290949547118573	-0.2713521522388784	0.9644133006329696	0.5305783172555215	-0.2450010790839328
-0.0618668392	-0.0001627509	-0.0531583987	-0.0225177066	0.0260053094	0.1132270008	-0.0125790181	-0.0851692896	0.0367259315	0.0747568758	-0.0579207519	0.0	-0.0886381113954684	0.0609397323628542	-0.2089489576613914	0.0026100002159639	0.0011583811361923	-0.000856014766299	0.052273120188192	0.7062792806616481	-0.0776832696114469	-0.4478487895762642	-0.8478193264726943	-0.8872775658606468
0.0932688525	-0.0171142668	0.0378780777	-0.0064425729	0.0033530416	0.0329727916	-0.0136644694	-0.0845272472	0.0396972976	0.072301214	-0.0619647338	0.0	-0.0837312760059205	0.1171673105165211	-0.2088922154112964	0.0028429226840528	0.0009577634388091	-0.0008718633887198	0.0836605951879548	0.9225009592578716	-0.0175130242855962	0.7263629372665892	0.1791465374490781	1.478178025587915
-0.0112684013	0.106093222	-0.0083422469	0.0047393724	0.0107655981	0.042875721	-0.0147478303	-0.0838334838	0.0426140143	0.069668619	-0.0657718084	0.0	-0.0805029257865754	0.0833534240101983	-0.2073605166832948	0.0023369758823713	0.0010769781081452	-0.000876760009191	0.0700768400281094	0.7116214222004241	0.0182874803385398	-1.0911507437306387	-0.0803864267239216	-0.0105373685562391
-0.0725010967	-0.0787476746	0.005937312	-0.0566145149	0.0830876641	-0.0023254933	-0.0158289351	-0.0830884239	0.0454720662	0.0668655331	-0.0693274202	0.0	-0.0806649873020006	0.1306875599834853	-0.205672310129799	0.002283903035361	0.0009760652651142	-0.0008206163895543	0.059690869526108	0.5879426791958295	0.1093998420601247	2.5485123158883827	1.3667684756596612	-1.0727199893693031
0.0834299352	0.0298774457	-0.0431879457	0.0395111535	-0.0205954677	0.0005917891	-0.0169076184	-0.0822925233	0.0482675188	0.0638988161	-0.0726179752	0.0	-0.0805562331339757	0.0498148500060153	-0.19264735957492	0.0025140390600142	0.001223912555057	-0.000867540115266	0.1202517667157589	-0.6060264855236864	-0.109893106612997	-2.0338264143890603	-0.5734709112858067	1.9362025737133564
-0.066363114	0.0430619036	-0.0453297745	0.0110042128	-0.0340516829	-0.0715044773	-0.0179837153	-0.0814462692	0.0509965236	0.0607757281	-0.0756308928	0.0	-0.0804959529640427	0.0953445156752366	-0.2059880409053391	0.0022549978855638	0.0011360205552739	-0.0008717825150713	0.0764894058715133	-0.6076569923459727	0.1387147728632741	1.1507742533059724	1.2391901813271995	-0.5077116427433567
0.0192654738	-0.0860141347	-0.0646199642	0.0139521248	-0.0452546097	-0.0096494508	-0.0190570611	-0.0805501793	0.0536553239	0.0575039116	-0.0783546537	0.0	-0.0881232433965522	0.0642950685242169	-0.2064729699883969	0.0027440283172515	0.0012358406386807	-0.0008486967084963	0.069758482750062	-0.2958772216075026	-0.0702057018808595	-0.9101070679617066	-0.0937699241587731	-0.8974447451245546
0.0092957452	0.0399041837	0.0085091477	0.0626057777	-0.0425313296	-0.0745781355	-0.0201274916	-0.0796048019	0.0562402593	0.0540913734	-0.0807788444	0.0	-0.0805709722602898	0.076377737191251	-0.2108494444279784	0.0022555927740445	0.0013510096245068	-0.0008790254439827	0.055708077468853	0.1720281320512456	0.0557435410524057	0.6931403140986944	0.286116155520437	0.1802662621486441
-0.0867452841	-0.0136796432	-0.1206933157	0.031193887	0.0172615426	0.0055648655	-0.021194843	-0.0786107155	0.0587477713	0.0505464645	-0.0828941965	0.0	-0.0804295231093874	0.0812156885416612	-0.219163729207068	0.00276103491753	0.0012558390884194	-0.000845235081059	0.0450138374052321	0.5769588662596182	-0.3387334630392163	-0.1947502324028078	0.0163107517705708	-0.8337710633750713
0.0729579331	-0.000822436	0.0301396284	-0.0070084681	0.0018773989	-0.0707828998	-0.0222589521	-0.0775685283	0.061174408	0.04687786	-0.0846926225	0.0	-0.0819012646986721	0.0929591491898378	-0.2052468932016182	0.0024690530136216	0.0013149655677779	-0.0008411249707099	0.044892962923711	0.8565694125030374	-0.0758678885441029	-0.134839008312059	0.5083387411705639	1.8193720750391276
-0.0366517943	0.0433751913	-0.0476720049	0.0671283345	0.0028806031	0.0485369833	-0.0233196561	-0.0764788781	0.0635168285	0.0430945375	-0.0861672466	0.0	-0.0810718800036767	0.0786347483538634	-0.216466001466415	0.0028250037019495	0.0012363619634689	-0.0008067491812629	0.0498193978999615	0.903908128251682	-0.1646431169452181	-0.2146388813314291	0.1748214177431061	-0.1814051642495474
0.0637168061	-0.0643065025	-0.0144041844	-0.0141181126	-0.0062894658	-0.0236425761	-0.0243767927	-0.0753424315	0.0657718084	0.0392057555	-0.0873124307	0.0	-0.0864224775464066	0.1234594499525911	-0.2044304872881071	0.0023480569040709	0.0012509638646791	-0.0008859698000317	0.0907492792126455	0.8176347928292416	0.0564148118375905	0.1411216832693732	0.0507907992698638	0.1213256455355844
-0.0058403044	0.1079697719	-0.0927116096	0.087626235	0.0542344368	-0.0218358834	-0.0254302002	-0.074159884	0.0679362432	0.0352210304	-0.0881237967	0.0	-0.0897008459788395	0.0816662852312077	-0.2060897873704874	0.0025239466822189	0.001099995987897	-0.000796890080353	0.0675277019666365	0.1244697702351905	-0.3044577912855116	-0.6775467919528948	0.8678311526377744	0.2765719239326378
-0.0768530964	-0.0252830292	0.1782151047	-0.147064509	-0.1276364034	-0.0849661877	-0.0264797175	-0.0729319592	0.0700071532	0.0311501135	-0.0885982425	0.0	-0.0875485218710849	0.1001802882824876	-0.2946762948381547	0.0048800754797958	0.0018041694038122	-0.0011649092630644	0.2806689044368768	0.0340194832725895	0.3177821264121842	1.794813554641042	-0.9659862312707882	-1.0033733783923733
-0.0708439986	-0.0870914159	0.3258697006	-0.1430505474	-0.0651417047	-0.1309250712	-0.0275251839	-0.0716594083	0.0719816876	0.0270029671	-0.0887339541	0.0	-0.1102634362490277	0.1108034648151772	-0.3426926317353462	0.006889068159983	0.0036269276685678	-0.0019240231425648	0.3108976690299839	-0.0627468821673813	-1.0062765074040838	0.9882509998048996	1.886929163318052	-0.7547810460793516
0.036672439	-0.1287736112	-0.0479487698	0.1150783186	0.0996404647	0.1204540719	-0.0285664397	-0.0703430101	0.0738571281	0.0227897399	-0.0885304127	0.0	-0.1095238853183389	-0.0008644458598183	-0.2405949960609348	0.0062579721001915	0.0028191843801768	-0.0017108394695538	0.2971062483397707	0.6423517077562196	-0.5081450137127016	-0.1282678438854533	-1.2812790361704054	-0.3051395070569303
0.0416747039	0.0203070144	0.123827642	0.0169074466	0.0374979865	-0.0260066078	-0.0296033254	-0.0689835701	0.0756308928	0.0185207424	-0.0879883964	0.0	-0.1192288030945434	0.0869712993440856	-0.2638914198155078	0.005366139031197	0.0023221638918624	-0.001810743961745	0.1952749892096864	1.208155618038724	-0.4432249952225978	-0.566416022557907	-0.9409476975153084	1.1393605125825104
-0.0641921469	0.0056859848	-0.0435712817	0.0677699099	0.024098714	0.0282464758	-0.0306356825	-0.0675819199	0.0773005399	0.0142064215	-0.0871099775	0.0	-0.1182152648359817	0.0676425192624776	-0.2577997172235768	0.0061051634111176	0.0024232103713495	-0.0017409164149537	0.0719289412420507	1.020446664451334	-0.7638534599716855	0.1823452718217166	-0.915322150900248	-0.2663539043478256
0.0794346453	-0.0853923831	0.0865446166	-0.0434246034	-0.0038850848	0.0079169446	-0.0316633531	-0.0661389174	0.0788637708	0.0098573351	-0.0858985145	0.0	-0.1178383447926449	0.1256966841947076	-0.239549069105962	0.0055849980727189	0.0022150813164028	-0.0017687015137564	0.1144857077005866	0.7228412161140544	-0.5168557942962978	-0.0666643785426574	-0.5680007793787584	0.7079641246989736
-0.011569733	0.0711487147	0.0262666094	-0.0250505625	0.0153437523	0.0938943295	-0.0326861799	-0.0646554455	0.0803184336	0.0054841262	-0.0843586391	0.0	-0.1178366587669899	0.0870665702059199	-0.2597613352850914	0.0057334346134762	0.0022151257266427	-0.0017073656447643	0.069334907193037	0.4166269803395792	-0.1649344486394194	0.0991377848670553	-0.2458385286289403	-0.4726891919714436
-0.0409584151	-0.0199672438	0.0124473735	-0.1846828395	0.002410996	0.0068952576	-0.0337040064	-0.0631324118	0.0816625256	0.0010974967	-0.0824962387	0.0	-0.1182899479110091	0.1425381412132935	-0.2485737487894965	0.0055397865416208	0.0021470002056644	-0.0016319585694274	0.0839714800555176	0.2436938136450643	-0.3094416392798697	0.248233095856191	-0.0177215868424207	-1.3779603471351378
0.0982804128	0.0689270555	0.0065501276	-0.0984750787	-0.0105754279	0.0224493467	-0.034716677	-0.0615707483	0.0828941965	-0.0032918186	-0.0803184336	0.0	-0.1209818058644174	0.1236703259843778	-0.260948801601458	0.0057862173965916	0.0021971110798579	-0.0015248746898894	0.0541160064294004	-0.2801794474214985	-0.3936364220279883	0.032984080931031	0.341954763660662	1.7043212819302922
-0.0272754653	0.0918397205	0.0090176661	-0.0888989877	0.0030114867	-0.0105090126	-0.0357240367	-0.0599714105	0.0840117508	-0.0076730782	-0.0778335502	0.0	-0.1187709576667259	0.1387322886570388	-0.2420884260787659	0.0050620428829067	0.0017571669058631	-0.0017189591624501	0.1040433444050645	-1.1789191703624249	-0.580537231093747	-0.3549289437387244	-0.2677307058061001	-0.3207993228197997
-0.0274951174	-0.0196780285	-0.00251457	-0.0776165511	0.0581445955	0.0117898835	-0.0367259315	-0.0583353771	0.0850136499	-0.0120355605	-0.0750510888	0.0	-0.1189858759273363	0.1104169932879841	-0.2553012288908149	0.0055996309706104	0.0020461580183721	-0.0015582476942917	0.091107549860269	-1.757209952576343	-0.7725671325286237	0.1623300160200194	1.197273469473382	-1.4322920439019229
0.091149923	0.0426284166	-0.0156690304	-0.0520959853	-0.0253481342	-0.0557615103	-0.037722208	-0.0566636492	0.0858985145	-0.0163685898	-0.0719816876	0.0	-0.1188065482791955	0.1016720759782856	-0.2500490757877287	0.0053930035194951	0.0017569915169566	-0.0016782530063768	0.0449663612917204	-1.5841433700158645	-0.3226733598582414	-0.0617876584991922	-1.023641824055372	1.7314829266895806
-0.0469297059	0.0578242218	-0.0104989624	-0.0242799494	0.0086737021	0.0080566358	-0.0387127139	-0.0549572496	0.0866651266	-0.0206615624	-0.0686370817	0.0	-0.1269522519639139	0.1196031885443318	-0.2609107579796301	0.0052760573222251	0.0017564286733258	-0.0017391472746845	0.045858663903091	-1.1475423785578855	-0.2004111788992093	0.7655622438720867	0.6861569865515298	-0.475914078444169
0.0093062287	-0.0757486722	-0.069708264	-0.0864025931	-0.0781702283	-0.0125946358	-0.0396972976	-0.0532172224	0.0873124307	-0.0249039727	-0.0650300582	0.0	-0.1269589380779905	0.0717416386255536	-0.2661710542310374	0.0057492552835424	0.0019870452000765	-0.001728727292631	0.088840255790337	-1.413959812508618	-0.350236515267611	-0.5151178865931982	-1.2859032694823185	-1.2778321706951912
0.0342169843	0.0404123979	-0.0416466974	0.0444151377	-0.0489983722	-0.0603164254	-0.0406758086	-0.0514446324	0.0878395358	-0.0290854388	-0.061174408	0.0	-0.1187986499280242	0.1183803887006291	-0.2499551140801088	0.0052768818584699	0.0021700151879224	-0.0017062409495683	0.1049064661750253	-1.3726041522648684	-0.1627547820613764	0.8078342654653045	0.1511865458473366	0.9788459017097004
-0.049794005	0.0421223565	-0.0642944859	-0.0271648253	-0.06984492	0.0116911275	-0.041648097	-0.0496405642	0.0882457162	-0.0331957279	-0.057084872	0.0	-0.1322409085849187	0.0859514855483212	-0.2650068212257253	0.0055800266978173	0.0017562800468977	-0.0016969162624859	0.0972331023275438	-0.9624824242717748	-0.4040465656737222	-0.6299976691438098	-0.9481261590273812	-0.5184083046146946
0.0635487865	-0.0938504557	-0.0682077815	0.012283688	-0.0270375374	0.0049034907	-0.0426140143	-0.0478061216	0.0885304127	-0.0372247816	-0.0527770856	0.0	-0.1296231093403435	0.1405035320734526	-0.2649502557681131	0.0053730882711962	0.0017562738990173	-0.0017647347932631	0.0709645664912537	-0.7465343460520937	-0.1605273147094084	1.0292852842296285	0.546382996886715	0.1594037089755732
0.0398400142	0.0688307581	-0.0420694029	0.0793331338	-0.0769872831	-0.0413957879	-0.0435734126	-0.0459424272	0.0886932334	-0.0411627399	-0.0482675188	0.0	-0.1323220314668702	0.091992790173947	-0.2823150071058649	0.0054340452949734	0.0017563370325746	-0.0017217850174268	0.073772912022324	-0.587698521017215	-0.0420937878510121	-1.233166203882366	-1.197613722931276	0.6640534541109414
-0.0665914513	0.002948405	-0.023282349	-0.0103637023	0.0075148985	-0.0556505452	-0.0445261451	-0.0440506212	0.0887339541	-0.0449999662	-0.0435734126	0.0	-0.126983633824139	0.1317655516433404	-0.2788337646576053	0.005096046171218	0.0017571156248099	-0.0017259939070054	0.0657417318388491	-0.2801746824398282	-0.0385848711743641	1.17184567860384	0.7830156409674489	-0.4996258510700821
0.0350074061	-0.0896580281	-0.0408445066	-0.0062418046	-0.0663041052	-0.0021751819	-0.0454720662	-0.0421318613	0.0886525188	-0.04872707	-0.0387127139	0.0	-0.1355375543728314	0.1046077004649532	-0.2799733931417592	0.005630130330852	0.0018316268627864	-0.0017371706677974	0.0678400081313585	-0.1804600305406114	-0.0834849427251274	-1.0208661264427998	-0.2890122854416337	-1.1445334306114756
0.0845860138	-0.0092406347	-0.0291580847	0.0251447588	0.0152054833	-0.0662749994	-0.0464110311	-0.0401873216	0.0884490397	-0.0523349304	-0.0337040064	0.0	-0.1293609726642586	0.1118698144954351	-0.2623192573366424	0.0048722125157402	0.0018410600474985	-0.0018280021394639	0.0740019551186914	-0.0110258530435295	0.0676260749006818	0.6503806843790191	0.9316314916197628	1.603701206953385
-0.0452393797	0.0572933006	0.0346154839	0.0589926517	-0.0133678465	0.0164781079	-0.0473428961	-0.0382181918	0.0881237967	-0.0558147186	-0.0285664397	0.0	-0.1362105912339899	0.13090189501915	-0.2898101321375037	0.0051020487807994	0.0017571026525342	-0.0017289962152358	0.0740125531068874	0.5740143986387636	-0.0784126114050127	-0.7823886175334366	-0.2670951916353622	-0.2874296723326678
-0.0934663697	-0.0505630774	-0.0414802049	0.0028370759	0.0347409298	0.0120557329	-0.0482675188	-0.0362256768	0.0876772378	-0.0591579187	-0.0233196561	0.0	-0.1296893509989161	0.1091960516958749	-0.2775737878701534	0.005021623957095	0.0018812427093122	-0.0016992367166343	0.0521796467798941	1.0408173037598556	0.1566935545101226	0.2789667551298838	0.7804156736467446	-1.1118554895728898
0.098863001	-0.0246173544	0.0491987084	0.0409729768	-0.0074673809	0.022574756	-0.0491847576	-0.0342109959	0.0871099775	-0.0623563496	-0.0179837153	0.0	-0.1246493003092297	0.1227479127493467	-0.2795855752046776	0.0052700248226446	0.0017570324449984	-0.001701640799995	0.0393544597388873	1.2212642196644008	0.2858400303606904	-0.5703405511267942	0.0050031279337269	1.704328783133472
-0.0423258776	0.055568104	-0.0126681145	0.0277377433	-0.0381592449	0.0212875998	-0.0500944723	-0.0321753817	0.0864227969	-0.065402184	-0.0125790181	0.0	-0.1188304994594204	0.0994106797379572	-0.2623392090762166	0.0048801698283134	0.0018296286401295	-0.0017979785416456	0.0743418465453047	0.7702482100196879	0.137446008813441	0.01659752694543	0.597278638382854	-0.3666303741236585
-0.0188072313	-0.0925977683	-0.0574623976	0.0024634979	-0.0391699415	-0.0245069759	-0.0509965236	-0.03012008	0.085616642	-0.0682879683	-0.0071262281	0.0	-0.126177286202946	0.099857782912224	-0.2780938355454907	0.0055801366418511	0.0018757662162045	-0.0017022457795421	0.0656403739728765	0.4877500960122267	-0.0968331353350438	-0.3641134891629793	0.2996305612747184	-1.3757409872998425
0.0381884016	0.0611760297	-0.0264273772	0.0571569902	-0.0032238701	-0.0251036741	-0.0518907737	-0.0280463481	0.0846926225	-0.0710066404	-0.0016461926	0.0	-0.1313670749685798	0.0994512764292494	-0.2714236368000655	0.0049880552927592	0.0017571785523045	-0.0017378962455295	0.0495824679429986	0.2928874834281126	0.0022836612022496	0.7956478953631053	0.52072052075726	0.9162825791274942
-0.0655615137	-0.0016799318	-0.0500081812	-0.062057917	0.0005047605	-0.0688682627	-0.0527770856	-0.0259554552	0.0836520106	-0.0735515475	0.0038401367	0.0	-0.1290191394338364	0.1268103486748657	-0.2620138255992543	0.0053101210884892	0.0018489608260749	-0.0017159228716876	0.0609078911482859	0.3375720021579875	-0.1759857957692818	-0.2139006461943851	0.269334050136273	-0.6002568461858525
0.0866990625	-0.0267886082	-0.0735179157	0.0280673105	-0.0364954292	-0.0180260703	-0.0536553239	-0.0238486804	0.0824962387	-0.0759164616	0.0093117842	0.0	-0.1258715641680226	0.0993847193179675	-0.2587772178816863	0.0050611215112317	0.0018205832452868	-0.001750119696561	0.0493885114862299	0.1678830556939099	0.312736819994492	0.2186070945561552	1.258883063917661	1.5170859680403963
-0.0451089508	0.071682396	-0.0003495256	0.0267555583	-0.0553210803	0.0127950458	-0.0545253541	-0.021727313	0.0812268979	-0.0780955953	0.0147478303	0.0	-0.1378796305619545	0.1333605356916791	-0.2737919042579904	0.0050781577896835	0.0018806177251069	-0.0017307865963351	0.0658187620688376	0.2891183667548818	0.5061536445863719	-0.1439143804752484	-0.1771798665416231	-0.1017683711376183
-0.0704248795	-0.0346532648	-0.0850296374	0.0216285782	-0.0112972697	0.0319401893	-0.0553870432	-0.019592651	0.0798457358	-0.0800836161	0.0201274916	0.0	-0.1363448360819177	0.0787821304277685	-0.2714378724276116	0.005207119376635	0.0023939789828397	-0.0017442459461799	0.0912563413007812	0.5709281517652546	0.2419532602314491	0.0600920466543714	0.7835151182861312	-0.9721905361808524
0.1134542577	-0.0384857177	-0.0152929887	0.0637325957	-0.0492539789	-0.0552746948	-0.0562402593	-0.0174460005	0.0783546537	-0.0818756588	0.0254302002	0.0	-0.1324846732527618	0.1164693570377153	-0.2701340587449579	0.00537107471595	0.0018004150207773	-0.0017113478645944	0.0823720722699014	0.7330956505456074	0.4034906638285082	-0.1099109043357129	-0.7266149860666465	1.958566184200675
-0.0238452435	0.0651405796	-0.0109927792	0.046267114	0.0442683154	-0.0117720884	-0.057084872	-0.015288675	0.0767557043	-0.0834673381	0.0306356825	0.0	-0.1327045068230035	0.1179446685820977	-0.2650630318004516	0.0050410389430728	0.0017651853910685	-0.0017179612187277	0.0253601098950953	0.4604847405839115	0.2844549028429873	-0.5439592691019124	0.731911462764583	-0.3950396281501685
-0.0937443308	-0.0456149045	-0.065971955	-0.0214019632	-0.0417920497	-0.0777418376	-0.0579207519	-0.0131219947	0.0750510888	-0.0848547588	0.0357240367	0.0	-0.1368432519918343	0.1201764686993129	-0.2778031449971792	0.0054859915348563	0.0022222052291107	-0.0017561101494181	0.0661167265085786	0.3115078539755443	0.03097462309684	-0.0164266721341016	-0.0776276698763325	-1.1512905578147543
0.1049830524	-0.0327459166	-0.0519413522	0.0657570746	0.0209237126	0.0219644291	-0.0587477713	-0.0109472851	0.0732431539	-0.0860345257	0.0406758086	0.0	-0.1370301459301401	0.092025760718343	-0.2649424669178586	0.0050091785951757	0.0019322399891521	-0.0017058545465311	0.0820499691249062	0.4886650185215545	0.4382137636945465	0.1024608808514197	0.4914890374581979	1.1432709243614692
0.0184260409	0.0644779812	0.0509204278	0.0268540016	-0.0083172981	0.0118105862	-0.0595658037	-0.0087658771	0.0713343885	-0.0870037517	0.0454720662	0.0	-0.1376402354206334	0.1394242860244503	-0.2779879313160052	0.0051046034695286	0.0018481508074896	-0.0017082315840227	0.0701486338700971	0.8211910277173935	0.3496782136301101	0.2891570355695983	-0.6930272735571583	0.487119576151318
-0.0489689135	0.0396244319	-0.0275061375	0.0315145683	0.0214572162	-0.0026583953	-0.0603747238	-0.0065791054	0.0693274202	-0.087760065	0.0500944723	0.0	-0.1365830645802361	0.1041163547669441	-0.2800057886740177	0.00515572849577	0.0019149462708176	-0.0017719504021377	0.047464924840136	0.806475581437561	0.2929988044075393	-0.4562777364033138	0.9991100719759152	-0.3331725158629723
0.083108601	-0.0308194744	0.055227639	-0.2371123532	0.100180989	-0.0997760568	-0.061174408	-0.004388308	0.067225012	-0.0883016146	0.0545253541	0.0	-0.1337077456739166	0.0176383332512983	-0.0966497907575671	-0.0010920163032655	0.0023104431819522	-0.0017197442360284	0.607481732152386	1.4201845862730686	0.7102984163175574	1.6146371167330584	-2.549656410990229	-0.5788058405493799
0.0332840246	0.0543269655	0.0970952611	-0.1139287299	0.1097215977	-0.154397422	-0.0619647338	-0.0021948255	0.0650300582	-0.0886270754	0.0587477713	0.0	-0.1114539200596027	0.1734246303142015	-0.1758314522170678	0.003447094612212	0.0023549671448466	-0.0017670666965211	0.4887696510799478	0.641952939555301	0.2236572003067664	-0.6104190109783046	1.1433198922245746	0.8627985783092086
-0.0506654865	-0.0094031067	0.1052531327	0.107113623	-0.0545181231	-0.0265117297	-0.0627455805	-0.0	0.0627455805	-0.0887356509	0.0627455805	0.0	-0.1069450202626143	0.1095782808217222	-0.3952876468342765	0.0112971593793446	0.0028170154186959	-0.0016959707050504	0.7069718955293064	0.346204676450939	-0.5926778782732796	-0.8849378681334997	3.1805908594690697	-0.0299132639586174
-0.0595320496	-0.0036406186	0.1581771761	0.0618314246	-0.0746620103	-0.0099154859	-0.0635168285	0.0021948255	0.0603747238	-0.0886270754	0.066503497	0.0	-0.1194767929802367	0.1069319139753162	-0.3488039203140118	0.0091982014580776	0.0026768149068725	-0.0019028546844078	0.1839639867066831	0.0993373096957447	-0.0202085038193702	1.2951988631404168	-1.5628863095081191	0.4057742477010627
-0.100433775	-0.018281584	0.0928218598	0.0713158869	-0.0012325872	0.0491521418	-0.06427836	0.004388308	0.0579207519	-0.0883016146	0.0700071532	0.0	-0.1201402080219651	0.1063137331022687	-0.3319075163276324	0.0085061516107105	0.002144976841969	-0.0018961586843689	0.0797071955166303	0.5822139736934314	-0.3475313821926742	-0.6465424854307208	0.3483008135027811	-1.0171085262131383
-0.0497361536	-0.0898306621	0.0596410967	0.00677808	-0.0460175843	0.1142314685	-0.0650300582	0.0065791054	0.0553870432	-0.087760065	0.0732431539	0.0	-0.1261877036306202	0.0297274531669842	-0.3123180233994844	0.0087531800539859	0.0023208232677682	-0.001765194639151	0.1299152141867126	0.4683510989833788	-0.2223760219330991	0.2346975416739989	-0.3193662791310945	-1.206527375083579
0.068509859	-0.0369428259	0.0780826649	0.0029956183	0.0038349545	0.0419271046	-0.0657718084	0.0087658771	0.0527770856	-0.0870037517	0.0761991269	0.0	-0.1260507625328415	0.0676253412317891	-0.2853048575374259	0.0083429054952094	0.0020919011640581	-0.0017117573064105	0.099679694785997	0.4980926827309618	0.0442607069352201	-0.203260095553875	-0.431905205888799	0.9565806418029812
-0.0061721422	0.1030791594	0.0944436267	-0.0080160468	-0.0146335829	0.0635222634	-0.066503497	0.0109472851	0.0500944723	-0.0860345257	0.0788637708	0.0	-0.1258760400049112	0.0392907036746805	-0.2773674054456876	0.0081012995634927	0.0019846088540531	-0.0017100693829416	0.0539761204363072	0.6690090498187351	0.0895372220971407	-0.0722060833418273	-0.1409508535702083	-0.2324102020259194
-0.089991433	-0.0186141816	-0.0219870366	-0.0503264398	-0.0223967182	0.0863649443	-0.067225012	0.0131219947	0.0473428961	-0.0848547588	0.0812268979	0.0	-0.1367539858285056	0.1025462144357902	-0.2771280382450669	0.0079392705575031	0.0019552470811154	-0.0017097887018982	0.0839563967838598	0.1804588598194753	-0.5166010580637656	0.5961959418674965	-0.0576406817703279	-1.08294884500615
0.0358340042	-0.0599526587	-0.0251319055	-0.0324690661	-0.0286326255	0.0462386443	-0.0679362432	0.015288675	0.0445261451	-0.0834673381	0.0832794735	0.0	-0.139467885168429	0.0597586323045788	-0.2568760698622299	0.0083180524203327	0.0020069948006706	-0.0019338851134833	0.0984847495524668	-0.1190697414350517	-0.3560323608464866	-0.0130713939478484	-0.1470704779493587	-0.6425382517042187
0.0661281153	-0.0097320441	0.0338306532	-0.0134190239	0.0337743887	0.018020675	-0.0686370817	0.0174460005	0.041648097	-0.0818756588	0.0850136499	0.0	-0.1333338498748304	0.1245340612245087	-0.2666151146476068	0.0080139108991125	0.0018677671515312	-0.0019380192645944	0.1030236750724404	0.1996893325683328	-0.2535239102634501	0.7486351721720694	-0.2201170752486503	0.9919252538872864
0.0306701531	0.0873798817	0.0657840364	-0.0346450656	0.0281385381	0.0736667507	-0.0693274202	0.019592651	0.0387127139	-0.0800836161	0.0864227969	0.0	-0.134891892861134	0.1019040448276769	-0.2568290620689168	0.007902165118646	0.0019551675739606	-0.0021177633310405	0.0529186254289254	0.3501167675813311	-0.1916391007526602	-0.945050027728924	0.5183329170954554	0.8968226372317434
-0.0930803591	0.0382901515	0.0257050431	-0.0655844052	0.0034255782	0.0562108282	-0.0700071532	0.021727313	0.0357240367	-0.0780955953	0.0875015271	0.0	-0.1418316686852989	0.1020727034587594	-0.273073588270492	0.0079490309154598	0.0016817452014932	-0.0017077132957122	0.0598698708872975	0.3443841152828854	-0.2572950923651975	0.4302255547136754	0.0465414234171326	-0.5537057281067952
0.0632422206	-0.0607128601	0.0374961358	-0.0704631351	0.0167520982	0.091385615	-0.0706761768	0.0238486804	0.0326861799	-0.0759164616	0.0882457162	0.0	-0.1432956711898185	0.0765561958604621	-0.2441274224017746	0.0082463889863372	0.0020839828575358	-0.0017116252785499	0.0911020614594193	0.2474959542160135	-0.0564229270073749	-0.4870235042042127	-0.3966925923205655	-0.4773171885570242
-0.0047582594	0.0436475762	0.0736805194	-0.0700191174	0.0441858903	0.0807183784	-0.0713343885	0.0259554552	0.0296033254	-0.0735515475	0.0886525188	0.0	-0.1416316405035331	0.1132294705289638	-0.2471753430014587	0.0080211999160979	0.0016798965769522	-0.0019027727025996	0.0824063646981012	-0.2729435227071908	0.1458163838525643	0.3455964249238116	-0.6913864968069958	-0.058919400929639
-0.0419826524	-0.0096880907	0.0093215449	-0.0927472727	-0.0224393444	0.0376173595	-0.0719816876	0.0280463481	0.0264797175	-0.0710066404	0.0887203798	0.0	-0.1394088387293806	0.0759335635356421	-0.2476967037855928	0.007702168670979	0.001680792124111	-0.0018780016243274	0.0572749630791033	-1.2281542018681482	-0.3700341137012556	-1.0901391527405304	0.4767626215934396	-0.8226745949182065
0.0289715296	-0.0628211358	-0.0353752705	-0.0210808964	0.0208999	0.0461289424	-0.0726179752	0.03012008	0.0233196561	-0.0682879683	0.0884490397	0.0	-0.1479807013888034	0.0766086631605986	-0.2533552579649409	0.0082197876687583	0.0020719036916916	-0.0021010532625972	0.0714946266452123	-1.7669555085765158	-0.3442313630450578	0.1279876092932976	0.2424781659785673	-0.6739609774397001
0.0790786616	0.0267179957	-0.0101689639	0.0260840748	-0.0331486101	0.0012865802	-0.0732431539	0.0321753817	0.0201274916	-0.065402184	0.0878395358	0.0	-0.1413742407472682	0.0507769328028473	-0.2392826001270407	0.0078679108672371	0.0017840313503239	-0.0020330568091983	0.0818981286515766	-1.0277461048614076	0.0750045192381511	-0.8129437344885738	-0.2944221759410239	1.5327295350405028
-0.0544135543	0.0592686613	-0.0033417136	0.0094176951	-0.0118396635	0.0200316282	-0.0738571281	0.0342109959	0.0169076184	-0.0623563496	0.0868941985	0.0	-0.1414850739857769	0.0636967462325657	-0.2533779934849605	0.0078812936367155	0.0020480742139095	-0.0021461060970688	0.0466497860728718	-0.1126118883448403	0.2521783440213391	-0.0509939345709373	-0.1482113396504234	-0.3274315051402732
0.0817292758	-0.0400738668	-0.0407249587	-0.0046495223	-0.0241308191	0.0758600934	-0.0744598038	0.0362256768	0.0136644694	-0.0591579187	0.085616642	0.0	-0.1446641711625886	0.0513269977716817	-0.2420375107337662	0.0082808049986205	0.0017942029096045	-0.0018909610487953	0.0723157141130649	0.106446488025543	0.203620423327476	-0.2897086680205249	-1.064095297991751	-0.2910300523639802
-0.0041249294	0.0986703427	0.0277555548	-0.0118839933	-0.005919634	0.0458404322	-0.0750510888	0.0382181918	0.010402509	-0.0558147186	0.0840117508	0.0	-0.1384928482718805	0.1091173545427892	-0.2480129586193555	0.0077269422560977	0.0017458268283112	-0.0021232787553232	0.1116649540646048	-0.4935535354386515	0.2768585148517536	-0.1617053957513089	-0.7617906445609984	0.094386143395069
-0.0504264452	-0.0236009019	-0.092436281	-0.0026324404	-0.034124676	0.0165369654	-0.0756308928	0.0401873216	0.0071262281	-0.0523349304	0.0820856608	0.0	-0.142337058922422	0.0600755456110846	-0.2459462758059913	0.0080827378553593	0.0016796424326257	-0.0019513234454806	0.0846494676350953	-0.9655797505325342	0.0258128270177491	-0.5147095939336397	-0.4399153095015667	-1.3212610691452014
0.0896642388	0.005029802	-0.0445418019	0.0452449627	-0.0894014614	-0.0347455227	-0.0761991269	0.0421318613	0.0038401367	-0.04872707	0.0798457358	0.0	-0.1416305386918424	0.0945948174510817	-0.2540469618076457	0.007693387980834	0.0016787906662933	-0.0021409935194059	0.0723200638113811	-0.7519200724147983	0.5012509386249061	0.1204424262444504	-0.6324963671060341	2.008023734357796
-0.0460743454	0.0734555264	-0.0403063586	0.0575205414	-0.095776423	0.0175675861	-0.0767557043	0.0440506212	0.0005487588	-0.0449999662	0.0773005399	0.0	-0.1373110678116091	0.067219227214295	-0.247116498280377	0.0075768984497677	0.0016788288732909	-0.0021643963322749	0.0456220521909337	-0.2254087380092712	0.4274737840417046	-0.4094136085118469	-0.4152753978728725	-0.4114952281017685
-0.0333184349	-0.1051909351	-0.0378516384	-0.003145651	-0.0429987533	-0.0105103965	-0.0773005399	0.0459424272	-0.0027433745	-0.0411627399	0.0744598038	0.0	-0.1466024920773634	0.1077476573560716	-0.2519471872833918	0.0082004911040619	0.0017738229488737	-0.0021238123818095	0.0926090774276657	0.1190430030260562	0.0699854837657875	0.2979837432515754	-0.4051686189677286	-1.0235351641685786
0.0640006933	0.0076995336	-0.0052387941	0.1105772494	-0.0497657647	-0.0356827447	-0.0778335502	0.0478061216	-0.0060317311	-0.0372247816	0.0713343885	0.0	-0.1418524018472595	0.0585867229918903	-0.2507943990186021	0.0069939579452578	0.0016796745667044	-0.0022459036130706	0.1262024514707999	0.2615921792971659	0.331595323989966	-1.0756137354685638	0.0549024213794228	1.844122219793276
-0.0518976419	0.0329941444	0.0806783732	0.0784451898	-0.0013446245	-0.0507727955	-0.0783546537	0.0496405642	-0.0093117842	-0.0331957279	0.0679362432	0.0	-0.1444687788452086	0.0731682414385233	-0.260948359606175	0.0072320151019028	0.0016787004265328	-0.002303104616387	0.0421634710388049	0.7798551992046758	0.3885939007992582	0.086689520586695	-0.8840208826678758	-0.362059212236575
-0.0439752011	-0.1066310296	0.0083521183	0.0383566275	-0.0150478728	0.1308800364	-0.0788637708	0.0514446324	-0.0125790181	-0.0290854388	0.06427836	0.0	-0.1423095551140107	0.0596664259317663	-0.2402297884169542	0.0078533894473224	0.0016786083276274	-0.0021441258665467	0.0754018701354407	1.0866679880607335	0.161641868907207	-0.9080039039202716	-0.4779661792806015	-1.542756222553513
0.0691383036	0.0041869906	0.0300107314	0.0885264418	0.0690663347	-0.0100001081	-0.0793608235	0.0532172224	-0.0158289351	-0.0249039727	0.0603747238	0.0	-0.1413702454698153	0.0741372552155752	-0.2282794302795565	0.006735891551537	0.0016806783117451	-0.002181185801572	0.0851918878118219	0.8912648774820608	0.3209784622738951	0.6150429455390402	-0.3783129634095059	1.828351900693309
-0.0600499392	0.0351396852	0.0102958872	0.0589381946	0.0036969012	0.0173573123	-0.0798457358	0.0549572496	-0.0190570611	-0.0206615624	0.0562402593	0.0	-0.1449836583538655	0.0380164832655367	-0.2273057174862032	0.0070339198841917	0.0016797560386017	-0.0022079414687823	0.0569932112778619	0.6690556740432703	0.1770330099880781	-1.1935365424631488	-1.090631136284936	-0.4901181164266158
-0.1030938584	-0.1378266133	-0.0217521107	0.0889585158	0.0868277721	-0.0668217873	-0.0803184336	0.0566636492	-0.0222589521	-0.0163685898	0.0518907737	0.0	-0.1496524447297673	0.0844459157910506	-0.1996846976194177	0.0071252269519495	0.0020159232805254	-0.0021347134068586	0.1037543573484611	0.4964718311061589	-0.1215970610282639	1.5480658741349993	0.2181593182849487	-1.03278243929735
0.1087522711	-0.0481269178	-0.0021096196	0.1245179568	0.0423541117	0.033763345	-0.0807788444	0.0583353771	-0.0254302002	-0.0120355605	0.0473428961	0.0	-0.1450230690648482	-0.0102255547376017	-0.1876940910754143	0.0072670851928238	0.001868222667436	-0.0021473235117319	0.1263999006794247	0.9056656823136698	0.4033036360616087	-2.0174550325946243	-2.033128392558451	1.2775052551402195
-0.0432839796	0.0521470573	0.0137868431	0.0840711135	0.0510957027	-0.0161359969	-0.0812268979	0.0599714105	-0.0285664397	-0.0076730782	0.0426140143	0.0	-0.1451579946260182	0.0625902694757627	-0.1802065102177295	0.0069982091925006	0.0019393196149528	-0.0022018203605071	0.1001618204629792	1.3362714356070473	0.6166456036298001	0.5446203108676625	-0.7276413150042887	-0.1150915390811238
-0.0881893537	-0.0503251027	-0.0560791118	0.0360229943	0.0550299088	0.071734068	-0.0816625256	0.0615707483	-0.0316633531	-0.0032918186	0.037722208	0.0	-0.1451248446149691	0.0069602085212636	-0.1828186537136531	0.0077047666561345	0.0019730313027599	-0.0022061345756732	0.0955045227918268	1.3430783453234694	-0.1036972090081998	-1.60751258075625	-1.2808305659066137	-1.3358613647815851
0.0842714189	-0.0262748753	-0.015136041	0.0461090315	0.0729863608	-0.0514619974	-0.0820856608	0.0631324118	-0.034716677	0.0010974967	0.0326861799	0.0	-0.1450272014923399	0.0559542306542368	-0.1813426590593252	0.0073690890813821	0.001861089477221	-0.0021548905184497	0.0755108327856702	0.8858464521380811	0.0443546767773042	0.6859964662675916	-0.3755302794428572	1.5142507181333626
-0.0310458734	0.0866100672	-0.0245049321	0.0361697281	0.0208236247	-0.0050971616	-0.0824962387	0.0646554455	-0.037722208	0.0054841262	0.0275251839	0.0	-0.1489576654113875	0.0176593831058511	-0.1944598112815896	0.0074981711514993	0.0019299371224605	-0.0021582642050144	0.0654076337857676	0.680370671367565	-0.0327587939619864	-1.7907820588120558	-1.3862089480462456	-0.5779244939297279
-0.0957153159	-0.0438675594	0.0353065937	-0.0126873186	0.0929998061	-0.1642438321	-0.0828941965	0.0661389174	-0.0406758086	0.0098573351	0.0222589521	0.0	-0.1047163572207097	0.0982022830100817	-0.1677498872196565	0.0078238988007376	0.0026878407242445	-0.0017150430209092	0.2278367539132165	0.3495814864098502	0.073916367318322	1.5650723869483476	2.249974016638925	-0.9609198675342856
0.0113162131	-0.0906993302	0.0024971518	-0.0010364221	0.187497929	-0.1929585678	-0.0832794735	0.0675819199	-0.0435734126	0.0142064215	0.0169076184	0.0	-0.0807480184701177	-0.0296758111193753	-0.0958414878258224	0.0072028846041042	0.0026888672655438	-0.0017137100087386	0.2549235197790481	-0.0960066627078193	-0.7118072648260041	0.1668551762061907	2.691963713945711	-0.7632705704328159
0.0502896681	0.0065360345	-0.0689650843	0.0930197284	0.1521798383	-0.0295095487	-0.0836520106	0.0689835701	-0.0464110311	0.0185207424	0.0114916426	0.0	-0.0855578988855825	-0.0884372701302709	-0.094084299419876	0.0071790183249609	0.0022653935820997	-0.0017106578881048	0.0878481319933668	0.128394864279171	-0.3053785207044687	0.2613583977053977	-2.047908279098103	1.5221326857111817
-0.0529322784	0.0739472158	-0.0187616819	-0.0128572713	0.1107697406	-0.0591802827	-0.0840117508	0.0703430101	-0.0491847576	0.0227897399	0.0060317311	0.0	-0.0995117489570134	0.0141964329971102	-0.1272748369802201	0.0069010054240418	0.002266134502574	-0.0017098409865599	0.1637566269060711	0.2143298065590396	-0.3351264709502825	-0.0108303659374234	0.0531132536873847	-0.1768972338259568
-0.0554865516	-0.042520931	-0.141989869	0.0034668061	0.1011200902	0.052397721	-0.0843586391	0.0716594083	-0.0518907737	0.0270029671	0.0005487588	0.0	-0.1039416580505872	-0.0261705646566241	-0.1241475662503006	0.0074980234396573	0.0022651217710176	-0.0017110200267389	0.0778846668447725	-0.2646455563151798	-0.8405605070830675	-0.2259222538132768	-0.982499382946086	-1.237454179224433
0.123057399	-0.0042954061	-0.0662085055	-0.0190715146	0.0757937207	-0.1285917289	-0.0846926225	0.0729319592	-0.0545253541	0.0311501135	-0.0049363115	0.0	-0.1087015428478679	0.0260745150341534	-0.1124249703831878	0.0069843549207288	0.0020860637416479	-0.0017088068484275	0.1034745466856509	0.0596550184805523	-0.5426769301355767	-0.4839498740345295	0.4701622277259732	1.576489812615273
-0.0067776215	0.0979584722	-0.0770344743	-0.0351158676	0.1202281987	-0.0419241595	-0.0850136499	0.074159884	-0.057084872	0.0352210304	-0.010402509	0.0	-0.1093594276456286	-0.0208278901498175	-0.1135634456696124	0.0070138107621702	0.0020410384412756	-0.001708679050603	0.0524292122500661	0.5710377768356085	0.235117955029331	0.0256328506527972	0.3604255072169459	-0.4419006066136076
-0.0042132922	-0.0156615611	-0.0657102007	-0.1651408828	0.1163020724	-0.0047483579	-0.0853216721	0.0753424315	-0.0595658037	0.0392057555	-0.0158289351	0.0	-0.1055236287516692	0.022886112063901	-0.1078758162132373	0.0074282768289231	0.0019871811209999	-0.0017089051333442	0.076664904052543	0.6537247991278354	0.043461742312978	-0.7421331267229682	0.7068002798824252	-1.1201594853047474
0.0734794048	0.0782563884	-0.0333502171	-0.0486122016	0.1522250911	0.0445977763	-0.085616642	0.0764788781	-0.0619647338	0.0430945375	-0.021194843	0.0	-0.1150535340301672	0.0237378470908851	-0.1223748025071671	0.0080539122614465	0.002112645016767	-0.0017110356378642	0.0625421182399369	-0.3693393208515686	-0.2147769982628898	-0.1777917363778257	-0.1201804167358587	1.6124448952980777
0.0079725705	0.0905456995	-0.0637746971	-0.0933767225	0.0751495056	0.0150749396	-0.0858985145	0.0775685283	-0.06427836	0.04687786	-0.0264797175	0.0	-0.1141646162783303	-0.0024902076057458	-0.111534183155868	0.0075918375917817	0.0020450462213918	-0.0017097879350007	0.0645036501949419	-1.5505635043082893	-0.1983838926427595	-0.8870742534139645	-0.4579000787524362	-0.0056819849576923
0.0122187718	-0.0618287646	-0.1542119534	-0.1236700174	0.0740183118	-0.0124920202	-0.0861672466	0.0786107155	-0.066503497	0.0505464645	-0.0316633531	0.0	-0.1181723258711286	-0.00239364390886	-0.1147969685579681	0.0077420315747379	0.0022649095705009	-0.0017117942429433	0.0259702406921792	-2.1612367494270592	-0.1354465057483237	0.3873611248632403	-2.1200406397800835e-05	-1.4923194079998403
0.0909393646	0.0804993864	-0.0546344056	-0.0961434209	0.0292660706	-0.0880008104	-0.0864227969	0.0796048019	-0.0686370817	0.0540913734	-0.0367259315	0.0	-0.1182235407575689	-0.0266455324612167	-0.1147054518494172	0.0075867889894884	0.0019930448614933	-0.0017095869969308	0.0458603471608279	-2.150542515044695	-0.0895888374654661	-0.4305808336944107	0.0048431452756417	1.4339940977003882
-0.0543607034	0.0565307934	-0.1121885278	-0.0116200616	0.0313842451	-0.0663313028	-0.0866651266	0.0805501793	-0.0706761768	0.0575039116	-0.041648097	0.0	-0.11974776875293	0.0215029344965813	-0.1326810508534066	0.007130070017533	0.0017564405873951	-0.0017067864700684	0.1024544826029485	-1.9537997910623988	0.0869936117014324	1.228948159701465	-0.3486438838623049	-0.6356965914239501
0.070426851	-0.0400160591	-0.1400534058	-0.1207728708	-0.0497214358	-0.0778497505	-0.0868941985	0.0814462692	-0.0726179752	0.0607757281	-0.0464110311	0.0	-0.1254992332810474	-0.0413732459883107	-0.0997665853378606	0.0080969260856068	0.0020598837665566	-0.0017668696106622	0.1680612299200104	-1.7989974056505702	0.0144784078694167	-1.9776879220511403	-0.782862158798423	-1.036562112978784
0.0028352591	0.0724969056	-0.1137545491	-0.004010103	0.0546940652	-0.0792946036	-0.0871099775	0.0822925233	-0.0744598038	0.0638988161	-0.0509965236	0.0	-0.116621901132973	-0.0055937299985515	-0.1081066883163828	0.0072446923946047	0.0018973453359703	-0.0017078968325641	0.1066841961006807	-1.5156349094980393	0.2849046932297512	0.3336507806952149	-0.6812375520704284	-0.0217458317117531
-0.0438041018	-0.0245642492	-0.0948359593	-0.0835666066	-0.0128668542	-0.0614397657	-0.0873124307	0.0830884239	-0.0761991269	0.0668655331	-0.0553870432	0.0	-0.1137590708228089	0.0034248586214573	-0.1212087481397503	0.007901348109723	0.0021109774179202	-0.0016598685455705	0.0708992829566304	-1.280220288195583	-0.0935978267459989	-0.9327365151928878	0.2670298361179412	-1.3382580651790077
0.0788807379	0.0227663439	-0.1656289868	0.0930668878	0.051898116	-0.0859751975	-0.0875015271	0.0838334838	-0.0778335502	0.069668619	-0.0595658037	0.0	-0.1102077736411075	-0.0209713714999395	-0.1208147204770284	0.0077073304141382	0.0020399445737706	-0.0017098906086334	0.0440951851056851	-1.5307495064812482	0.0754785646557032	0.1946396256519511	-0.8098594494451395	1.2230389604271503
-0.0725810658	0.0050986073	0.0842429656	-0.1241424743	-0.1368855033	-0.1494246644	-0.0876772378	0.0845272472	-0.0793608235	0.072301214	-0.0635168285	0.0	-0.1055673561213126	0.0638320287157512	-0.181815541002436	0.0076980286790605	0.0022649474169951	-0.0017117485459636	0.1622527640425132	-0.9504823792436188	-0.0620746183176171	0.0351148930189167	0.5046873854922681	-0.3022566691083134
0.069552591	-0.1008480218	0.2572846215	-0.0601725664	-0.3078900383	-0.0326844974	-0.0878395358	0.0851692896	-0.0807788444	0.0747568758	-0.067225012	0.0	-0.0482310838020652	0.2494181981231804	-0.5135476134766748	0.0113599635408921	0.003205368979636	-0.0013637536904006	0.8221720782026904	-0.6493236910234396	0.2876906689562686	1.1376945260877358	0.6759995989504537	1.258663742147608
-0.0491193954	0.0330783796	0.1227970894	0.0965467623	-0.1158569996	0.0319542516	-0.0879883964	0.0857592182	-0.0820856608	0.0770295951	-0.0706761768	0.0	-0.0610595180189363	0.1317639613398284	-0.4160710998202575	0.0104480871440373	0.0033551481215734	-0.0011390653275895	0.2922763797368053	-0.5294619862196999	-0.1541569330486062	-1.8845005399464048	-0.9062881713165618	-0.2406543033575742
-0.1103071884	-0.0507536634	0.0994927668	-0.0254625368	-0.136690074	0.0452137289	-0.0881237967	0.0862966719	-0.0832794735	0.07911381	-0.0738571281	0.0	-0.064930471314895	0.0897518409514646	-0.3601827107198687	0.0099142416441226	0.0028251280790547	-0.0010980359486307	0.1570162088543212	0.1190317777510088	-0.273018831803982	0.2147104298795353	-0.4726002965769404	-0.8801282630389847
0.0882353775	-0.0660060905	0.050785243	0.0763922368	-0.113716275	0.0425606797	-0.0882457162	0.086781322	-0.0843586391	0.0810044202	-0.0767557043	0.0	-0.0702900829126633	0.089699590719718	-0.2989877418334288	0.0097463026006337	0.0026551048323943	-0.001222974363543	0.0897518659690347	0.3693815179131099	0.1315359426510878	-1.454624172289604	-0.4365257618462262	1.3392630022948455
-0.005778277	0.0687343406	0.0798353525	0.0049308033	-0.0941762885	0.0729121029	-0.088354136	0.0872128719	-0.0853216721	0.082696799	-0.0793608235	0.0	-0.0741316317574387	0.0669513984802847	-0.2852635080186019	0.0096903392848152	0.0026990796811976	-0.0012351131467336	0.0459178222896556	0.6095245061698722	0.0429897023166307	-0.8703065706818994	-0.9135667176115174	0.0668606237695966
-0.0771699674	-0.0199473567	0.0171344263	0.0406132708	-0.0600299879	0.0813790573	-0.0884490397	0.0875910574	-0.0861672466	0.0841868048	-0.0816625256	0.0	-0.0723048090774369	0.0903519690577638	-0.2672052351708345	0.0099291017694007	0.00237812571266	-0.0011958379294647	0.0732352496248483	0.7822663907919384	-0.211100043741994	-1.5685753387960668	-0.5895167059198798	-0.8685831050234025
0.1076294405	-0.0150474896	0.0875124943	-0.0037632225	-0.0889005841	0.0509025442	-0.0885304127	0.0879156473	-0.0868941985	0.0854707914	-0.0836520106	0.0	-0.0723468751800453	0.0898838698494159	-0.2744064860375346	0.0096560502192656	0.0023789484664868	-0.0011620153640644	0.0230962596457664	1.023626585375386	-0.1533158240296219	-0.6965379561897048	-0.7406554573258038	1.7898278352145327
-0.0402877299	0.0537458357	0.0811214655	0.0332430284	-0.0530422442	0.0675255884	-0.0885982425	0.0881864428	-0.0875015271	0.0865456167	-0.0853216721	0.0	-0.0788697636340742	0.1234712465197702	-0.2670103412126963	0.0093631585102594	0.0023781263002842	-0.0012661659137508	0.0673996311939814	0.8332906212894624	-0.0330663689617065	-1.072512927806346	-0.6553508154909179	-0.1520955347868757
-0.0834759847	-0.067029284	0.0738511499	0.0166931284	-0.0201215047	0.1283031444	-0.0886525188	0.0884032783	-0.0879883964	0.0874086504	-0.0866651266	0.0	-0.079302515742512	0.0902457483952758	-0.2688957976543094	0.009867095450178	0.0023781561258822	-0.0011962647827083	0.0642371015025002	0.5276353839960076	-0.4789675048838259	-1.0748599864965864	-0.6362030826873648	-0.9187305946823682
0.1001271884	-0.074243873	0.0711729887	0.0107662053	-0.0161496198	0.0751331202	-0.0886932334	0.0885660212	-0.088354136	0.0880577804	-0.0876772378	0.0	-0.0830300100743102	0.1098674908205907	-0.2430062689805794	0.0092741417904878	0.0023782634032967	-0.0012490582070421	0.0815314835027681	0.3890370150468094	0.0270111282668474	-0.6292628737838736	-0.3389698497080219	0.9666122519983222
0.0109304944	0.0531129971	0.0835215342	0.0162530928	-0.055106098	0.0977958938	-0.0887203798	0.0886745718	-0.0885982425	0.0884914183	-0.088354136	0.0	-0.0723937659878544	0.0507957510937586	-0.2724041705480999	0.0097110523999601	0.0023789411953338	-0.0011575824176465	0.1255590949260583	-0.0029993311754636	-0.0617956703690966	-1.034842593316128	-0.5842118243426978	0.1146204525578361
-0.0750593954	0.0091308555	0.0395411625	0.0392729695	-0.0146312823	0.0591518709	-0.0887339541	0.0887288637	-0.0887203798	0.0887085029	-0.0886932334	0.0	-0.0764608093142413	0.0920305570100197	-0.2483991607978737	0.0095912058157584	0.0024029346268903	-0.0012770551142286	0.0824724946098891	-0.1691480266666029	0.1200883281901255	-0.7297040219017078	-0.6025945016532332	-0.5273068491016889
