0.0	0.0	0.0	0.0	0.0	0.0	0.0	0.0	0.0	0.0	1.0	0.0	0.0	0.0	-0.0121759	-1.02287e-06	-0.000115747	-0.0	0.0	0.0	12.68683754381906	-0.6064989093252433	-0.5713066572002694	-1.2304024098397957	0.3064797409705454	0.4681284857929454	-1.6202690677345917
0.0	0.0	0.0	0.0	0.0	0.0	0.0	0.0	0.0	0.0	0.0	1.0	0.0	-8.196389999999998e-06	0.0388687	2.54232e-06	-0.000261686	0.000184155	-0.000478778	0.09149996158	6.9997067890307685	-0.4067030648715287	-0.67996114967159	0.2469451585485771	0.3961563008168001	0.4124858090431405	-1.6747942664064095
0.0	0.0	0.0	0.0	0.0	0.0	0.0	0.0	0.0	0.0	0.0	0.0	1.0	-0.0165509	-0.0280415	-0.0225204	0.000132721	0.000199049	0.0	0.15037979593	3.609900797941808	1.342689189414884	-0.2358288553426806	0.9335412304216928	0.594584207833195	-0.5347237545052116	-1.5589506661253707
0.0260950491	-0.0927029686	-0.0140492312	0.1903083479	-0.0046497271	0.1848139773	0.0918610248	0.0918549718	0.0918448838	0.0918307613	0.0	0.0	0.0	-0.0165472	-0.0180377	0.0139836	8.7726e-05	-0.0	0.0	0.0587137	1.758994928515226	0.7440331718804634	-0.5544341700612848	-0.6754504946565655	0.2481210122362584	-0.8219599120765162	-1.498227686213876
0.0062551169	-0.0659729757	-0.1044389137	0.092192172	-0.0308772047	0.1387755939	0.0918448838	0.0917904153	0.0916996582	0.0915726486	0.0	0.0	0.0	-0.00298048	0.0280653	0.0743498999999999	-0.000159239	0.000233008	-0.000126048	0.15033707	1.0187340574929993	-0.5697867597356197	-1.1937283783881771	-1.7353111362875628	-0.0802013181021024	-0.4721035170523218	-1.489606934410401
0.0546584994	-0.1115645658	-0.0640921937	-0.0056846198	-0.013900103	0.0774510501	0.0918126049	0.0916613475	0.0914094366	0.0910571485	0.0	0.0	0.0	-0.00248967	0.0233093	0.0282293	0.000332729	-0.000281288	0.0	0.10798301	0.3343671722550088	-1.0214952061859153	-0.976545283834017	-0.1323557376607998	0.1426066298317118	0.7659234541100716	-1.5333099937005843
0.0089326027	0.0625089742	0.1066768011	-0.0519461745	0.0111894772	0.1376023731	0.0917641935	0.0914678594	0.0909746778	0.0902857102	0.0	0.0	0.0	-0.00459431	-0.00866509	0.0587569	0.000496326	0.000105596	0.000336495	0.10895543	-0.2910786061391339	-0.3455622100297816	-0.6641506992556833	1.3933227566456847	0.127981083002703	0.004912979893792	-1.4127872071037235
-0.0172563429	0.0054840124	0.0369398303	0.0086577611	0.0900271417	0.0886697662	0.0916996582	0.0912100867	0.0903960694	0.0892605018	0.0	0.0	0.0	-0.00226908	0.0228868	0.0819273999999999	0.000180681	0.000302209	0.000369291	0.0843003199999999	-0.187536415315121	-0.2772462469803733	-1.4380217009711231	1.45672408052855	-0.1927932296283281	-1.0474162747914586	-1.4218286525568522
0.0007415074	-0.0377964482	-0.0357897064	0.0239234975	0.1130558978	-0.0268402817	0.0916190104	0.0908882107	0.0896745262	0.087984405	0.0	0.0	0.0	0.0081902	0.0572588	0.0648239	-0.000150662	0.000302209	0.00034966	0.0794834799999999	-0.2326351892555134	0.6393007529235071	-1.2726270831476347	-0.8937156285658144	-0.0269699838249815	-1.360642221714797	-1.504123499296114
0.0311458719	0.009988467	-0.0669263985	-0.01979439	-0.0638987776	0.0469610821	0.0915222642	0.0905024577	0.0888111892	0.0864610066	0.0	0.0	0.0	0.00227624	-0.0025758	0.0380643	0.000687352	3.56208e-05	0.000676702	0.16409037	-0.5233782429284137	-0.168399351480032	-0.6840552514997474	-0.4459539547802572	0.1052420235282733	0.7696716496071889	-1.4042514829620305
-0.0812810966	0.0801613261	0.090907352	-0.0309349681	-0.0193461995	0.1100968159	0.0914094366	0.0900530986	0.0878074234	0.0846945884	0.0	0.0	0.0	0.0008025149999999	-0.00834426	0.0822592999999999	0.00077837	0.000302209	0.000824012	0.076682995	-0.5166783430812529	-0.5315198248677564	-1.0211392021918788	1.430430861605705	-0.2909119323874744	0.283305242946764	-1.2432924512751296
-0.0564093942	-0.0344903713	0.0509553014	-0.0490672554	0.0466014102	-0.0466829323	0.0912805474	0.0895404494	0.086664816	0.0826901155	0.0	0.0	0.0	0.00820803	0.0389974	0.106758	0.000375376	0.00030221	0.000693533	0.105919575	-0.2608675496852708	0.2726261164305547	-1.6849750657602396	1.200463310819949	-0.4802753206838909	-1.0665891022389833	-1.3336041802173864
-0.0112909864	-0.1045905803	-0.0284565739	0.0088847894	0.0463126846	-0.0408833991	0.0911356193	0.0889648703	0.0853851737	0.0804532217	0.0	0.0	0.0	0.0082083999999999	0.0310606	0.070708	0.000521168	0.00030221	0.00082815	0.05800762	-0.4891428915053158	-0.2672572812113493	-1.3357478388159445	-0.8750924305316378	-0.156360311544429	-0.4302323195762664	-1.4327616305255035
-0.0416307768	0.0336479559	-0.0436563093	-0.0685962009	-0.1137439874	0.0322236523	0.0909746778	0.0883267658	0.08397052	0.0779901946	0.0	0.0	0.0	-0.0012264	-0.0078005699999999	0.0753918999999999	0.0007329549999999	1.35561e-05	0.00101583	0.0873859149999999	-0.5307909380401548	-1.100607770335198	-0.9295278825821998	-0.5682187333652126	-0.1756442644949834	0.9301378286110412	-1.263693960068279
-0.0666519511	0.0262792348	0.0117950391	-0.1148172123	-0.0340281561	0.0228419699	0.0907977511	0.0876265845	0.0824230915	0.075307957	0.0	0.0	0.0	0.00822872	0.0237015	0.116037	0.000285297	0.00030221	0.000929102	0.122754285	-0.3275177060681852	-0.0896335817691624	-1.5683299426876292	0.8808895189978354	-0.5562418569320307	0.85560465536327	-1.2261994448828366
-0.0292432701	-0.0558765793	0.0790191395	-0.0549269535	0.1050486293	-0.0163941094	0.0906048703	0.0868648184	0.0807453353	0.072414048	0.0	0.0	0.0	0.0082200299999999	0.0688871	0.0920523	0.000477809	0.00030221	0.000945016	0.0796002899999999	-0.2325011732454133	-0.6798855005017872	-1.6257379791613888	1.227374145940986	-0.3777949443192899	-0.305669028932562	-1.4292033857566593
-0.0145497746	0.0058414411	0.0358973586	0.1223078383	0.0187230493	-0.0102299118	0.0903960694	0.0860420028	0.078939904	0.0693166017	0.0	0.0	0.0	-0.00353072	-0.00439507	0.0790094999999999	0.000912306	0.00030221	0.000928112	0.12064577	-0.4273394851497901	1.084401187602663	-0.8262000311856	-0.4591182695712872	-0.1237059905295487	-1.0971005664033784	-1.2952848878416474
-0.0862431309	0.0427575929	-0.081582562	0.0086784276	0.0019290969	0.0033678365	0.0901713849	0.0851587161	0.0770096525	0.0660243242	0.0	0.0	0.0	-0.00483014	0.0143808	0.115033	0.000285297	0.00020315	0.000890595	0.09427809	-0.0333543935754192	-0.8788966193055489	-1.4963988296390087	-1.793751453818759	-0.5372764053072445	0.0958466670212241	-1.2022319075398504
-0.0210775636	-0.0749287349	-0.0430260251	-0.0785703695	0.0505512868	-0.0273704266	0.0899308564	0.0842155791	0.074957633	0.0625464692	0.0	0.0	0.0	0.0082156899999999	0.0662326	0.0920698	0.000202502	0.000406197	0.000810817	0.10614183	-0.1936842684439923	-0.0556774553421232	-1.5583403112089973	0.054001337047273	-0.3915425617192619	1.07798141052202	-1.3868536220273473
-0.0025271267	0.0278794172	0.0763901631	-0.0454677969	0.0111667003	0.0187647115	0.0896745262	0.0832132545	0.07278709	0.058892812	0.0	0.0	0.0	-0.00879569	0.00859052	0.0691763	0.000671363	0.00030221	0.000941362	0.1327166099999999	-0.4494448300807862	-0.2706110298488482	-0.8979396112197677	1.2649576167088727	-0.1431989824756464	-0.2407971349977646	-1.3261901831422969
-0.0760097698	0.0167915072	0.0037607418	0.0751866215	0.0705245242	-0.0238733232	0.0894024392	0.0821524469	0.0705014557	0.0550736223	0.0	0.0	0.0	-0.00881502	0.00858996	0.110774	0.00057983	0.00030221	0.000875725	0.04947609	-0.2651972601244445	1.5376295022759494	-1.5393645523651636	0.0881010119880736	-0.452703134240324	-1.2683720220154966	-1.246302736307915
0.0073741659	-0.0465611098	-0.0429608184	0.0233175555	0.0066157743	-0.074961064	0.0891146434	0.0810339018	0.0681043441	0.0510996347	0.0	0.0	0.0	-0.00884474	0.0541912	0.0672021	0.000741253	0.000648067	0.00065205	0.1257506099999999	-0.0924110549118517	-0.0782036343149901	-1.179788571723734	-1.306583251627538	-0.173243518221018	0.5736339818607377	-1.3609919819077525
0.0616792036	0.0169772462	-0.0192295818	-0.0766495516	-0.1080486945	0.050564375	0.0888111892	0.0798584053	0.0655995455	0.0469820191	0.0	0.0	0.0	-0.0187414	-0.0109326	0.037546	0.00136954	0.000213707	0.00088	0.16920641	-0.3320170480454109	-1.0442580202325729	-0.0163036444353089	0.1241579329829049	0.1728390442563452	0.9737547298160952	-1.1616560742475135
-0.024898145	0.0524137244	0.0369270386	-0.0468482183	0.0287259969	0.0578976331	0.0884921299	0.0786267835	0.0629910206	0.0427323491	0.0	0.0	0.0	-0.00885116	0.00652475	0.0599688	0.00105404	0.000687439	0.00111495	0.10097949	-0.140967643575212	-0.6046350153366663	-0.5967761164784152	1.3762453165678847	-0.2397933237198629	-0.0748087597392057	-1.115428887650591
0.0304099365	-0.0414407612	0.0366483878	-0.0369624667	0.117394502	-0.0432227563	0.0881575217	0.0773399021	0.0602828939	0.0383625694	0.0	0.0	0.0	-0.0088823	0.0390192	0.0474307	0.000810481	0.000687439	0.000662822	0.0798480399999999	-0.0703925930352488	1.8449559896429115	-0.6577199000023297	0.7319186814273757	-0.0109066531896509	-0.5322099961602478	-1.3038843199066017
0.0080521877	0.0843621195	-0.0734319088	0.0334416083	-0.0433608323	-0.0217844025	0.0878074234	0.0759986654	0.0574794475	0.0338849624	0.0	0.0	0.0	-0.0249757	-0.0129685	0.037553	0.00129704	0.000281816	0.000779301	0.1283918499999999	-0.2396005870637118	0.319782015375998	-0.4453725686199989	-1.152625128483702	0.0070359899088349	1.3443340390828775	-1.211906782645059
-0.0604181392	0.0946525852	-0.0395772019	-0.135113707	-0.0396862955	-0.0383841025	0.0874418964	0.0746040162	0.0545851143	0.0293121133	0.0	0.0	0.0	-0.0329631	0.0373014	0.0792227999999999	0.00070027	0.00039529	0.00086476	0.1397122499999999	-0.4246686960215184	-1.139844696083643	-1.2955387659611444	0.0560599705730785	-0.4146485805314379	0.2720645620278665	-1.245218600105588
0.0255297909	-0.0473659267	0.0648979261	-0.0655116431	0.0579641544	-0.0819609011	0.0870610049	0.0731569346	0.0516044709	0.0246568755	0.0	0.0	0.0	-0.024982	0.0374712	0.0287549	0.00115483	0.000393396	0.000599785	0.09469025	-0.3347222812310884	1.1466704618716	-0.6934137612901298	1.189362661879113	0.0010859979678558	0.4760186369943479	-1.2776966339661968
0.0020108499	0.0175769785	0.0187865896	0.1145222315	-0.0462357222	-0.0409621596	0.086664816	0.0716584376	0.0485422302	0.0199323335	0.0	0.0	0.0	-0.0325892	-0.0127517	0.0427532	0.00140152	0.000318219	0.000834339	0.0996494499999999	-0.4378257573470564	0.5478467643348605	-0.1375312506865698	-0.8107832693902423	0.031305770930301	-0.8685823273635425	-1.1045406811163874
-0.0397643559	-0.0044562836	-0.0807379325	0.0582737927	-0.116783898	-0.1032327136	0.0862533992	0.0701095784	0.0454032342	0.0151517667	0.0	0.0	0.0	-0.0249713	0.031735	0.0709207	0.00114567	0.000352343	0.000662822	0.10334665	-0.2163436049691955	0.2610645820245462	-1.0269976781264036	-1.671443496579283	-0.3770679355845241	-0.0282402108126216	-1.1394460641317865
0.0249940342	-0.0859181694	-0.028154574	-0.0591228694	-0.0428202857	-0.0810785672	0.0858268268	0.0685114455	0.0421924464	0.0103286123	0.0	0.0	0.0	-0.0249686	0.0596483	0.0438479	0.000476941	0.000438746	0.000662822	0.0927454	-0.1425738684483438	-0.8553077690441179	-0.7901828712993905	-0.0855836544300031	-0.0889107453239749	0.09945314265976	-1.295071538337705
0.0675690323	0.0139506468	0.1135000624	0.0528052256	-0.0597934354	0.0267518101	0.0853851737	0.066865162	0.0389149436	0.0054764268	0.0	0.0	0.0	-0.0304929	-0.0191687	0.0403551	0.00104803	0.000412705	0.0008631249999999	0.1277057499999999	-0.454295899418511	1.6418048201414992	-0.0124773347235335	1.028670399239024	0.1729100973869164	-0.0936635363317517	-1.1740244028882698
-0.0468746118	0.0353537916	-0.0351687567	0.0755948788	-0.0255610749	-0.0667551569	0.0849285176	0.0651718852	0.0355759084	0.0006088484	0.0	0.0	0.0	-0.0249629	-0.00216189	0.0863807999999999	0.0008274079999999	0.000454369	0.0008857719999999	0.08280916	-0.3230570640542739	-0.0155792961468713	-0.8819571878331987	-1.2750027834708004	-0.3376671607662365	-1.0189115624041265	-1.114686485347941
0.0179418784	-0.0473624504	-0.0612316161	-0.0227523207	-0.0001672004	-0.0544601979	0.0844569388	0.0634328049	0.0321806203	-0.0042604413	0.0	0.0	0.0	-0.0297074	0.0484504	0.0518575	0.000476941	0.000478465	0.000662823	0.11975569	-0.1404838908788074	0.2810739004635525	-0.8202986274703365	-1.001031093129542	-0.1468136287729322	1.372724099908169	-1.2501835759540716
0.0810793663	0.0273458425	0.0757974789	-0.0397859833	-0.0397466113	-0.0063627529	0.08397052	0.0616491434	0.028734448	-0.0091177559	0.0	0.0	0.0	-0.0325078	-2.32875e-06	0.0337771	0.00118498	0.00041567	0.0008923419999999	0.11935117875	-0.4670199372906765	-1.7560602646613264	-0.0306090483199436	1.098438603590348	0.2004333553806349	0.0052410445705733	-1.204424529850126
-0.0120614594	0.0425195141	0.0612246128	0.110887231	0.0134679815	-0.0241100554	0.0834693467	0.0598221543	0.0252428406	-0.0139494429	0.0	0.0	0.0	-0.0300763	-5.29196e-06	0.0664964	0.00119921	0.000478089	0.0008555439999999	0.04082611321	-0.2325517977317063	1.4883713074626514	-0.7674404760204971	0.6881484081031974	-0.2372017859176881	-1.4579033868003712	-1.1259803931801236
0.0392834467	-0.0368946153	-0.0453408963	0.0436914152	0.0053584981	-0.0763000099	0.082953507	0.0579531217	0.0217113192	-0.0187419216	0.0	0.0	0.0	-0.0249638	0.0472005	0.0469057	0.000903913	0.000260171	0.000662823	0.10720579196	-0.0419775558079969	-0.4396131646499822	-0.4944501976714223	-1.1687969832406138	-0.053028869756813	-0.1599064347055481	-1.1972586390311564
0.0930275213	-0.0250940461	-0.0403145348	-0.0094759794	-0.0944772081	0.0106941348	0.0824230915	0.056043359	0.0181454677	-0.0234817216	0.0	0.0	0.0	-0.0308755	-0.00860293	0.0225582	0.00105942	0.00042791	0.000951431	0.11665533	-0.2841135207373848	-0.5505506471220837	0.1051003250796558	-0.2954382113070439	0.2562740335170344	0.6254936981014548	-1.1794877992943995
0.0004365126	0.0706452905	0.0843216184	-0.0146138055	0.0138555166	0.0199204397	0.0818781935	0.0540942086	0.0145509244	-0.0281555204	0.0	0.0	0.0	-0.0249568	0.005578	0.0635626	0.000878231	0.000542706	0.00103621	0.0801422299999999	-0.218643260698259	-0.4788456555079867	-0.6130217168025808	1.6948283067767844	-0.2020818726927336	0.4687092552777622	-1.127463640040146
0.0212917508	-0.0471697166	0.0151325877	0.037560717	0.0584513686	-0.105495093	0.0813189087	0.0521070402	0.0109333732	-0.0327501813	0.0	0.0	0.0	-0.0179798	0.0573466	0.0615708	0.00065412	0.000687439	0.000662823	0.09784895	0.0284627216985136	1.361632969716118	-0.950658065511508	-0.3150266101739434	-0.1664400416904757	-1.8892482302789797	-1.2828754890210916
0.0553768797	0.0300955063	-0.0064757795	-0.0370915109	-0.0832356514	0.0005451414	0.0807453353	0.0500832505	0.0072985341	-0.0372527898	0.0	0.0	0.0	-0.0281917	-0.00424416	0.0363334	0.0011857	0.000369647	0.000662823	0.1395086599999999	-0.4172708279745135	0.6872920152359294	-0.0962464411926323	-0.6216511322092119	0.0823667968539529	2.2625442089584697	-1.1686553687112498
-0.0008127681	0.0682414613	0.0529398168	-0.031328571	-0.0694873676	0.0473128709	0.0801575741	0.0480242618	0.0036521544	-0.0416506902	0.0	0.0	0.0	-0.0231836	-0.00422777	0.0829716999999999	0.00103054	0.000535547	0.000948232	0.08198624	-0.09546656973272	-1.404117272269333	-0.7294071780202774	1.1103833954542794	-0.340787432268334	-0.2099867739785187	-1.0685013317651435
0.0147646847	-0.0518845021	0.0859460927	0.0031215519	0.008507268	-0.0489000894	0.0795557284	0.0459315212	0.0	-0.0459315212	0.0	0.0	0.0	-0.0232042	0.0648072	0.0687525	0.00114222	0.00050834	0.000662823	0.10448957	-0.0754394324219313	1.9910804043158636	-0.9178702865679844	1.012666952241123	-0.28052662372493	0.0738207899647317	-1.2503253014959974
0.0070363298	0.0309785467	-0.0028237962	0.0314104279	-0.0959733268	-0.0303858496	0.078939904	0.0438064995	-0.0036521544	-0.0500832505	0.0	0.0	0.0	-0.0231679	-0.0176899	0.0661827	0.00163526	0.000162093	0.00085211	0.1365318999999999	-0.1441384552229205	-0.8674333638312021	-0.2370305029137091	-1.1644400056352917	-0.1273857707850026	0.0231196394438803	-1.057597362180492
-0.0278962967	0.0341067998	-0.0303343955	-0.0568996851	-0.127430449	-0.0468082562	0.0783102091	0.0416506902	-0.0072985341	-0.0540942086	0.0	0.0	0.0	-0.0292172	0.00586101	0.0814415	0.00104531	0.000369474	0.000971325	0.09068631	-0.1585700317081596	-0.4715557641917501	-0.8443743607716022	-0.5339156301658038	-0.4202746575102701	1.5469566986138834	-1.0583578975919117
0.0467007508	-0.0709923582	0.0501867883	-0.0239844883	-0.0049956961	-0.0136209415	0.0776667542	0.0394656084	-0.0109333732	-0.0579531217	0.0	0.0	0.0	-0.0232205	0.0608787	0.0687614	0.0008480249999999	0.000687439	0.000662823	0.11488209	-0.0537693913314546	-0.8762425259388941	-0.8109756960190494	1.3644269856715383	-0.2810218196054568	0.1264247579780794	-1.1927919302176728
0.0532078976	-0.0307406006	0.0261379181	0.1206966589	-0.0053355881	-0.0227373322	0.0770096525	0.0372527898	-0.0145509244	-0.0616491434	0.0	0.0	0.0	-0.0343453	-0.00247246	0.0473944	0.00125155	0.000465701	0.00076393	0.13216146	-0.2574369684238877	0.7314663099064681	-0.2846142448091966	-0.6696158920567065	-0.0261972767790574	-1.3176136334180686	-1.178191967834309
-0.019226643	0.0638559538	-0.100921967	0.0445159029	-0.0472103043	-0.0405931175	0.0763390195	0.0350137895	-0.0181454677	-0.0651718852	0.0	0.0	0.0	-0.0375038	0.00673909	0.0687479	0.00111755	0.000687439	0.000662823	0.0565657999999999	0.0045981533173425	-0.4225366250414965	-0.7754682663460732	-1.521205269640603	-0.3128241869921992	0.8224410802460614	-1.092649775865579
0.0983041499	-0.0861879576	-0.0619995611	-0.0081165919	-0.0300486675	0.0212995166	0.0756549729	0.0327501813	-0.0217113192	-0.0685114455	0.0	0.0	0.0	-0.0361255	0.0486242	0.044453	0.000704808	0.000472264	0.000662823	0.09895416	-0.0312857628935588	-0.5749756602273387	-0.302431816192354	-0.1685401536231455	-0.024854668932785	1.4133737516141396	-1.1637299286890723
0.0514912601	0.050646437	0.0822419683	-0.0061432754	-0.0206414645	0.0689486817	0.074957633	0.0304635559	-0.0252428406	-0.0716584376	0.0	0.0	0.0	-0.0395502	0.00373245	0.0497526	0.00137811	0.000687439	0.000783399	0.1040687	-0.2832540423697987	-0.4665829001128545	-0.1424531762209213	1.407344504793255	-0.029115987906802	-0.0274151306827792	-1.1114038103101982
-0.0124724458	0.0321733862	0.0089004585	0.1196908963	0.0642712597	-0.0011165556	0.0742471223	0.0281555204	-0.028734448	-0.0746040162	0.0	0.0	0.0	-0.0230705	-0.00283672	0.0795472	0.00179589	0.000687439	0.000662823	0.0797612699999999	0.1096931223466875	1.6893139254640468	-0.7347188229791746	0.295094966302312	-0.3392953725543228	-1.3329000274929683	-1.0123894916856826
-0.0345087346	0.0809129095	-0.083377426	0.0599591412	0.0627906182	-0.0387800866	0.0735235656	0.0258276969	-0.0321806203	-0.0773399021	0.0	0.0	0.0	-0.0331098	0.0193932	0.0979931	0.00153846	0.000687439	0.000839054	0.07239817	0.0686496295998679	0.2989802400920315	-0.7869834710275596	-1.504453329808249	-0.5324666440336526	-0.062684711120932	-0.9238126432513316
-0.0166258038	0.0438326976	-0.0825652446	-0.0818715884	-0.0057052726	0.0020959284	0.07278709	0.0234817216	-0.0355759084	-0.0798584053	0.0	0.0	0.0	-0.0391471	0.0424765	0.113183	0.00136643	0.000687439	0.000942145	0.05806655	0.0737233085927732	-1.1213862449206975	-1.059309065289604	-0.4583532491624759	-0.6292617122938825	0.5354210256307792	-0.9880741714537276
0.058279964	-0.0572724677	0.0412367654	-0.0486692893	0.0697688626	0.0709516746	0.0720378251	0.021119243	-0.0389149436	-0.0821524469	0.0	0.0	0.0	-0.0403354	0.0540081	0.0752377999999999	0.00127344	0.000687439	0.000662824	0.06928065	0.2371981386623367	0.0449466978579252	-0.6984998374716335	1.499672831335273	-0.299023840871067	0.7026702614164617	-1.1033498996355868
0.0131782751	0.0610174539	-0.029070097	0.0965169254	0.0276776408	0.048207297	0.0712759023	0.0187419216	-0.0421924464	-0.0842155791	0.0	0.0	0.0	-0.0351811	-0.00404183	0.0977309	0.0015169	0.000477039	0.000971204	0.12380933	0.0535967809336043	-1.474790459030077	-0.4926667906429937	-0.991146655927588	-0.3905624454370834	-1.8208896109357688	-0.983565105410656
-0.0429552879	0.0437980707	-0.0791112995	-0.0778244703	0.0096230603	0.0313548595	0.0705014557	0.0163514282	-0.0454032342	-0.0860420028	0.0	0.0	0.0	-0.0359298	0.0116354	0.109759	0.00134879	0.00053472	0.000967742	0.03991668	0.0108082826166188	0.2295407313436873	-1.1158181367798472	-0.7251942455683692	-0.6835398228885015	1.8372376837169189	-0.9823101724465968
0.0013681293	-0.0073740707	0.0410452408	-0.0184328075	0.0963737266	0.003079582	0.0697146213	0.0139494429	-0.0485422302	-0.0876265845	0.0	0.0	0.0	-0.0375631	0.0649506	0.0972417	0.000833108	0.000549287	0.000662824	0.10922415	-0.1275628895748101	-1.2821000029416014	-1.1991012948514748	1.4888406939927177	-0.4846850316951209	0.0016614804089927	-1.1735396678407155
0.0642320542	-0.0238886607	0.0222967394	0.086518448	0.0178546831	0.0192187042	0.0689155372	0.0115376538	-0.0516044709	-0.0889648703	0.0	0.0	0.0	-0.0395952	-0.0036426	0.0715809	0.00125824	0.000687439	0.000662824	0.1244502999999999	-0.2658861621023564	0.2449915463078957	-0.2997244882840116	-0.8494479050822388	-0.134040082279627	-1.368380222858569	-1.0907352715474794
-0.036679539	0.1131984948	-0.099588972	-0.0339265819	-0.0227547351	0.016203342	0.0681043441	0.0091177559	-0.0545851143	-0.0900530986	0.0	0.0	0.0	-0.0395548	-0.00357445	0.0757835	0.0017529	0.000382557	0.000915621	0.0569280999999999	-0.0832220064179634	-0.8778539359265428	-0.4122528339569426	-0.9380192267280114	-0.3657360636970704	1.2321883818779429	-0.921271416978368
0.0633808589	-0.0051459737	-0.0449991983	-0.0423616279	0.028686204	-0.0122854883	0.0672811843	0.00669145	-0.0574794475	-0.0908882107	0.0	0.0	0.0	-0.052093	0.0423385	0.0544381	0.000886002	0.000329255	0.000602198	0.1414776999999999	-0.1120240202984021	-0.2893468604904351	-0.4276451181020865	0.2410893612029462	-0.1400063130159039	1.322356104199688	-1.1038775684210984
0.1054989608	0.011049072	0.0667642469	-0.0367295754	0.0456172258	0.069155026	0.0664462025	0.0042604413	-0.0602828939	-0.0914678594	0.0	0.0	0.0	-0.0610224	-0.0114693	0.0380297	0.000902289	0.00063513	0.000662824	0.098285	-0.2176636104069431	-0.7543212580313895	0.0163996117855508	1.3250702805856365	0.1626634602068316	-0.1184550468871183	-1.09803358726593
-0.0721124754	0.0867938301	0.0102145607	0.0382243927	0.1547132319	0.0245137267	0.0655995455	0.0018264382	-0.0629910206	-0.0917904153	0.0	0.0	0.0	-0.0489866	-0.01198	0.0973252	0.00110127	0.000687439	0.000910935	0.09681205	0.0442936855458854	1.4598886429605955	-1.0842190741691389	0.324880103263172	-0.5128524358831177	-1.127292940953181	-1.0178911649031122
-0.0487292007	0.0494706931	-0.0923306862	-0.0019462458	0.1931301589	-0.0384609567	0.064741362	-0.0006088484	-0.0655995455	-0.0918549718	0.0	0.0	0.0	-0.0417684	0.0557261	0.106437	0.000862796	0.000687439	0.000662824	0.10836535	-0.1155516543759125	0.8823209678393872	-1.4335639199469632	-1.293306597515636	-0.5384819221040241	-0.8722293438277715	-1.162499652076174
0.0306160817	0.0029696186	-0.0788961185	-0.1284914408	0.0299431469	-0.0238927525	0.0638718027	-0.0030437072	-0.0681043441	-0.0916613475	0.0	0.0	0.0	-0.0471357	0.0215923	0.0533738	0.00110516	0.000524005	0.000662824	0.1128542	-0.4271933536419272	0.2443889699313711	-0.6427788134798943	-0.4431849814572994	-0.1656759611743242	0.6844280429957202	-1.140513355961905
-0.0675465829	0.1148787969	0.0983343074	-0.0533964435	0.0517349633	-0.0996325621	0.0629910206	-0.0054764268	-0.0705014557	-0.0912100867	0.0	0.0	0.0	-0.0576029	-0.00456331	0.0911497	0.00133611	0.000687439	0.000662824	0.09411791	-0.522638441689481	-0.3027532144568897	-0.8586856649919379	1.5368520941422892	-0.4007101878508163	0.0349286422195296	-0.992810936751371
-0.0605697023	-0.0125510971	0.01458882	0.0346832248	0.0503240327	-0.1296809761	0.0620991702	-0.0079052975	-0.07278709	-0.0905024577	0.0	0.0	0.0	-0.0507913	0.0530749	0.118262	0.000880688	0.000687439	0.000662824	0.11433321	-0.2990282565724714	1.331118653153824	-1.4161847976676716	-0.1746295475166925	-0.574110843845853	-2.048476087682544	-1.061153606018652
0.0407218829	-0.0944785748	-0.0290715776	0.0429792588	-0.0735447597	-0.1234878	0.0611964085	-0.0103286123	-0.074957633	-0.0895404494	0.0	0.0	0.0	-0.0541939	0.0315488	0.0551776	0.0010108	0.000539653	0.000662824	0.101908	-0.1720700564357841	0.451651070472578	-0.6926766822073523	-0.941432790373788	-0.1526427264711085	1.6001577119373127	-1.108028926225875
-0.0561072363	0.0594776896	0.0571262214	-0.0958740352	-0.0715441392	-0.0646333025	0.0602828939	-0.0127446681	-0.0770096525	-0.0883267658	0.0	0.0	0.0	-0.0507829	0.00649524	0.0739588	0.00117653	0.000687439	0.000806409	0.07010081	-0.4673111441855569	-1.5464910005000048	-0.8763484688470252	0.5752504524686511	-0.4382640265299429	0.0499646379844873	-0.9981782738825852
-0.0210952133	-0.0647104368	0.0928344869	0.0197808203	0.0332191123	-0.085583633	0.0593587869	-0.0151517667	-0.078939904	-0.0868648184	0.0	0.0	0.0	-0.0568534	0.0533287	0.10381	0.000968545	0.000598977	0.000569817	0.1094071099999999	-0.106639660564233	1.197287624007906	-1.1736422015507837	1.308646748159964	-0.4630920147242826	-0.5784637683390581	-1.106067927683592
0.0411070781	-0.0656896809	-0.0291485295	0.0621660362	-0.0548962538	-0.0252793364	0.0584242501	-0.0175482166	-0.0807453353	-0.0851587161	0.0	0.0	0.0	-0.0507513	0.00675295	0.0416058	0.00166436	0.000323264	0.000856202	0.1777777	-0.0685497202136079	-0.5952675624964032	-0.1426610862129023	-1.033404164796231	-0.0110199179752248	0.7903295736250814	-1.06527787198866
-0.0423456051	0.0772558224	0.0289654642	-0.1058552013	-0.0796093956	0.0154225934	0.0574794475	-0.0199323335	-0.0824230915	-0.0832132545	0.0	0.0	0.0	-0.0507605	-0.0161021	0.0676583	0.0014979	0.000492667	0.000814203	0.06780985	-0.1287702455543352	-1.1956617438506316	-0.5152603897858317	0.6046189850920746	-0.3617454148269211	0.1562294488070711	-0.9209719136792937
-0.0229765854	-0.0388824128	0.0844883116	-0.0068312832	0.0610276004	-0.0606366053	0.0565245452	-0.0223024417	-0.08397052	-0.0810339018	0.0	0.0	0.0	-0.0507951	0.0461565	0.0863671	0.00104849	0.000687439	0.000610463	0.1233981	-0.0988497777259289	1.4349698851695742	-0.8599918888372649	1.0999591581846684	-0.3617379797189186	-0.6049560839433809	-1.0968792060929684
0.0590948607	-0.0393388369	-0.0310019728	0.0592806265	-0.0540137715	-0.0086181438	0.055559711	-0.0246568755	-0.0853851737	-0.0786267835	0.0	0.0	0.0	-0.0576029	0.00576717	0.0551487	0.00113702	0.000687439	0.000662825	0.0854601299999999	-0.1888752674410033	-0.4078891196706291	-0.2021007101671244	-0.8167520508879217	0.0643289056125365	1.405627984038622	-1.1179864130639314
-0.0550506668	0.0560717949	0.0075378841	-0.0711691177	-0.0647834902	-0.0313617265	0.0545851143	-0.0269939802	-0.086664816	-0.0759986654	0.0	0.0	0.0	-0.0507817	0.00583318	0.0551287	0.00155123	0.000687439	0.000821767	0.03556481	-0.2483077588083863	-0.9512092329868423	-0.7885375065760803	0.2080873323463152	-0.3581419965380092	0.66523094060664	-1.0029481202721966
-0.0171930689	-0.0351378644	0.1125157459	0.0048946262	0.0238537083	-0.0779969566	0.0536009265	-0.0293121133	-0.0878074234	-0.0731569346	0.0	0.0	0.0	-0.0564892	0.06183	0.0551487	0.00120902	0.000617717	0.000662824	0.09026807	-0.2714918067836712	0.2863064629791567	-0.6177493314618857	1.632350258921246	-0.2516571399558623	0.1495380648338449	-1.0481500739823164
0.068427657	-0.0788529112	-0.0297662818	0.1156929684	-0.0265536413	-0.0671064138	0.0526073205	-0.0316096456	-0.0888111892	-0.0701095784	0.0	0.0	0.0	-0.0507794	0.000833974	0.0102081	0.00167504	0.000431677	0.000662825	0.144249476	-0.2754683353420436	-0.0733486361192212	0.5653004395895468	-0.9988131103727524	0.3069301138963946	-1.3562150787442129	-0.9076379600569116
-0.0038353376	0.0022739018	-0.0360283412	0.1031328539	-0.0464812469	0.0382006238	0.0516044709	-0.0338849624	-0.0896745262	-0.066865162	0.0	0.0	0.0	-0.061193	-0.00681311	0.0464116	0.00167504	0.000446477	0.000662825	0.0550041839999999	-0.0843280940674384	0.9428582001917238	0.2890903645119126	-1.4474490237566928	0.0477513288603207	0.2428633792537712	-0.8745383053080342
-0.0506693579	-0.0091403429	-0.0595155155	0.0314102161	0.009927476	0.0167854023	0.0505925538	-0.0361364644	-0.0903960694	-0.0634328049	0.0	0.0	0.0	-0.0679249	0.0356645	0.0886205	0.00122689	0.000687439	0.000662824	0.12587406	0.1852732238522466	-0.3560273081543714	-0.8501057834192728	-1.5144892786832578	-0.4926037758586339	-1.2256725408880635	-1.0079528971680192
-0.0092578547	-0.0381539742	-0.0746933267	-0.0705759995	0.0665910344	0.0089405914	0.0495717471	-0.0383625694	-0.0909746778	-0.0598221543	0.0	0.0	0.0	-0.0627263	0.0356244	0.0706601	0.00122689	0.000397512	0.000219721	0.0598506	-0.1008475593897715	-0.0191300706837385	-0.3836487169345703	-0.4889775675434368	-0.2471515303525405	1.5430295804672711	-1.0068327174960527
-0.023193422	0.0963336456	0.0963653473	-0.1101277128	0.0279269673	0.0637557382	0.0485422302	-0.0405617128	-0.0914094366	-0.056043359	0.0	0.0	0.0	-0.0648068	-0.0242779	0.0536753	0.00186909	0.000687439	0.000662824	0.1477291	-0.129073631389465	-1.291058354978185	0.0162929425499691	1.356962077686771	-0.2156997246201927	0.025706906220105	-0.8544922511393553
-0.0676052281	0.0666275805	0.0182869916	-0.0359513714	0.1285712367	0.013637733	0.0475041838	-0.0427323491	-0.0916996582	-0.0521070402	0.0	0.0	0.0	-0.0693276	0.0323661	0.0798694999999999	0.00154862	0.000687439	0.000662824	0.1033824999999999	-0.138345423336312	1.1630594730045096	-0.916469034741891	1.1490484315332066	-0.4372113134264578	-1.029694634092542	-0.9903432363569185
-0.0029603895	-0.0632144355	-0.057088635	0.0277329226	0.0630150838	-0.0278061355	0.0464577906	-0.0448729527	-0.0918448838	-0.0480242618	0.0	0.0	0.0	-0.0693165	0.0323285	0.0575041	0.00122689	0.000544033	0.000662824	0.0456708999999999	-0.055530198838173	-0.7968456174492505	-0.3793730602189096	-1.038655058047424	-0.1632083447976648	-0.6865606617216503	-1.0184577476024894
0.0006905793	0.0261240418	-0.0372442014	-0.0980660792	-0.0941678308	0.0019061689	0.0454032342	-0.0469820191	-0.0918448838	-0.0438064995	0.0	0.0	0.0	-0.0693113	-0.00696454	0.0331545	0.00180083	0.000425203	0.000662824	0.09828634	-0.3976728374640834	-0.7026177359969009	0.383431508100835	-0.4042441853099605	0.077570784756208	1.0873055762619663	-0.8427452639609904
-0.0285613457	0.0300722673	0.0505170761	-0.0866725172	-0.0478231548	0.0344509264	0.0443407	-0.0490580661	-0.0916996582	-0.0394656084	0.0	0.0	0.0	-0.0765272	0.00835083	0.0691915	0.00158567	0.000397937	0.000662824	0.07068957	-0.1421729102662645	-0.8844823611153463	-0.2801900671382913	1.2816953129828417	-0.3049963818584744	0.1756001264492536	-0.8370812557375851
0.0148615849	-0.0862604416	0.0604642112	-0.0175176185	0.0720870224	-0.0298956612	0.0432703747	-0.0510996347	-0.0914094366	-0.0350137895	0.0	0.0	0.0	-0.0693319	0.0367523	0.0106487	0.00209255	0.000461898	0.000253432	0.14315122	-0.0237951715356204	2.104578576147683	-0.1053253135277462	0.93855067181362	0.0849561066669452	0.0677669481552877	-1.0049128264931193
-0.0431834417	0.0570780353	-0.0509781886	0.055670308	0.003451469	-0.0361431798	0.0421924464	-0.0531052899	-0.0909746778	-0.0304635559	0.0	0.0	0.0	-0.0693077	-0.0213775	0.0234438	0.00215585	0.000289951	0.000662824	0.10318105	-0.1274843993660361	-0.3022094301692356	0.3867616989329855	-1.1100272619880591	0.0443200658141426	0.2405467411628331	-0.7847688156749296
0.0013725113	-0.0220231602	-0.0942266547	-0.084324848	0.0060788003	-0.0100564357	0.0411071044	-0.0550736223	-0.0903960694	-0.0258276969	0.0	0.0	0.0	-0.0757469999999999	0.0216245	0.010733	0.00183187	-6.9318e-05	0.000662824	0.09631455	-0.1963880988723154	-0.7770551379864636	0.5096890935493321	-0.7815727462400316	0.1248539168686257	1.159537901517011	-0.7689799367549469
0.0892441527	-0.0525798035	0.0327216531	-0.0480578466	-0.0045350592	0.0846807447	0.0400145395	-0.0570032484	-0.0896745262	-0.021119243	0.0	0.0	0.0	-0.0693076	-0.00998314	-0.0324578	0.00226824	0.000228444	0.000662824	0.11794444	-0.2363590988616062	-0.8440618691327181	1.2390169425492994	1.3363130820245503	0.6965169943617755	0.2981704060381823	-0.7534247311246289
-0.0289956023	0.0954129318	0.0001260817	0.0482411566	0.1324353636	0.0347056088	0.0389149436	-0.058892812	-0.0888111892	-0.0163514282	0.0	0.0	0.0	-0.064828	-0.0199244	-0.017753	0.00297046	0.000228444	0.000988223	0.08050661	-0.1977958497477837	1.710336030310452	0.7437052000840878	-0.0112316824972181	0.3604991930222277	-1.8104781341466376	-0.6976873804759757
-0.0502566213	0.0613918588	-0.0983189693	-0.0693853932	0.0878940405	0.0266379334	0.03780851	-0.0607409853	-0.0878074234	-0.0115376538	0.0	0.0	0.0	-0.0767513999999999	0.0340299	0.016475	0.00226842	-0.000179359	0.000662824	0.1718678	-0.086957313957033	0.8857568846226735	0.3450014778088767	-1.1655125679844405	0.0766059613660687	2.000679522170394	-0.7960219766914318
0.0454220236	-0.0174933994	-0.010786788	-0.0970141244	0.00068743	0.0128490557	0.0366954331	-0.0625464692	-0.086664816	-0.00669145	0.0	0.0	0.0	-0.0693024	0.0123186	-0.0227694	0.00210743	-3.19998e-05	0.000662824	0.08382216	-0.3749725752572193	-1.9065564477298984	0.9004715710042066	0.8630799635343221	0.495420803906396	-0.5160434953107471	-0.7942299405040237
-0.0208692363	0.0426758411	0.056309502	0.0596063689	0.0101053434	-0.0246458502	0.0355759084	-0.0643079948	-0.0853851737	-0.0018264382	0.0	0.0	0.0	-0.0692973	-0.0220251	-0.026281	0.00302636	-0.000148132	0.0008752229999999	0.10023346	-0.3972015920214824	1.662073070749486	1.1630100416004796	-0.1028236947028758	0.5332422871613892	-1.501705508686985	-0.6183090749092345
-0.0030692744	-0.0657941649	-0.0965168773	0.0711530266	-0.0499630406	-0.0662505617	0.0344501326	-0.0660243242	-0.08397052	0.0030437072	0.0	0.0	0.0	-0.0693024	0.0144253	-0.016031	0.00224308	-0.000130022	0.000662824	0.09739495	0.0367164574818874	-0.3311266659763327	1.021924878174557	-1.6807766024253203	0.4620070196155655	-0.1780247617821735	-0.675162741959734
0.0855162599	-0.0898703823	0.0384231529	-0.0306075625	-0.0991524881	0.0530824422	0.0333183036	-0.067694251	-0.0824230915	0.0079052975	0.0	0.0	0.0	-0.0693075	-0.0114813	-0.0524037	0.0025092	1.43645e-05	0.000662824	0.0828097249999999	-0.1856204871741052	-1.3918459332755784	1.2141119793007629	0.3356989192216558	0.8269758586535507	-0.521114212598152	-0.7190094926462232
-0.0341826931	0.0808576055	0.0962774839	0.0648863286	-0.0832930759	0.0592727171	0.0321806203	-0.0693166017	-0.0807453353	0.0127446681	0.0	0.0	0.0	-0.0532747	-0.0322575	-0.0399303	0.00314168	-6.96706e-05	0.00103423	0.1036784549999999	-0.2426752861673524	1.8866374661709784	1.0095435177442145	0.8633210291204322	0.5257271632669052	-0.8106756565692026	-0.6064901823707165
-0.0500769648	0.0053874522	-0.0635013689	-0.0111444705	-0.0467095187	-0.0249190382	0.0310372824	-0.070890236	-0.078939904	0.0175482166	0.0	0.0	0.0	-0.0692904	0.0101674	0.0196572	0.00202528	-8.49685e-05	0.0008508329999999	0.183782845	-0.1254884904262458	-0.0469471651483867	0.6924060031887014	-1.086265321669209	0.0744510836437375	1.2172879018558755	-0.6722637464236274
0.0497060354	-0.1253622148	0.0455313375	-0.076503437	-0.0427787467	-0.0190041953	0.0298884911	-0.072414048	-0.0770096525	0.0223024417	0.0	0.0	0.0	-0.0609561	-0.00253364	-0.0343519	0.00282916	0.000228444	0.0008726829999999	0.132001565	-0.2495443419834927	-1.9919912653784584	1.317900855345886	0.7959928158919937	0.6811201991539786	-0.3482738453557061	-0.5740770882437422
0.0149480027	0.0002580294	0.0789405446	0.1447599034	-0.1182852457	-0.0137000345	0.028734448	-0.0738869668	-0.074957633	0.0269939802	0.0	0.0	0.0	-0.0477319	-0.0385113	-0.045029	0.0038215	-2.93086e-05	0.00123124	0.14031144	-0.4105794055930793	1.2628280052727234	1.6679264696269258	-0.0536202788864821	0.8052847780497553	-1.246897591952194	-0.3333281630270663
-0.0490616226	-0.0559171415	-0.0484891956	0.0632553763	-0.0849170757	-0.0541309155	0.027575356	-0.075307957	-0.07278709	0.0316096456	0.0	0.0	0.0	-0.0476995	0.017133	-0.00541999	0.00340654	0.000175836	0.00132366	0.1309119399999999	-0.3522920279095406	0.6137012464970788	1.179375565001642	-1.7681562225162528	0.2904547643742501	-0.517518016113645	-0.3774786239363081
0.0801974596	-0.1391241025	-0.0233224486	0.0068419046	-0.1491945986	0.0319150669	0.0264114187	-0.0766760201	-0.0705014557	0.0361364644	0.0	0.0	0.0	-0.0477205	0.00990891	-0.0590373	0.00378646	0.000228444	0.00135252	0.0839318	-0.237302539551321	0.24122301106749	1.550745719412174	-0.3227350818084362	0.8508353762255064	0.9700127372132974	-0.3309934813821991
0.0031775051	0.0583568569	0.1566310735	0.005450643	-0.092728807	0.062442428	0.0252428406	-0.0779901946	-0.0681043441	0.0405617128	0.0	0.0	0.0	-0.0477051	-0.0308222	-0.0547009	0.00482173	0.000228444	0.00166646	0.1125434099999999	-0.3075982038953185	-0.6492197195610359	1.5574027684973897	1.5492243236479506	0.7967488638706927	0.4036363466638594	-0.1163511450833411
-0.0202587289	-0.0307379339	0.0317674006	0.1079304021	-0.0473810297	0.0227017221	0.0240698272	-0.0792495569	-0.0655995455	0.0448729527	0.0	0.0	0.0	-0.0545276	3.74796e-05	-0.00746341	0.00375999	0.000228444	0.00150988	0.1458356696	-0.0589065466798726	1.3845523999559772	1.4914385134987491	0.0803629707315626	0.3192418098322139	-2.1717014904175773	-0.2131346145576743
0.0580158654	-0.1310493231	-0.0335570819	0.0271317272	-0.0116015064	0.0457553358	0.0228925844	-0.0804532217	-0.0629910206	0.0490580661	0.0	0.0	0.0	-0.0477167	-0.0105625	-0.0646759	0.00391767	0.000314813	0.00149332	0.0876538196	-0.0539718919922182	0.7510302128622922	1.5692471623539492	-0.6607602053823368	0.7928262029987814	1.8564503417327785	-0.2154494801226936
0.0261655719	0.0503328952	0.1185367243	0.0087092493	-0.0594226222	0.0648394421	0.0217113192	-0.0816003433	-0.0602828939	0.0531052899	0.0	0.0	0.0	-0.0477178	-0.0383517	-0.0548577	0.00504217	0.000228444	0.00157706	0.10233895	-0.1604271567268388	-0.442448918548098	1.6147883073591858	1.6888582549631184	0.7578909700487249	0.2558098146889086	0.0054157676713878
-0.03538066	0.0178841497	-0.0418197209	0.1270917716	-0.0245644594	0.0267558602	0.0205262391	-0.0826901155	-0.0574794475	0.0570032484	0.0	0.0	0.0	-0.0477206	-0.0052982	-0.0147359	0.00416907	0.000166316	0.00152699	0.1224429999999999	-0.0986140285578869	0.5534862612891004	1.3923296422186051	-0.9098112520684302	0.2638010076674655	-1.4195735423385598	-0.0994336024776007
0.0038640056	-0.0713003883	-0.0549619351	-0.0302210229	0.0141761633	0.0554367398	0.0193375523	-0.0837217722	-0.0545851143	0.0607409853	0.0	0.0	0.0	-0.0477356	0.0167515	-0.0209363	0.00383152	0.000349794	0.00132402	0.064465	-0.0538540275008571	0.4847411223562005	1.444535859843469	-0.3778656794094029	0.4075887882875815	0.8388209980544435	-0.2548367220856601
0.0291130117	-0.0278310387	0.1047034453	0.0547298994	-0.0192517796	0.1568295492	0.0181454677	-0.0846945884	-0.0516044709	0.0643079948	0.0	0.0	0.0	-0.0477422	-0.0302917	-0.0337201	0.00454953	0.000296178	0.00146976	0.1057019	0.0106368776323092	0.0279186668821249	1.66014232065804	1.4886914049376485	0.6268681200851474	0.1483337655513298	-0.0304293039264946
-0.0302699867	-0.0330501011	-0.0417673053	0.1584988314	-0.0473909542	0.1181076898	0.0169501947	-0.0856078805	-0.0485422302	0.067694251	0.0	0.0	0.0	-0.0477312	-0.0140348	0.00716549	0.00442368	0.000338296	0.0016243	0.07327889	0.0705425267924038	0.6386714028652202	1.3913812070256952	-0.7137762380872841	0.2345397184933906	-1.4709293176391969	-0.0092761528207907
-0.006323744	-0.0693968176	-0.068309961	-0.0301741025	0.0598616262	0.0892313197	0.0157519435	-0.0864610066	-0.0454032342	0.070890236	0.0	0.0	0.0	-0.0477487	0.0301133	-0.0127797	0.00410868	0.000443363	0.00132402	0.10012814	0.1824432883452857	0.5280834918577803	1.1627305607099498	-0.6435458986530348	0.2048278321079538	1.580640275531884	-0.1911370423401031
0.0129579518	0.0171184694	0.0506406564	-0.0055860879	0.0308973763	0.203131654	0.0145509244	-0.0872533671	-0.0421924464	0.0738869668	0.0	0.0	0.0	-0.0477485	-0.0233614	-0.0154619	0.00482417	0.000701417	0.00154969	0.1161178	0.1750524430419853	0.053371670682982	1.4223829132901091	1.5493534086438212	0.4030661553620432	0.5952717064339359	-0.0354752101483748
-0.0515873552	0.0188260636	-0.0974857515	0.0649316931	0.0717018257	0.1059754305	0.0133473487	-0.087984405	-0.0389149436	0.0766760201	0.0	0.0	0.0	-0.0477398	-0.00583099	0.0147558	0.00438125	0.000556135	0.00160877	0.08012091	0.2013173378369223	-0.4043553811355893	1.1660970979068703	-1.12476218143452	-0.0217701193522044	-0.539789953417767	-0.0373688187356602
0.0276207612	-0.0721419927	-0.0789954099	-0.1119734888	0.1199546752	0.0937125839	0.0121414276	-0.0886536067	-0.0355759084	0.0792495569	0.0	0.0	0.0	-0.0477512	0.0418408	-0.0007937159999999	0.0041426	0.000702767	0.00144836	0.090517306	0.2719146817341104	-1.4778147269990465	1.2679685249646389	0.2637240707451507	0.2426682987016034	-0.374403811932596	-0.1633186482083504
0.0304755767	0.0395171425	0.0327931318	0.0577393815	0.0679129339	0.0453371161	0.0109333732	-0.0892605018	-0.0321806203	0.0816003433	0.0	0.0	0.0	-0.047795	-0.0223498	-0.0335956	0.00493012	0.000532715	0.00132402	0.151131884	0.018320579159982	1.2247365461868942	1.5259620413619797	-0.2317131337426912	0.4947216548533853	-1.8195139707306205	0.0846379846679973
-0.0486794001	0.078989445	-0.111060739	-0.0685746354	0.0102435064	0.0695833294	0.0097233977	-0.0898046638	-0.028734448	0.0837217722	0.0	0.0	0.0	-0.0524159	-0.0130191	-0.015139	0.00481625	0.000821972	0.00170106	0.0714165499999999	-0.0818025864911379	0.2445559385186052	1.3496590064553442	-0.7961215334452866	0.1208208601031982	1.8932244340071107	0.089384893156065
-0.043574962	-0.0132588338	0.0599737348	-0.055488331	0.0715033859	0.0413290292	0.0085117137	-0.0902857102	-0.0252428406	0.0856078805	0.0	0.0	0.0	-0.047773	0.046105	-0.00518325	0.00413943	0.000841501	0.00132402	0.1273921999999999	0.0119857478790191	-0.0670962972194291	1.2331141800062335	1.598490731404176	0.0601352612716457	0.4764580883219806	-0.1004552809703319
0.0254537212	-0.0381427883	-0.0448250164	0.0183697946	-0.0279243131	0.0663357601	0.0072985341	-0.0907033029	-0.0217113192	0.0872533671	0.0	0.0	0.0	-0.0530138	-0.0169433	-0.0367467	0.00495322	0.000667177	0.00132402	0.1492582499999999	0.0092703857808393	-0.461603227026269	1.534289444682405	-0.8981171071640004	0.4862419952458786	0.556480344273713	0.0836232788961814
-0.0736809326	0.0877909695	-0.0007853746	-0.102212747	-0.032257884	0.0432262824	0.006084072	-0.0910571485	-0.0181454677	0.0886536067	0.0	0.0	0.0	-0.0530146	-0.0159272	-0.00349351	0.00523743	0.000785106	0.00168927	0.07263954	-0.0905511659151825	-1.3077864363969816	1.2242113058474384	1.201265454327647	0.0499824269290299	0.4746349952190329	0.1683644929777561
-0.0345363948	-0.055023462	0.0050748293	0.0292228737	0.0815592407	-0.0922971329	0.004868541	-0.0913469983	-0.0145509244	0.0898046638	0.0	0.0	0.0	-0.0477825	0.0286169	-0.0156132	0.00408112	0.000858384	0.00132402	0.14163779	-0.1376156247094877	1.3776095443075576	1.2963389749295906	-0.2820418498194532	0.0752595255111483	-1.98679451764264	-0.0337746974598474
0.0126402404	0.0168132817	-0.0163703144	-0.0253393741	-0.0699570304	-0.0460211812	0.0036521544	-0.0915726486	-0.0109333732	0.0907033029	0.0	0.0	0.0	-0.0500382	0.000637931	-0.0432694	0.00551525	0.000983488	0.00132402	0.135852569	-0.2649238298407624	0.8008162397510609	1.2334249187057933	-0.4109606540563455	0.3858769783716896	1.1910381150043956	0.0719781223333908
-0.07342963	0.0235134143	0.0791763489	0.0007972115	0.0090188075	0.042749458	0.0024351262	-0.0917339407	-0.0072985341	0.0913469983	0.0	0.0	0.0	-0.0477923	0.000620937	0.0089389499999999	0.00468426	0.0011397	0.00127257	0.106403844	-0.1770540812885032	0.3112424254314171	1.242553224872553	1.8323846410962428	-0.1361882499979424	-0.0138722898136277	0.1764325718632022
-0.0264889699	-0.0806603862	-0.0410831126	0.0483060211	0.0761083098	-0.0274458505	0.0012176701	-0.0918307613	-0.0036521544	0.0917339407	0.0	0.0	0.0	-0.0521842	0.0267112	-0.00955425	0.00431726	0.0012904	0.00110218	0.083379863	0.0077934961460998	-0.129212575039629	1.3192909389985503	-1.0139743727990094	0.0208962558101477	-1.037300243863091	0.0429048410021883
0.0015148274	0.0120266593	-0.0003367558	-0.0807769167	-0.0250535332	0.0285907832	0.0	-0.0918630424	-0.0	0.0918630424	0.0	0.0	0.0	-0.0631086	-0.0140734	-0.0253693	0.0053853	0.0012904	0.00132402	0.13201805	-0.0975516834631821	-0.7710638473135331	1.4200432590777998	-0.1413077999263475	0.2694406694593712	0.0542075332448436	0.210930934237973
-0.0514003682	0.0192404287	0.0565522197	0.0112810574	0.0039185945	-0.007319103	-0.0012176701	-0.0918307613	0.0036521544	0.0917339407	0.0	0.0	0.0	-0.0741169	0.0086336799999999	-0.00114686	0.00487376	0.00116267	0.0011404	0.0990823199999999	-0.0970383602591457	0.7382786038258059	1.2863352147500502	1.672065475588435	-0.1782542247279968	0.0055907512031886	0.2102945021900567
0.0121475289	-0.0920407288	-0.0064909052	0.0569131049	0.0268239148	-0.0434299286	-0.0024351262	-0.0917339407	0.0072985341	0.0913469983	0.0	0.0	0.0	-0.0673425	0.0215957	-0.0138408	0.00512852	0.00145296	0.000890417	0.0721820099999999	-0.0018745491327938	-0.8384891509165292	1.342301703916685	-0.991174429354464	0.1600216445187607	-1.4713743739201115	0.1409785212069156
-0.0094417204	0.0532449607	0.0004279583	-0.0729843941	-0.1131575017	0.0014808249	-0.0036521544	-0.0915726486	0.0109333732	0.0907033029	0.0	0.0	0.0	-0.0673144	-0.0098595	-0.0362176	0.00613722	0.0012904	0.00121332	0.12856825	-0.243599857924654	-0.0240335989268419	1.1397985445788887	-0.2212564178923938	0.1701934743002804	1.21219802792636	0.3549810402574576
-0.0198202549	0.0161952196	0.083969601	-0.0505405574	0.0272445002	0.0296714878	-0.004868541	-0.0913469983	0.0145509244	0.0898046638	0.0	0.0	0.0	-0.0673392	0.0113705	0.00110865	0.00492757	0.0012904	0.000890417	0.1352087	-0.1529369505173114	-0.9249997547256646	1.3938227709260331	1.7367963677643523	-0.0911645548500382	-0.1506628532842857	0.3379718251550044
0.0571337107	-0.0867092285	0.0324553645	0.0477482068	0.0302252712	-0.0230830105	-0.006084072	-0.0910571485	0.0181454677	0.0886536067	0.0	0.0	0.0	-0.0564244	0.00699432	-0.0410296	0.00536534	0.0012904	0.00112178	0.09088588	0.1221097569900623	1.5908756375341746	1.4236525449378017	-0.2762404055395365	0.3307742987453194	-1.555008404479625	0.288351973684529
0.0017353061	0.0689348133	-0.0481690389	0.0555673338	-0.0530383442	0.0271096275	-0.0072985341	-0.0907033029	0.0217113192	0.0872533671	0.0	0.0	0.0	-0.0720846	-0.0224161	-0.0366611	0.00642027	0.00153698	0.00127692	0.12227162	0.0876227653278402	0.1258999759826684	1.1675697795947149	-1.2961528460976988	0.2684155180940787	0.803082258458831	0.4131934778017547
-0.0191069955	0.0417783595	-0.0694780741	-0.0186499295	-0.0437253941	0.0742833848	-0.0085117137	-0.0902857102	0.0252428406	0.0856078805	0.0	0.0	0.0	-0.0673017	0.000525772	-0.00105443	0.00543772	0.00166451	0.00122253	0.1215549419999999	-0.0824205170686189	-0.3833607313562516	1.1478618064025277	-0.4156010415093523	-0.2215031048225898	1.366809825634039	0.3764087632240026
0.0185421483	-0.0724900219	0.0644252455	-0.0711080096	0.0921190507	0.0073347104	-0.0097233977	-0.0898046638	0.028734448	0.0837217722	0.0	0.0	0.0	-0.0641507	0.0261957	-0.0261092	0.00534811	0.00166451	0.000890418	0.074961798	0.1236276102022994	-0.4272803740107664	1.1165065378114158	1.517264817177707	0.0574208929939353	0.5478018211806821	0.2723198999002986
0.021025943	0.0622819454	-0.0160622651	0.1185112553	0.0291199482	0.0531863759	-0.0109333732	-0.0892605018	0.0321806203	0.0816003433	0.0	0.0	0.0	-0.0673116	-0.0289658	-0.0261636	0.00657059	0.00191015	0.00123396	0.1489599	-0.0095569302067602	-0.1397249175640473	1.145750792320693	-0.7262805729566316	0.1812269845231083	-1.6146352490255818	0.5233579824324984
-0.0402143826	0.0322114922	-0.0937153279	-0.073875409	-0.0294522747	0.0141188099	-0.0121414276	-0.0886536067	0.0355759084	0.0792495569	0.0	0.0	0.0	-0.0673023	0.000494417	0.0353773	0.00476456	0.00199769	0.00123106	0.185833917	-0.1509225766544066	0.4428001657932219	1.165191231715243	-0.927980345274428	-0.4382734941324164	1.7970725340460547	0.4234307318325115
0.0132328688	-0.0476959764	0.0395923301	-0.0822425436	0.0798096525	-0.0317295745	-0.0133473487	-0.087984405	0.0389149436	0.0766760201	0.0	0.0	0.0	-0.0458206	0.0241831	0.0111686	0.00473528	0.00225222	0.00126686	0.085359583	0.0123013007664956	-1.0628574797937782	1.0751009142217751	1.419967035722023	-0.2140673949298407	0.486141985241203	0.2629935638036855
-0.044690019	0.0464308127	0.034281806	0.0693984752	-0.0028637878	-0.0757111634	-0.0145509244	-0.0872533671	0.0421924464	0.0738869668	0.0	0.0	0.0	-0.0501867	-0.0271993	0.0154366	0.00559995	0.00243836	0.00118986	0.116407	-0.3038997360744135	0.4421379893641841	1.1519895552326265	-0.6995863748595375	-0.2620366899971771	-1.1504372167305958	0.450714785715673
-0.0888383029	-0.0110768577	-0.0547903762	-0.0547159436	-0.048952034	-0.0329392837	-0.0157519435	-0.0864610066	0.0454032342	0.070890236	0.0	0.0	0.0	-0.0555199	0.0264766	0.0748546999999999	0.00457484	0.00252575	0.00131124	0.1801211999999999	-0.2447751918770575	0.0409156056416663	0.7114489231380016	-0.8934656647500012	-0.8886606144493103	1.6976463188976307	0.3190626913054386
-0.0078932073	-0.0981349391	0.095473642	-0.0265686069	0.0094216532	-0.0683078701	-0.0169501947	-0.0856078805	0.0485422302	0.067694251	0.0	0.0	0.0	-0.0405117	0.0232616	0.0283199	0.00474036	0.00252575	0.00111519	0.0828364999999999	-0.0795514002828732	-0.4217565305575971	0.8756640754796926	1.519315054503175	-0.5021896238184202	0.9279236870973824	0.2656323978258464
-0.0326761725	0.0238598022	0.0270652599	0.08024709	-0.0180505202	-0.0751358614	-0.0181454677	-0.0846945884	0.0516044709	0.0643079948	0.0	0.0	0.0	-0.0555291	-0.0123726	0.0264136	0.00565391	0.00252575	0.00112793	0.0988724	-0.2394683063683026	0.1545779475929589	0.9928550727893396	-0.8546173585815758	-0.4497894944557979	-1.2278219758203537	0.4409390007474388
-0.0698701608	0.0103272982	-0.0986095051	-0.0255252229	-0.0405211721	-0.0398830447	-0.0193375523	-0.0837217722	0.0545851143	0.0607409853	0.0	0.0	0.0	-0.0555263	0.000478851	0.0725345	0.00521337	0.00252575	0.00117846	0.0835286509999999	-0.1739025784333896	0.4280322051417852	0.7623566474748031	-0.8833590779366465	-0.8657111217255059	1.788028240881038	0.4977016054731817
-0.0362695212	-0.0616342999	0.0196798245	-0.0685915776	0.0642907443	-0.0703445251	-0.0205262391	-0.0826901155	0.0574794475	0.0570032484	0.0	0.0	0.0	-0.0555409	0.0572362	0.080931	0.00477178	0.00252575	0.000963959	0.097972999	0.0277035500016976	-1.4066269388954815	0.5213945413511263	1.245899474078594	-0.9708434844825844	-0.1620081784986286	0.3091443017628966
0.0141968321	-0.0367290302	0.0524517337	0.0559193359	0.0212320744	-0.0649996066	-0.0217113192	-0.0816003433	0.0602828939	0.0531052899	0.0	0.0	0.0	-0.0612436	-0.00273196	0.0425782	0.00597118	0.00288481	0.000890417	0.18562376	-0.0606304604916261	1.2047064207688458	0.894024276558144	-0.2946227077672698	-0.5452393969609765	-1.9422201003489656	0.510762418030115
-0.0387523503	0.0470659041	-0.1025750486	0.0327391517	-0.0104433241	-0.0613432911	-0.0228925844	-0.0804532217	0.0629910206	0.0490580661	0.0	0.0	0.0	-0.0636273	0.0103043	0.0654494	0.00599088	0.00252575	0.000890418	0.0572292099999999	0.1840867242188167	0.3756392509925015	0.5026254730697953	-1.3545950197702623	-0.8715058101729057	1.1436034949504306	0.5666579276247793
-0.0033858057	-0.039332172	-0.0563044604	-0.1207023381	0.0599893813	-0.0376352312	-0.0240698272	-0.0792495569	0.0655995455	0.0448729527	0.0	0.0	0.0	-0.0754283	0.0561824	0.0630379	0.00503947	0.00278513	0.000890418	0.1206301	0.1213770660427031	-1.1220336185509474	0.5610022896588668	0.3201318686067534	-0.8756006254682647	-0.3050080773413077	0.3536099944005217
0.0574142317	0.0284510822	0.0527735336	-0.0006794695	0.0407021987	0.0114947777	-0.0252428406	-0.0779901946	0.0681043441	0.0405617128	0.0	0.0	0.0	-0.072479	-0.0127518	0.022115	0.00605217	0.00275265	0.000890418	0.1650654	0.088980365894435	2.0668634201804994	0.9053252825483954	0.6376580636402636	-0.4071392461444319	-0.723427975867665	0.5593639491835392
-0.0081626739	0.0544014522	-0.0835765322	0.014514719	0.0291024994	-0.0021162883	-0.0264114187	-0.0766760201	0.0705014557	0.0361364644	0.0	0.0	0.0	-0.0753866	0.00900878	0.0581734	0.00537766	0.00261774	0.00103303	0.10832818	0.1044952575565558	-0.1900809695726605	0.8499891269321118	-1.235622934661647	-0.7743643190132298	0.6478425568438306	0.601742523857102
0.0936382105	-0.0565068671	0.0019720128	-0.0393046581	0.0257698462	-0.0246111195	-0.027575356	-0.075307957	0.07278709	0.0316096456	0.0	0.0	0.0	-0.081377	0.0202915	0.00523598	0.00552188	0.00320623	0.000890418	0.11397664	0.3199496904979424	-1.6064487122182778	0.7873392555831387	0.408752392852701	-0.3453882045479234	-0.4861809842439014	0.452857145219273
0.0281638647	0.0992573027	0.0784922754	0.0369880313	0.0348788715	-0.060585858	-0.028734448	-0.0738869668	0.074957633	0.0269939802	0.0	0.0	0.0	-0.0878744999999999	-0.0192326	-0.00131463	0.00660883	0.00279111	0.000890418	0.12767571	-0.1802193840094439	1.9826890566290671	0.8426514647965824	0.6593842494211809	-0.3228308911207612	-1.0603950151792376	0.7280508591437059
-0.0166620992	0.053645799	-0.0989491292	0.0312762868	-0.0293458261	-0.1016092684	-0.0298884911	-0.072414048	0.0770096525	0.0223024417	0.0	0.0	0.0	-0.0950424	0.0208294	0.0526295	0.00572993	0.0027319	0.000890418	0.14807953	-0.0521197440393856	0.1218208751352577	0.6379623091473865	-1.3466434528817892	-0.8350726934198904	0.8594719479484425	0.586815394784094
0.0807765669	-0.0278706946	-0.0299143477	-0.058058507	0.0427528313	-0.0935414781	-0.0310372824	-0.070890236	0.078939904	0.0175482166	0.0	0.0	0.0	-0.0918564	0.0268287	0.00324865	0.00601631	0.00290327	0.000890418	0.08145365	-0.0141728070821201	-1.9419764766245025	0.8007784601700875	0.3701955168913368	-0.4027433157971163	-1.076524282381975	0.5713044929169043
0.0511396548	0.0714378122	0.1033945742	0.0273022672	0.0423402178	-0.0398973765	-0.0321806203	-0.0693166017	0.0807453353	0.0127446681	0.0	0.0	0.0	-0.0973252	-0.0325287	-0.002068	0.00686605	0.00307336	0.000890418	0.12113435	-0.1069336239934952	1.6184150340648136	0.8167001711738444	0.7030560301438347	-0.3491031607961664	-0.90961232685337	0.8019137733165128
0.0652334127	0.0595964716	-0.0716147291	0.0550696827	0.0190062319	-0.095205769	-0.0333183036	-0.067694251	0.0824230915	0.0079052975	0.0	0.0	0.0	-0.102672	-0.0021566	-0.00464136	0.00727848	0.00276114	0.000706947	0.0836983099999999	-0.0523258193828248	0.1883530250050877	0.6964237900856827	-1.2000652904350704	-0.4077695755746632	-0.5413840872568065	0.979669215774521
0.1352811768	-0.0029191489	-0.1264474851	0.0069879912	0.0380872914	-0.0449642457	-0.0344501326	-0.0660243242	0.08397052	0.0030437072	0.0	0.0	0.0	-0.101863	0.0203564	-0.0422906	0.0072505699999999	0.00304389	0.000660753	0.07881394	-0.102009037070221	0.1713688222657116	0.7109696841774813	-0.6883100958745005	0.0201924825375872	1.1316846479143885	0.8365875002636196
0.1147150557	0.1412612664	0.0716247335	-0.0419459039	0.00965289	-0.0326947506	-0.0355759084	-0.0643079948	0.0853851737	-0.0018264382	0.0	0.0	0.0	-0.0892768	-0.0145416	-0.0524494	0.00761664	0.00279848	0.000890418	0.09970025	-0.3526046881142192	-0.9832307639027962	0.7082512510740431	1.5147502054267523	0.1077904580979224	0.7918679090013482	0.8554584068314683
-0.0138435442	0.1006626986	-0.0206257668	0.0715839945	0.0461515751	-0.0752361415	-0.0366954331	-0.0625464692	0.086664816	-0.00669145	0.0	0.0	0.0	-0.0950303	0.00338116	0.0432295	0.00671161	0.0029945	0.000946509	0.17721221	-0.1938089038429981	1.5651366331078962	0.680560650275013	-0.2180008743958334	-0.8218016707124486	-1.437315223086382	0.8745234160118889
0.0364365846	0.0151829957	-0.0784624975	-0.0073024177	0.077233844	-0.1146446549	-0.03780851	-0.0607409853	0.0878074234	-0.0115376538	0.0	0.0	0.0	-0.0950631	0.0323747	0.0170394	0.00676366	0.00312309	0.0007268189999999	0.07523294	-0.3401871376623352	0.3934956245763878	0.6951781389139645	-0.8365285626583883	-0.554592468769706	1.957581207169945	0.7130088298968024
0.0711518346	0.0849501489	0.1013004348	-0.0718319389	-0.0905005554	-0.0499045397	-0.0389149436	-0.058892812	0.0888111892	-0.0163514282	0.0	0.0	0.0	-0.0926961	-0.0203635	0.00106101	0.0078218999999999	0.00295632	0.000890418	0.1405140399999999	-0.3232331942010516	-1.3135564708898395	0.7737988007059293	1.024394986258237	-0.3095832846929848	0.1441348284598978	1.03072198612736
0.0046645113	0.0576616254	0.0748683566	0.0726092594	-0.0639146359	-0.0764202268	-0.0400145395	-0.0570032484	0.0896745262	-0.021119243	0.0	0.0	0.0	-0.0889191	0.0130081	0.0445907	0.0072743699999999	0.00282808	0.000890418	0.11446679	-0.1278831871088508	0.7242825556227848	0.5983696180923632	1.5611182718273058	-0.9164723762689536	-0.7576617538230176	0.9711014745210498
0.0199441389	-0.0517307629	0.0260363098	0.0464497045	0.0271153612	-0.1260143741	-0.0411071044	-0.0550736223	0.0903960694	-0.0258276969	0.0	0.0	0.0	-0.0950524	0.0407742	0.0464614	0.00697151	0.00282059	0.000890418	0.0512875999999999	-0.0135840753286677	-0.0378897461658678	0.5317905291180224	-0.7811549556749509	-0.9554098660129556	-1.5345151248417563	0.8414575436089445
0.044967942	0.050144237	-0.008995573	-0.0544379027	-0.13544861	-0.0609704763	-0.0421924464	-0.0531052899	0.0909746778	-0.0304635559	0.0	0.0	0.0	-0.0822542	-0.0117415	0.0451255	0.00812678	0.00305257	0.000627722	0.1491471	-0.0493612914275682	0.0662690958407504	0.5179372689075968	-0.5615288017123308	-0.8296574289425332	1.0343261760417084	1.1261710101200664
-0.0063101976	0.0348417619	0.0520626297	-0.0313425019	-0.0457243853	0.0241456856	-0.0432703747	-0.0510996347	0.0914094366	-0.0350137895	0.0	0.0	0.0	-0.0951327	-0.000432508	0.0991061	0.00772883	0.00342002	0.000890418	0.129572892	0.0572594540521495	-0.7593994217301808	0.4774240703956704	1.7062633430005612	-1.234289009921498	0.2238400898207776	1.0952277567563773
0.0154560212	-0.0568175647	0.0464578615	0.0184943458	0.0567941311	-0.0735500529	-0.0443407	-0.0490580661	0.0916996582	-0.0394656084	0.0	0.0	0.0	-0.095151	0.0449975	0.0743941	0.007314	0.00342002	0.000663565	0.1022444579999999	0.2509956168099174	1.914479676448831	0.2980421334110278	0.0473270357428733	-1.1875708497357302	-1.8110880317261064	0.9036281428366147
0.0712381228	0.0427160295	-0.0277340699	0.0104618203	-0.0785795979	-0.0150264605	-0.0454032342	-0.0469820191	0.0918448838	-0.0438064995	0.0	0.0	0.0	-0.0951069	-0.0209949	0.0485471	0.00819657	0.00293896	0.000890418	0.17140765	0.0024759576767259	0.2394856612107237	0.6360636404390669	-0.6287475085785276	-0.7111504234341142	1.954971522211008	1.1101607548265953
0.0108887579	0.0815059217	0.0309423367	-0.0288754173	0.0111018397	0.0664501536	-0.0464577906	-0.0448729527	0.0918448838	-0.0480242618	0.0	0.0	0.0	-0.0950937	0.00619464	0.0997908	0.00755324	0.00301568	0.000890418	0.11444894	0.025861996236319	-0.8129988721998651	0.5501868830909425	1.4015215840653448	-1.192092318698289	0.0659984732920792	1.0686917464165466
0.0444734386	-0.0735896126	-0.0071959192	0.0580007445	0.0967813287	-0.0656100156	-0.0475041838	-0.0427323491	0.0916996582	-0.0521070402	0.0	0.0	0.0	-0.0900959	0.0399446	0.0722335	0.00729064	0.00342002	0.000681821	0.11008191	0.1745006987512924	0.0384238816411732	0.5269338134619704	-0.6325174916221807	-1.0359202634057272	-1.0287645225772988	0.9265814344513597
0.0550238035	0.0627127146	0.0210494863	-0.0683276918	-0.1094069956	-0.0139925914	-0.0485422302	-0.0405617128	0.0914094366	-0.056043359	0.0	0.0	0.0	-0.102443	-0.012512	0.0378721	0.00829739	0.00342002	0.000890418	0.1599324499999999	0.0364428773857256	-1.3241369330728794	0.5532404293638483	0.056819696219175	-0.7426320772520727	-0.0702998484780676	1.162417220752708
-0.0191046226	0.0489898153	0.0790596798	0.0573680743	-0.03243004	0.0264799259	-0.0495717471	-0.0383625694	0.0909746778	-0.0598221543	0.0	0.0	0.0	-0.095147	0.00916949	0.100776	0.00777497	0.00342002	0.0007217779999999	0.12643439	-0.0060564437453182	1.6430074430558474	0.4389913719582817	1.2937684504335965	-1.317521204648994	-0.6404357578215357	1.1210839118734997
0.0373498424	-0.0747756572	-0.0279348028	0.0354349339	-0.0230695783	-0.0899227878	-0.0505925538	-0.0361364644	0.0903960694	-0.0634328049	0.0	0.0	0.0	-0.0951694	0.0443921	0.0638848	0.00771931	0.00342002	0.000576185	0.08219886	0.1439120571074724	-0.3822491032690934	0.4232199744511248	-1.3215452957079807	-1.0023935292509878	0.0810784422116971	0.987722671130963
0.0568690508	0.0186401896	-0.013134023	-0.0571075524	-0.162597696	-0.0086972171	-0.0516044709	-0.0338849624	0.0896745262	-0.066865162	0.0	0.0	0.0	-0.086955	-0.00851065	0.0587887	0.0085031199999999	0.00342002	0.0007521729999999	0.1142031499999999	-0.0223306434519403	-1.2373967589600483	0.5222387512174098	-0.1033093002472047	-0.8455095488858324	0.616772543555504	1.2187893736939577
0.0024725746	0.0408501648	-0.0182178841	-0.0258023067	-0.0906425712	-0.0353096841	-0.0526073205	-0.0316096456	0.0888111892	-0.0701095784	0.0	0.0	0.0	-0.0951327	1.13973e-05	0.0581275	0.0089328199999999	0.00342002	0.000890418	0.0457581972999999	0.1017027780835406	0.0296163561425408	0.1112912175862592	0.2430550257006848	-1.1234153587288516	1.8198280323015723	1.2443712752495857
-0.0078739774	0.0372152668	0.0636447255	-0.0707755329	0.0354132729	-0.009206006	-0.0536009265	-0.0293121133	0.0878074234	-0.0731569346	0.0	0.0	0.0	-0.0890921999999999	0.0645809	0.11007	0.00777934	0.00342002	0.000890418	0.1802265026999999	0.1318002861826006	-0.8474357872345816	0.2374821025593637	1.1118628719794497	-1.3952351619203358	-0.0055088232330504	1.076228400408467
0.0357425783	-0.0678167438	0.0270332396	0.0667732408	0.0536042941	0.0257117369	-0.0545851143	-0.0269939802	0.086664816	-0.0759986654	0.0	0.0	0.0	-0.0779954999999999	0.0116044	0.101388	0.00736249	0.00360983	0.000614723	0.1168729499999999	0.1400970421849606	1.246532658694789	0.5197702347696921	-0.1856829923994523	-1.2654879601444784	-1.7887662323705609	1.047603949107522
-0.0511053575	0.0683300563	-0.0601198791	-0.0057030876	-0.0214131718	0.0323208384	-0.055559711	-0.0246568755	0.0853851737	-0.0786267835	0.0	0.0	0.0	-0.0802096	-0.0158851	0.134539	0.007664	0.00342002	0.000545553	0.0908790999999999	-0.041111340238579	0.2485801847213037	0.3511687287214263	-0.8087380535627616	-1.535446527312872	1.6695995450950432	1.0799941587061477
-0.0397337666	0.0225073273	-0.0119793263	-0.0840085432	-0.0246603889	0.0452622459	-0.0565245452	-0.0223024417	0.08397052	-0.0810339018	0.0	0.0	0.0	-0.0753485	0.0396713	0.173481	0.00711893	0.00342002	0.000586692	0.12866995	-0.034794173340872	-1.1743231944289796	0.1736735172199299	0.9759977315826428	-1.7819946316725297	0.1663357083811732	0.979701786732782
0.0423208989	-0.1182397711	0.0550201994	-0.0037869564	0.0579362344	-0.0552549312	-0.0574794475	-0.0199323335	0.0824230915	-0.0832132545	0.0	0.0	0.0	-0.0792728999999999	0.0367585	0.093034	0.00748182	0.00359684	0.000524049	0.1174018499999999	0.2751229869544514	2.143362082243194	0.2937356823818994	0.8172971670080886	-1.3149193180431482	-0.2410228383415786	0.9703897883194508
0.0153511741	0.0425274997	-0.0351828414	0.040294714	-0.0689882028	0.0149406173	-0.0584242501	-0.0175482166	0.0807453353	-0.0851587161	0.0	0.0	0.0	-0.09516	-0.00860402	0.0929666	0.0083103399999999	0.00353167	0.000692635	0.1144308199999999	0.0621611657588985	-0.3988322379744328	0.4155468749579182	-1.0554469584412156	-1.1009516953363248	0.5382794776819528	1.1742248231975736
-0.0447070673	0.041204221	-0.0640234569	-0.0343634125	-0.076276613	0.0062774946	-0.0593587869	-0.0151517667	0.078939904	-0.0868648184	0.0	0.0	0.0	-0.0951517	0.0150317	0.12727	0.00741786	0.00342002	0.000679428	0.1088142699999999	-0.1776865380983276	-0.5566921526985269	0.4112618741505688	-0.2706476649925989	-1.5538469237953307	0.9691666215283103	1.195994975985838
0.0101504153	-0.059508361	0.0682859276	-0.0115720181	0.1066274592	-0.0154732689	-0.0602828939	-0.0127446681	0.0770096525	-0.0883267658	0.0	0.0	0.0	-0.0952399	0.0625694	0.100017	0.0073664	0.00388656	0.000518476	0.1088264999999999	0.198719912556213	0.0448671583512397	0.2577322764887886	1.544973043738462	-1.3470230578899045	0.6329942538166914	0.9804632592698092
0.0344473161	-0.0051237876	-0.0025489856	0.0831970178	0.007813886	0.0361495321	-0.0611964085	-0.0103286123	0.074957633	-0.0895404494	0.0	0.0	0.0	-0.0951372	-0.0194938	0.0699193	0.0079852399999999	0.00348239	0.000890418	0.1820111999999999	0.1581612553667024	-0.9261177401223232	0.6603025036977973	-0.8855684339106592	-0.955055564548814	-1.138398737184782	1.2498583106850774
-0.0313335525	0.037718814	-0.0733831806	-0.0375941988	-0.031044415	0.0597968469	-0.0620991702	-0.0079052975	0.07278709	-0.0905024577	0.0	0.0	0.0	-0.0951756	-0.00378454	0.119711	0.0077922	0.00370428	0.000720128	0.0948003599999999	-0.047340077824985	-0.3698188935078187	0.3874822195404761	-0.4110955456583972	-1.4423907269175282	1.1489824989487338	1.1739314096915257
0.0180181027	-0.0447688602	0.0764619699	-0.0570836083	0.0844484384	0.009396504	-0.0629910206	-0.0054764268	0.0705014557	-0.0912100867	0.0	0.0	0.0	-0.0951423	0.0447113	0.0750969999999999	0.0080088299999999	0.00342002	0.0007600909999999	0.12018579	0.1777074259240859	0.0779108977851812	0.2226040360227469	1.5551631347909791	-1.1694051363866311	0.5260541335146708	0.9921366412691388
0.000976128	0.080451093	-0.0219826699	0.1081173273	-0.0319523224	0.0292651865	-0.0638718027	-0.0030437072	0.0681043441	-0.0916613475	0.0	0.0	0.0	-0.0951327	-0.0113522	0.0815030999999999	0.00843685	0.00342002	0.000890418	0.0903965499999999	-0.1020046703140502	-0.8228394290119863	0.6175137763435307	-0.8956889306375725	-0.9677670279362368	-0.7777693744152546	1.240943565885144
-0.0846674399	0.0456502172	-0.0509456103	-0.0738506336	-0.0274102088	0.0312387392	-0.064741362	-0.0006088484	0.0655995455	-0.0918549718	0.0	0.0	0.0	-0.0951387	0.0343971	0.155314	0.0071619	0.0034719	0.000890418	0.1859076999999999	-0.2283860537260771	-0.4024030541613529	0.3565394470213027	-0.5207283641559332	-1.7628358842477307	1.0998981212673469	1.1299666668385884
-0.0220065036	-0.0964444399	0.0775472987	-0.0457268892	0.0689179017	-0.0009219719	-0.0655995455	0.0018264382	0.0629910206	-0.0917904153	0.0	0.0	0.0	-0.0818631999999999	0.034412	0.118385	0.0072209199999999	0.00353048	0.000890418	0.0560994	0.0745823283433192	-0.9347429994079328	0.4902540568757218	1.423487438680371	-1.3265459402057989	0.2405043051916494	1.0280968061311648
-0.0591245986	0.0559675541	0.0165260265	0.0731251459	-0.0110970983	0.0065333099	-0.0664462025	0.0042604413	0.0602828939	-0.0914678594	0.0	0.0	0.0	-0.0993695	-0.0033309	0.0988671	0.0081642799999999	0.00342002	0.000890418	0.1274580999999999	-0.2875271506028776	0.2090609897257528	0.5467131955526666	-0.6187495760028943	-1.202024303808447	-1.5726418845333958	1.2359713702980066
-0.0863423172	-0.0030794514	-0.0864682778	-0.0208910469	0.032128972	0.0233537804	-0.0672811843	0.00669145	0.0574794475	-0.0908882107	0.0	0.0	0.0	-0.0924766	0.0419433	0.144123	0.00747465	0.00342002	0.000890418	0.1319044999999999	-0.1615151664595952	0.0047680811821946	0.222794934406839	-1.2477420432375828	-1.6624017565764897	1.0401801817646332	1.0826903699905317
0.0188872925	-0.1437200667	0.0062025904	-0.0759469647	0.0287333779	0.045387747	-0.0681043441	0.0091177559	0.0545851143	-0.0900530986	0.0	0.0	0.0	-0.0952049	0.032982	0.0970928	0.00753846	0.00365841	0.000501838	0.0932588	0.2924921584695588	-2.103025678454915	0.4485116406179477	0.7521316713168744	-1.1856837080643394	-0.4398290815984933	1.01566599040857
-0.0275702307	0.0051876819	0.0592149066	0.0544974308	0.0310257644	0.0886821648	-0.0689155372	0.0115376538	0.0516044709	-0.0889648703	0.0	0.0	0.0	-0.0951327	-0.0219745	0.0970723	0.0081223	0.00342002	0.000890418	0.1155897	0.0394788043840863	1.586003905958882	0.7027243567197905	0.2447176516288281	-1.0957445119348157	-1.4413833646327736	1.2298685206571796
-0.0753777731	0.0084448813	-0.1142449335	0.0349201973	-0.0128069652	0.0894059351	-0.0697146213	0.0139494429	0.0485422302	-0.0876265845	0.0	0.0	0.0	-0.0951385	0.0171922	0.131007	0.0078899999999999	0.00348584	0.000890418	0.0880132	0.1988015442765985	0.0928369552390069	0.3550479497262664	-1.4185479104234873	-1.4697705846671694	0.7186467762604231	1.118411858557103
-0.0616276562	-0.0189610238	-0.0299160292	-0.1300964633	0.0908477899	0.0208541361	-0.0705014557	0.0163514282	0.0454032342	-0.0860420028	0.0	0.0	0.0	-0.0844213	0.0537663	0.105191	0.00758656	0.00342002	0.000890418	0.0915702999999999	0.0206456803029977	-1.3741002121496808	0.2876783194928431	0.246921326408006	-1.385871222150977	-0.5356409449664887	0.9890997255815884
-0.0230566259	0.0118195811	0.0692578297	0.0132910955	0.0593396094	0.0484927597	-0.0712759023	0.0187419216	0.0421924464	-0.0842155791	0.0	0.0	0.0	-0.0781122999999999	-0.0085844	0.0814662	0.0085943	0.00334678	0.000779487	0.15198005	-0.0751607603354615	1.4748954023620469	0.5602273394396077	0.6857088685287372	-0.9587540599006344	-0.6658443636245537	1.21430787600028
-0.1174276786	0.0307287114	-0.0445982505	0.0736648044	0.0450383578	0.0556291629	-0.0720378251	0.021119243	0.0389149436	-0.0821524469	0.0	0.0	0.0	-0.0951282	-0.0159423	0.0914083	0.00843348	0.00335595	0.000890418	0.0483619499999999	-0.2123154373027445	0.1701895862359377	0.4533412304022033	-1.20891438885403	-1.1747292822956734	-0.4515650271197218	1.293521758851588
-0.1145845381	-0.0360277288	-0.0842557901	-0.0518737544	0.0138623842	0.0067142732	-0.07278709	0.0234817216	0.0355759084	-0.0798584053	0.0	0.0	0.0	-0.0907235	0.0525548	0.145568	0.0074652299999999	0.00348689	0.000890418	0.182021	-0.2285500373594112	-0.3254627553102215	0.334229621697867	-0.956179006545012	-1.5833250833322174	1.363834284389905	1.1092689571892589
-0.0225077832	-0.1401810152	0.0732647574	-0.0514539377	-0.0221227841	0.0319577017	-0.0735235656	0.0258276969	0.0321806203	-0.0773399021	0.0	0.0	0.0	-0.0951327	0.0225152	0.0727471999999999	0.00785243	0.00342002	0.000890418	0.1299731	-0.0925132257765706	-1.6673717465324789	0.6970233209135546	1.1960750884595173	-0.9759064895367102	0.4306333883995047	1.0960008673027442
-0.1338760132	0.0073357271	0.0871702316	0.0609697961	-0.0297196863	0.0038889361	-0.0742471223	0.0281555204	0.028734448	-0.0746040162	0.0	0.0	0.0	-0.089408	-0.00151486	0.101767	0.00915775	0.00319198	0.00126917	0.1543801599999999	-0.2096402494487601	1.3568346156996698	0.3916648473720266	0.2734831998710516	-1.1238837629175138	-1.4211110473115858	1.3044648543674562
-0.1375351117	-0.0863279121	-0.0362916394	0.0358889316	-0.0215014306	0.056988349	-0.074957633	0.0304635559	0.0252428406	-0.0716584376	0.0	0.0	0.0	-0.0951327	0.0489689	0.150696	0.00780016	0.00342002	0.000890418	0.2033565599999999	-0.0188453819672444	0.0442365793653602	0.4181595098175654	-1.2705613942856997	-1.549923901703954	0.6458704279431612	1.1308419231935345
-0.0461292293	-0.1616401557	0.0275399565	-0.0517307761	-0.0555386595	0.0385362263	-0.0756549729	0.0327501813	0.0217113192	-0.0685114455	0.0	0.0	0.0	-0.0951327	0.0373866	0.0819870999999999	0.0083336	0.00342002	0.000890418	0.1069631999999999	0.3107481688756703	-1.6173141975648069	0.4389963973590391	0.1900931318586546	-1.0578858986285944	-0.805930125849781	1.1456196758064046
-0.1027400675	-0.0105763532	0.1256090047	0.0416636009	-0.039070244	0.051206368	-0.0763390195	0.0350137895	0.0181454677	-0.0651718852	0.0	0.0	0.0	-0.0950449	-0.0179405	0.0819759	0.00917861	0.00290652	0.00125908	0.1417847	0.1198112573438408	1.7557997604633129	0.3856712844453847	1.2848434723685036	-1.034875678619927	-0.1088280087117766	1.3139345347485605
-0.1785494158	-0.0703050124	-0.0374550197	0.0539144522	0.0071747582	0.0306887547	-0.0770096525	0.0372527898	0.0145509244	-0.0616491434	0.0	0.0	0.0	-0.100833	0.0406953	0.137468	0.00786348	0.00303773	0.00103912	0.203231	-0.061297951844776	0.0728851814737798	0.3216070084275539	-1.159375468020005	-1.603344088201062	-0.4605082730088476	1.2270371339900077
-0.081291556	-0.1606608378	-0.0152721546	-0.0472891182	0.0299776241	0.0426868354	-0.0776667542	0.0394656084	0.0109333732	-0.0579531217	0.0	0.0	0.0	-0.103323	0.0376931	0.0958717	0.00818602	0.00333155	0.000890418	0.0853415999999999	0.2157231160302855	-0.4932776647469781	0.3479163230147477	-0.0656454492993921	-1.1666090440342551	-0.0692151779779103	1.10752607694338
-0.1348461529	0.0084607129	0.1272915372	0.0134617188	-0.0235936276	0.1182681953	-0.0783102091	0.0416506902	0.0072985341	-0.0540942086	0.0	0.0	0.0	-0.0950517	-0.0126288	0.0986835	0.0092027	0.00290652	0.00116915	0.1474270999999999	-0.0048793250557585	1.4247787486132115	0.3924214718156242	1.1860133075867232	-1.157191979641616	-0.4538101673842346	1.3798998435420349
-0.1765403148	-0.0809761072	-0.0840587002	0.0770649642	0.0416852081	0.110821983	-0.078939904	0.0438064995	0.0036521544	-0.0500832505	0.0	0.0	0.0	-0.10063	0.0350047	0.157315	0.0076739599999999	0.00323975	0.000998717	0.21346345	-0.0949533883361593	0.2664942900029863	0.3019536194999325	-1.3129236055729516	-1.631252469425596	-0.2060598008938086	1.1459431022450712
-0.0887011342	-0.1842662115	0.0090706484	-0.070316002	-0.0328800104	0.0968098927	-0.0795557284	0.0459315212	0.0	-0.0459315212	0.0	0.0	0.0	-0.0995763	0.0374219	0.0670273	0.00844154	0.00296916	0.000890419	0.151082	0.1324099235468355	-1.148098055702624	0.3358773227359058	0.0920559405173837	-1.0223824507566517	-0.5158743569672982	1.1812659943365929
-0.1911245228	-0.0217762112	0.1034044512	0.0329765886	-0.0247625192	0.0947913318	-0.0801575741	0.0480242618	-0.0036521544	-0.0416506902	0.0	0.0	0.0	-0.100341	-0.0157909	0.10874	0.00914363	0.00290652	0.00102971	0.1408912499999999	-0.1314237854543324	1.9262826400497068	0.3209777268366053	0.7076252350001254	-1.146476195205245	-0.567952747764165	1.3393247809169844
-0.1230405053	-0.1953637448	-0.0662706397	0.0936774102	-0.1311574613	0.0874496768	-0.0807453353	0.0500832505	-0.0072985341	-0.0372527898	0.0	0.0	0.0	-0.107867	0.0364311	0.0998203	0.00817746	0.0027727	0.0011816	0.1312617	0.1974430488675869	-0.2862943978676477	0.4574623278338665	-1.335456145540032	-1.2388941373584366	0.7283121503417522	1.296524792203393
0.1753567245	-0.0890856682	0.1473064329	-0.0423939578	-0.1609300214	0.1427796707	-0.0813189087	0.0521070402	-0.0109333732	-0.0327501813	0.0	0.0	0.0	-0.118471	-0.0277788	-0.179487	0.00825906	0.00171778	0.0014873	0.4262322	0.4523700484725702	-1.8335490094853395	0.3626833333109783	0.9458711377390084	1.6319103668532624	0.2210391443528263	0.721054093767801
0.1951043053	0.0412430476	0.0007160693	0.2008234612	-0.0402907144	-0.0321114083	-0.0818781935	0.0540942086	-0.0145509244	-0.0281555204	0.0	0.0	0.0	-0.107692	-0.041713	-0.239333	0.0086585199999999	0.000803084	0.00196542	0.1741729999999999	-0.3990712080709686	1.544760793999518	0.1087206661654038	-0.3209189634387568	2.200599408118089	-1.7421826242452498	0.5963824096028123
0.1664225685	0.0559653856	-0.1227375847	-0.0027091163	-0.0586996839	-0.0449485442	-0.0824230915	0.056043359	-0.0181454677	-0.0234817216	0.0	0.0	0.0	-0.108657	0.0291675	-0.214819	0.00721895	0.001011	0.00188038	0.1829857999999999	-0.5784900579799607	0.2656145296357071	0.7322592964427626	-1.0698071546454446	1.806403477799216	1.538834194644374	0.6934895445641436
0.2298838238	-0.0406055918	0.0183779958	-0.0382659065	0.0236176965	-0.0409049145	-0.082953507	0.0579531217	-0.0217113192	-0.0187419216	0.0	0.0	0.0	-0.101034	0.0113812	-0.293997	0.0080677	0.00105109	0.00152219	0.1669388	-0.1392175754066743	-0.5869101440062509	0.0695989537054975	1.2411394019258282	2.353310289730018	0.3557712004894985	0.6461393975919146
0.1482816743	0.104501964	-0.0435112908	0.0862929445	-0.0310442623	0.0045635327	-0.0834693467	0.0598221543	-0.0252428406	-0.0139494429	0.0	0.0	0.0	-0.114243	-0.0361752	-0.275583	0.00906441	0.00107202	0.00184149	0.1460263999999999	-0.240225547573116	0.3338934163811625	-0.2641097818420357	-0.8985134193817019	2.144636621631625	-0.8985206424128097	0.8887363733296076
0.0937897206	0.0671365655	-0.138676457	0.0034387751	0.0371527303	0.0731485717	-0.08397052	0.0616491434	-0.028734448	-0.0091177559	0.0	0.0	0.0	-0.106946	0.00160523	-0.195651	0.0076377	0.00122041	0.00152219	0.21972943	-0.0934927790852575	-0.4248380039599165	0.587436892156455	-1.111921461554756	1.6609242118913252	1.2964997197393806	0.8046442934606379
0.1640157999	-0.020674408	0.0127287838	-0.0427471651	0.1207050631	0.0576641699	-0.0844569388	0.0634328049	-0.0321806203	-0.0042604413	0.0	0.0	0.0	-0.100479	0.00159494	-0.247936	0.00785738	0.00128083	0.00152219	0.07276729	0.0943139629207044	-1.0324773088794723	0.1580878246548575	1.2238309593828345	1.928211516570912	0.5032711226704372	0.7089975057206278
0.1382457908	0.085177837	-0.048545793	0.0978166901	0.0528928781	0.0880076481	-0.0849285176	0.0651718852	-0.0355759084	0.0006088484	0.0	0.0	0.0	-0.111717	-0.0612027	-0.263576	0.00907209	0.00128083	0.00174261	0.1614321399999999	-0.0195244235617326	-0.9006524070087915	-0.2761543433121549	-0.7716672168594514	2.19497416787804	-1.2793469042445362	0.824514043493196
0.0909567834	0.0899817709	-0.0795913339	-0.0336877282	-0.0349989799	0.1544009144	-0.0853851737	0.066865162	-0.0389149436	0.0054764268	0.0	0.0	0.0	-0.102683	-0.0354656	-0.202968	0.0080091399999999	0.00128083	0.00152219	0.1595475999999999	0.016587225473479	-0.7771723820804147	0.432632914294412	-0.1449190262390252	1.6246260245104445	0.8224083695415917	0.8384073151840773
0.1101134395	-0.0219887239	0.0181481058	0.0027529092	0.1192776801	0.033519471	-0.0858268268	0.0685114455	-0.0421924464	0.0103286123	0.0	0.0	0.0	-0.101348	-0.00266901	-0.236937	0.00797377	0.00145006	0.00142837	0.0830215899999999	0.2553759378320479	1.7213730976728845	0.2680828177736335	1.010325064205204	1.89733929537078	-0.3739862275472749	0.6121478844369992
0.1165775205	0.0597876281	-0.0955875588	0.014522671	-0.012812437	0.0635479129	-0.0862533992	0.0701095784	-0.0454032342	0.0151517667	0.0	0.0	0.0	-0.10641	-0.0562145	-0.272899	0.0086076599999999	0.00128083	0.00152219	0.13941649	-0.0558116467473754	0.4125183553139453	-0.0582699022312207	-0.8216399818552316	2.1493822334538564	1.854768759765004	0.7864314348089072
0.0734435148	0.0731237595	0.0297253313	-0.0284218382	0.0206385783	0.0724256743	-0.086664816	0.0716584376	-0.0485422302	0.0199323335	0.0	0.0	0.0	-0.120746	-0.0563128	-0.243273	0.00926416	0.00128083	0.00152219	0.0768853	0.0322462960935628	-1.0015942879798918	-0.2644121430092284	1.5623009982161689	1.9531422288422955	0.1837002555458577	0.8831447572028375
0.0613683238	-0.0344439382	-0.0539205698	0.0401785007	0.1040487991	-0.0380887128	-0.0870610049	0.0731569346	-0.0516044709	0.0246568755	0.0	0.0	0.0	-0.0997328	0.00682112	-0.20716	0.0071618	0.00128083	0.00152219	0.22537812	0.0254436682650233	0.2628406815090646	0.6965626251385674	-0.9814493908174886	1.682355793709786	-1.2928914737401351	0.7813251960320844
0.158155703	-0.0271994668	-0.0325451274	-0.0398994895	0.004913292	0.0553795005	-0.0874418964	0.0746040162	-0.0545851143	0.0293121133	0.0	0.0	0.0	-0.105004	-0.0137097	-0.289453	0.00852226	0.00158427	0.00136055	0.19937202	0.0069807495515274	-1.1128995688308754	-0.1922128686718342	0.0878619238910759	2.2070555669621337	-0.6741931367208037	0.6601596403916966
0.0394981712	0.0818725765	0.0178805309	0.0456137514	0.053288044	0.0391497551	-0.0878074234	0.0759986654	-0.0574794475	0.0338849624	0.0	0.0	0.0	-0.108333	-0.0472001	-0.272679	0.00923315	0.00116905	0.00161345	0.1225439	-0.1652308218006541	1.7577860901948987	-0.4061766159560742	0.4074897004300006	2.049177982059012	-0.7414998528580219	0.8671296569155589
0.0512381733	-0.0302452935	-0.1247010075	0.0213633851	-0.0242039932	0.0548986999	-0.0881575217	0.0773399021	-0.0602828939	0.0383625694	0.0	0.0	0.0	-0.108323	0.014832	-0.231332	0.0080269799999999	0.00128083	0.00152219	0.1738496	-0.04224002686286	-0.4215803430561146	0.2715198287520815	-1.264149803936867	1.9085969106272709	0.752624433013721	0.7537958812914672
0.1189692503	0.0063211361	-0.0466846972	-0.0859502913	-0.0308292952	0.0304591338	-0.0884921299	0.0786267835	-0.0629910206	0.0427323491	0.0	0.0	0.0	-0.108395	-0.0222492	-0.338837	0.0104009	0.0010273	0.00126894	0.2886932	0.066583318211945	-1.6254404452363482	-1.3940535632191642	0.3320988953219075	2.3423875292379464	-0.1258252435288834	0.9829651435512232
0.0732214094	0.0735868832	0.0861325251	0.0059354644	0.0514209766	0.0061744392	-0.0888111892	0.0798584053	-0.0655995455	0.0469820191	0.0	0.0	0.0	-0.126773	-0.0544573	-0.338825	0.0118929	0.000861366	0.00129982	0.1350388	0.0050061285026092	0.2588207123960992	-2.122200649769064	1.3633852961833648	2.299346511455476	-0.9620832480266368	1.1584483267575436
0.0605026427	0.074540225	0.0048216556	0.0213012659	0.1044152188	-0.0661281153	-0.0891146434	0.0810339018	-0.0681043441	0.0510996347	0.0	0.0	0.0	-0.14738	-0.0434131	-0.363555	0.0130374	0.00110977	0.000922896	0.1448726	0.0736073933590113	1.3743182500545728	-2.936932341898846	0.2509152929999034	2.1037661543697435	-0.4492524935589574	1.3070779919985334
0.0613098878	0.1261770742	-0.0808928662	0.0070794614	0.1257520906	-0.0369823413	-0.0894024392	0.0821524469	-0.0705014557	0.0550736223	0.0	0.0	0.0	-0.134101	-0.0759567	-0.354833	0.0121096	0.000861366	0.00114951	0.1246854999999999	-0.121993897273168	0.9258934576414546	-2.479414376527805	-1.0944622276798133	2.2720935246076746	-0.4079068840616132	1.270503298301813
0.0045174744	0.1302071411	-0.1243820419	-0.094420067	0.111817351	-0.0249440094	-0.0896745262	0.0832132545	-0.07278709	0.058892812	0.0	0.0	0.0	-0.134101	-0.0319298	-0.297077	0.010012	0.00100854	0.00113853	0.2145706	-0.4422868110767201	-0.6077800413118833	-1.140408662156396	-1.426096035066572	1.9920785155629324	1.4334349541071698	1.1394454744669458
0.0201978836	0.0682461056	-0.0250797173	-0.1602287222	0.116514917	-0.0672250052	-0.0899308564	0.0842155791	-0.074957633	0.0625464692	0.0	0.0	0.0	-0.134031	-0.0386773	-0.3219	0.0104449	0.000861366	0.00123037	0.0652362	-0.6249685627364242	-1.5246665608472365	-1.494767390398159	0.6079950728962484	2.2175134066442688	0.204223181465799	1.0773460658995726
-0.0511924156	0.1584871323	0.0880406874	0.0065165246	0.0135399324	-0.1302336289	-0.0901713849	0.0851587161	-0.0770096525	0.0660243242	0.0	0.0	0.0	-0.124302	-0.0716839	-0.332107	0.0120321	0.000861366	0.00169033	0.1553006	-0.8933118004273196	0.3177687069293995	-2.2956350725160646	0.609056890157148	2.139087058531816	-1.00014294032465	1.2408205431697816
-0.0698158231	0.0277682789	0.0561927095	0.0234388571	-0.0238365856	-0.2291007808	-0.0903960694	0.0860420028	-0.078939904	0.0693166017	0.0	0.0	0.0	-0.117909	0.000184162	-0.279936	0.0107995	0.00136837	0.00131549	0.236154262	-0.7404141132071905	1.560714987802374	-1.3499403237414918	0.5009980573184889	1.8143431909072305	-0.5172273784599982	1.179274949367645
-0.0274016082	-0.0810812823	-0.0043179917	0.0278971888	-0.1121708274	-0.244089891	-0.0906048703	0.0868648184	-0.0807453353	0.072414048	0.0	0.0	0.0	-0.117978	-0.0139834	-0.318418	0.0110631	0.00104938	0.00114363	0.0904410619999999	-0.5331312227251089	-0.6034361475289305	-1.7042213064605118	-1.1835816048330758	2.060763687052503	0.4146805829107212	1.1212210584788942
-0.035585743	0.0140646986	0.0302764297	-0.0959543256	-0.2001979381	-0.144990375	-0.0907977511	0.0876265845	-0.0824230915	0.075307957	0.0	0.0	0.0	-0.117964	-0.0651417	-0.336043	0.0121432	0.000861366	0.00157192	0.1536175	-0.5821078909376561	-1.1312846362946856	-2.297013478579313	-0.1636961372907367	2.1309961766363825	0.7608014827769451	1.2671922143613057
-0.0838855124	-0.0195374937	0.0229704896	-0.0723572467	-0.1770858795	-0.0970370223	-0.0909746778	0.0883267658	-0.08397052	0.0779901946	0.0	0.0	0.0	-0.117981	-0.0159652	-0.254878	0.0106885	0.00110611	0.00118806	0.2345237	-0.2380450784795974	-0.3961501065873949	-1.186348219338193	0.0471391273937173	1.6127373510271472	1.9409763798090152	1.2949191491514973
-0.0229557159	-0.0968398145	0.0341442156	-0.0578581944	-0.0557906992	-0.0905149497	-0.0911356193	0.0889648703	-0.0853851737	0.0804532217	0.0	0.0	0.0	-0.120076	-0.0160375	-0.293114	0.0113473	0.0012268	0.00121478	0.0807137999999999	-0.121261440645614	-1.2104159613694687	-1.739145475961322	0.6304686205565343	1.8905370845818807	-0.0727643505421034	1.1797764562779325
-0.0154201179	0.0410312503	0.1573529867	0.0739036862	0.012231389	-0.0621124995	-0.0912805474	0.0895404494	-0.086664816	0.0826901155	0.0	0.0	0.0	-0.11801	-0.064737	-0.316537	0.012373	0.000861366	0.00128036	0.1470242	-0.3648955670982606	1.325197785338557	-2.398658733810368	0.9607954805388724	2.087918503762361	-0.8695599277235838	1.3171959164665286
-0.0845220908	0.0303648632	-0.0139235812	0.1055447481	0.0308389707	-0.0060425651	-0.0914094366	0.0900530986	-0.0878074234	0.0846945884	0.0	0.0	0.0	-0.117981	-0.0547133	-0.279662	0.011836	0.00104385	0.0013078	0.0842739	-0.1412773625771888	1.5918755478124949	-1.86598592585073	-0.8899409540239909	1.70684530635484	-0.4597566052453145	1.362411556366435
-0.0641117324	-0.0476559598	-0.0444941044	-0.039399593	0.0126184448	-0.0508305422	-0.0915222642	0.0905024577	-0.0888111892	0.0864610066	0.0	0.0	0.0	-0.131844	0.0140151	-0.259722	0.0109388	0.0013359	0.00118101	0.1683333999999999	-0.0901801691276065	0.1758306588575768	-1.4037749079385031	-0.8047872068309225	1.6542715079200083	1.366267456507161	1.212686145252876
0.0097523285	-0.0278063404	0.0884227867	-0.0570520003	-0.02100356	0.0243197824	-0.0916190104	0.0908882107	-0.0896745262	0.087984405	0.0	0.0	0.0	-0.131249	-0.0405914	-0.305433	0.0118216	0.00139615	0.000922896	0.1609706999999999	-0.1803415057383647	-1.2138269441638947	-2.032962562069243	1.1482315053274976	2.0215685415108777	0.4618420252964016	1.281017460592241
-0.0811316676	0.0433809904	0.0536371786	0.0769600167	0.011948993	-0.0119077618	-0.0916996582	0.0912100867	-0.0903960694	0.0892605018	0.0	0.0	0.0	-0.137678	-0.0640133	-0.293296	0.0124917	0.00154241	0.00133285	0.1033035999999999	-0.1067610973964229	1.0408493985811036	-2.23456570283483	-0.4753735986619276	1.7322534609390825	-1.1875732124443206	1.3834480545453551
-0.1067737406	-0.0659479572	-0.0786769292	0.0115394007	-0.0496986259	0.051929232	-0.0917641935	0.0914678594	-0.0909746778	0.0902857102	0.0	0.0	0.0	-0.137755	0.0102362	-0.219212	0.0109692	0.00127122	0.0010336	0.2530575	0.1055365317202452	-0.2956628381164184	-1.2045587741612531	-1.5891737218748612	1.354954811686073	0.7409394230746149	1.3383582704301396
-0.0355122187	-0.0780511173	-0.0360604008	-0.0835793273	-0.0092934572	-0.0135515966	-0.0918126049	0.0916613475	-0.0914094366	0.0910571485	0.0	0.0	0.0	-0.137704	-0.00318286	-0.251721	0.0112124	0.00182105	0.000922896	0.09116576	0.0728416769374891	-1.263840517944258	-1.606884148124325	0.3323557914111287	1.5939967268043145	-0.3592293062263006	1.3103635491507617
-0.0384981842	0.0255030956	0.1257616681	0.0287481521	0.0091570912	-0.0001336014	-0.0918448838	0.0917904153	-0.0916996582	0.0915726486	0.0	0.0	0.0	-0.137724	-0.0475216	-0.267355	0.0124659	0.00154241	0.00102316	0.14161294	0.0483365684896612	0.9898580322012556	-2.267203696666483	1.1647213082683918	1.6855802221768934	-0.388992068251655	1.4176661748419206
-0.1066329157	-0.0263027698	0.0053101401	0.0533916778	0.0196514774	-0.0358488805	-0.0918610248	0.0918549718	-0.0918448838	0.0918307613	0.0	0.0	0.0	-0.143122	-0.0437498	-0.236241	0.0119895	0.00147578	0.00129438	0.0809962999999999	0.0381065872766793	1.406854076171184	-1.7410878259523164	-0.1985879166535282	1.3759882328740607	-0.5733094339285314	1.479212156952309
