0.0	0.0	0.0	0.0	0.0	0.0	0.0	0.0	0.0	0.0	1.0	0.0	0.0	2.8421709430404014e-14	-0.0031747595399167	-3.3040002179518524e-05	-0.0002359999994673	0.0	0.0	0.0	0.6416797019579117	1.2859427693029724	11.795019031863914	-0.2383084309299839	-0.9159476186790486
0.0	0.0	0.0	0.0	0.0	0.0	0.0	0.0	0.0	0.0	0.0	1.0	0.0	2.8421709430404014e-14	-0.0168799516944346	0.0513799600992541	-8.859305430294502e-19	0.0	0.0	0.0769181922293164	0.7306195216214434	1.637780857994578	6.5689287711584425	-0.4383991735195285	-0.2620102243515275
0.0	0.0	0.0	0.0	0.0	0.0	0.0	0.0	0.0	0.0	0.0	0.0	1.0	-1.6090707816829308e-05	0.0436576690510293	0.0574149646599977	-5.5599425673033765e-15	0.000222000028935	4.9912379238645286e-11	0.0776887199566996	0.8125663892624931	1.508903786185545	3.564057873188723	-0.998349955186312	0.0174866716418019
-0.0522822034	-0.0569569317	0.0852563655	-0.1625459542	0.0512735079	-0.0519542674	0.0964459903	0.0964382681	0.0964253983	0.0964073815	0.0	0.0	0.0	-0.0025060885745205	-0.0206093717041397	0.0619008869538646	0.0005929994679741	0.0003069995009084	-9.102086657400856e-08	0.1051474614523402	0.6188587083561007	1.173088772477584	1.4995042258807332	-1.0147643342270074	0.2872362229698045
0.1069876345	0.0143576268	0.0133478883	-0.0848715864	-0.0301411202	-0.0831728827	0.0964253983	0.096355911	0.0962401359	0.0960781287	0.0	0.0	0.0	-0.0065868061065827	0.0757576406065538	0.0665828687509701	0.0002330433649136	0.0003259687512351	-0.0002660380401989	0.1373733302758374	0.8654513617605556	1.3442682122207388	1.0091654486811614	-1.3462490579480295	0.6646649824124846
-0.0485167035	0.0140814886	0.1611552593	0.0366657602	0.037598377	0.0012852382	0.0963842186	0.096191267	0.0958699671	0.0954207476	0.0	0.0	0.0	-0.0073585828707649	-0.0416600269300175	0.0607731565164044	0.0009270287667818	0.0002764037007501	-0.0002071282284456	0.1641221697406441	0.4305719557881258	0.8321920087314446	0.0507443251592482	-1.9196582639641813	0.7948900947210504
-0.0096144769	-0.0191063896	0.0836651122	-0.0218846674	-0.1694638737	-0.0469466007	0.0963224601	0.0959444768	0.0953156031	0.0944374833	0.0	0.0	0.0	-3.01063244165789e-05	0.020958680724874	0.0556756505358038	0.0004680348669252	0.0004839659513591	-0.0001441129169511	0.1115232632798454	0.7885797964398057	1.260535896390084	-0.0092086162375014	-1.4058647967971765	1.0396363611811357
0.1323081491	-0.0399857984	0.0353092101	-0.0171688992	-0.0073795542	-0.0402046488	0.0962401359	0.0956157512	0.0945781089	0.0931316938	0.0	0.0	0.0	-0.0066470592005032	0.0837022638517481	0.0586801184920346	0.0004686474768017	0.0005218677873408	-0.0005651227147642	0.0953412161427565	1.1530149346825518	1.8411176678977543	0.0303780731263484	-0.2825504815463943	-0.3384343144024449
-0.0278013571	-0.0641847354	0.0766249836	0.0016989358	0.0356406682	-0.1048347922	0.0961372637	0.0952053708	0.0936589016	0.0915078388	0.0	0.0	0.0	-0.0105644311841217	-0.0246862556047915	0.0453032717114751	0.0011690899608225	0.0006888479487181	-0.0002609024049481	0.1842648859814276	1.0045669961549768	1.6309713079466	-0.3950525109254768	-0.1277854148086771	-0.721931250244523
0.0968921215	-0.0262183027	0.0028629568	-0.0042204621	0.0302156922	-0.0002135424	0.0960138653	0.0947136862	0.0925597472	0.089571464	0.0	0.0	0.0	-0.0106797227477528	0.0684166020919292	0.0442793076632597	0.0012137125521739	0.0007486572936925	-0.0005659545792223	0.1147163188385672	0.989440629231068	1.2976061641781589	-0.3305804357294996	-0.1018632515393382	-1.4928614118725387
-0.0645427836	-0.0495729784	0.0535960655	-0.0951707905	0.0184916748	-0.0696270702	0.0958699671	0.0941411172	0.0912827574	0.0873291827	0.0	0.0	0.0	-0.0167166703713235	-0.0299986379911558	0.0381637716134832	0.0014781423921782	0.0007282137450295	-0.0003880385337849	0.1337071954616672	0.6130022074514033	0.8130780223300118	-0.6889751518628843	0.1669516267604258	-2.150124337905061
-0.0186945046	-0.0839809098	-0.0268987634	-0.0299890691	0.048895748	-0.042340969	0.0957055999	0.0934881527	0.0898303859	0.0847886526	0.0	0.0	0.0	-0.0178610823169265	0.064849213258995	0.0680336043221245	0.0012226962739407	0.0007781929852461	-0.000502976375116	0.1468802558936551	0.6109928023906517	0.6521619115634609	-0.4205595386916522	0.2717063698822488	-2.205955813459187
-0.0344687345	-0.121614479	-0.0250229457	-0.0264352818	-0.0500383495	-0.0637638787	0.0955207987	0.0927553505	0.088205423	0.0819585503	0.0	0.0	0.0	-0.0188088416197445	-0.0067397787169483	0.0313824902815866	0.0016267241981991	0.0007880395988832	-0.0005661417530665	0.1330398611115991	0.4582776823308037	-0.2219079583071375	-0.512258875931627	-0.0236538688876993	-2.478257628328445
0.052947616	-0.0588650881	-0.1379065803	0.0293728627	0.0196326336	-0.0083248244	0.0953156031	0.0919433363	0.0864109908	0.0788485412	0.0	0.0	0.0	-0.0164409902600084	0.0994216190769634	0.0341077200887554	0.0012781547262066	0.0007122235962484	-0.0004329558852386	0.1391330460835765	0.4484426117578219	-1.9204679706867671	-0.0775048249637888	-0.1269207535630743	-1.1579797791259747
-0.0207008392	0.0075348329	-0.0373832135	0.005542556	0.0295750617	-0.0442935697	0.0950900567	0.0910528036	0.084450537	0.0754692467	0.0	0.0	0.0	-0.0232163608269644	-0.007261413765633	0.0234334464513779	0.0017087275110228	0.0008000172490969	-0.0005661844801731	0.1567124286768899	0.688083962638803	-1.802877823789723	-0.618085056171356	0.4687506818860055	0.4237639921890587
0.0038052177	-0.01025265	-0.0747995927	0.0822813226	0.0578003444	-0.1871661927	0.0948442078	0.0900845128	0.082327828	0.0718322079	0.0	0.0	0.0	-0.0178373179572872	0.0489396953834386	0.056448417942974	0.0010822866013335	0.0009176631439857	-0.0006229967251672	0.1346400759889549	0.5426090120724024	-1.7870521329603737	-0.4769525503283423	0.4145364270669306	0.2783084137749415
-0.0701003597	-0.017894599	-0.0656849855	0.0852935263	0.0408328224	-0.0112518711	0.0945781089	0.089039291	0.0800469425	0.0679498459	0.0	0.0	0.0	-0.0178776525156649	-0.01339444708411	0.0385372542378235	0.0016717544684203	0.00102908675583	-0.0004928613275387	0.1218369845590568	0.7193645500772418	-1.7005559100077112	-0.4894611808924192	0.7673250797531003	0.7076559445059979
-0.0364096252	0.0905463707	-0.0892491726	0.0389108698	0.0202385327	-0.0391025705	0.0942918168	0.0879180306	0.0776122625	0.0638354201	0.0	0.0	0.0	-0.0178469866343675	0.0673054694022283	0.0337920100508313	0.0017838260137432	0.0009388848295834	-0.0006908384224333	0.1054883548778328	-0.4832537378106614	-0.4935142677746785	-0.3642985995684524	1.21006429677861	1.1258131962041782
-0.0803842724	0.1114691893	-0.0153399981	-0.1129936416	-0.0197070117	0.0003296591	0.0939853925	0.0867216892	0.0750284658	0.0595029819	0.0	0.0	0.0	-0.0180256567081329	-0.0145451436976884	0.0430412717401509	0.0015098272456477	0.0011475740251918	-0.0005663669268378	0.1216365178279717	-1.6622228455372765	0.3643910185903948	-0.6460701502853184	0.7090182819525253	0.4218397907356341
0.0894805337	0.141802119	0.0059097666	0.0144570324	-0.0374695573	0.025152883	0.0936589016	0.0854512886	0.0723005168	0.0549673278	0.0	0.0	0.0	-0.0178908812722795	0.077718687147481	0.0690779307671363	0.0016267224955824	0.0007820405510658	-0.0005661366032394	0.1425682176909631	-1.7830693942208993	0.4171120083471028	-0.4332143688647318	-0.8873852451162556	0.4719349581312976
-0.0091853943	0.0455004585	0.1484294443	0.094347051	0.0790223285	0.0306636123	0.0933124137	0.0841079135	0.0694336566	0.050243948	0.0	0.0	0.0	-0.0312554229235786	-0.0256690065138656	0.0544374008597117	0.0016332812003204	0.0009890384324797	-0.000566308288361	0.1420791787837453	-1.3987132256308508	0.2661363683837349	-0.5549926755563114	-1.8613863365650452	0.682347267689493
0.0746631605	0.0073953031	0.0886683133	0.0842951794	-0.0330482803	0.0379428167	0.0929460028	0.0826927113	0.0664333933	0.0453489738	0.0	0.0	0.0	-0.0324738748614805	0.0723905519334522	0.0442762072222535	0.0016317567621024	0.0009030385797141	-0.0005662375168528	0.1138189571472678	-0.2572252996051888	0.6315763250443279	-0.4476172558476974	-1.9243731497370729	0.6236926804984816
-0.0761525343	-0.0435718004	0.0839992479	0.0420546682	-0.0078693739	-0.0099524811	0.0925597472	0.0812068905	0.0633054914	0.0402991228	0.0	0.0	0.0	-0.0344862731185884	-0.0059745657423917	0.0442234641533474	0.0019581945944052	0.0006819456899593	-0.0005661682954558	0.1078102561745879	0.9358065294178308	1.6062366259500125	-0.6253114937826099	-1.1369168942048036	0.5360148743099645
0.1248589292	-0.0109868523	0.0179771547	-0.0373187821	-0.1038540557	-0.0269560179	0.0921537292	0.0796517199	0.0600559604	0.0351116412	0.0	0.0	0.0	-0.0367411575482208	0.0894471236265985	0.0228456768541605	0.0017296919754018	0.0006780110884783	-0.0005660868192389	0.1306802959328745	1.2187887760436675	1.5991274372762756	-0.2469343033165382	-0.2240067749349532	-0.9635417732740356
-0.0589625011	-0.0752366859	-0.0170256576	-0.0092110165	-0.0307579126	0.0229668769	0.0917280357	0.0780285277	0.0566910438	0.0298042455	0.0	0.0	0.0	-0.0471484616792281	-0.0257953725478614	0.0315808345708745	0.0019532108046353	0.0007394468154213	-0.0005662229700004	0.1486394933690812	0.685186216900899	0.8534062809842452	-0.7781953927291386	0.2999677254688382	-2.0354822197440723
0.0882350487	-0.0709894282	-0.133185731	0.0456460382	-0.1054463192	0.0340286701	0.0912827574	0.0763387001	0.0532172065	0.0243950616	0.0	0.0	0.0	-0.0367418354905879	0.1004074237093419	0.0440952605404874	0.0015281598686831	0.0005760681938664	-0.0005659406939329	0.1785594400941864	0.4340980405518794	-0.6197688789171816	-0.3391727527973468	-0.0077389209647554	-2.1065567560818943
-0.01376057	-0.0917332987	-0.080509411	-0.0215374609	0.0836972356	0.0863390561	0.0908179896	0.0745836801	0.0496411229	0.0189025632	0.0	0.0	0.0	-0.0449795097928102	-0.0136657997099405	0.012897556156048	0.0021077114821483	0.0007394039471539	-0.0005662800790262	0.1906699396982441	0.4782608061413634	-1.8867914147035905	-0.4074370632160871	-0.2590300852354933	-1.203513957494964
-0.0615453469	-0.0500191285	-0.1359620363	0.0599347838	-0.0915426461	0.010800787	0.0903338313	0.0727649665	0.0459696636	0.0133455082	0.0	0.0	0.0	-0.0367423373212432	0.0326772792221845	0.0280435606389914	0.0014706961882175	0.0006890843601852	-0.0005660072815213	0.1041066398068554	0.4330304026404385	-2.096806837991517	-0.1604442855564846	-0.1569311478682797	-0.695843566499994
-0.0668044211	-0.0400060978	-0.133558145	0.0268777061	0.0527468258	0.0569548706	0.0898303859	0.0708841125	0.0422098827	0.0077428754	0.0	0.0	0.0	-0.0365484022012196	0.0096147855511077	0.0251193583621187	0.0019642108135199	0.000739444862809	-0.000566227169326	0.0533853818545181	0.8062610777328351	-1.6532908099464627	-0.369862838558041	0.523137199920842	0.7042981911217805
-0.0708657713	0.0802588373	-0.0445855513	-0.0372295794	-0.0285016878	0.0588451073	0.089307761	0.0689427242	0.0383690038	0.0021137989	0.0	0.0	0.0	-0.0357959989872256	0.0498189277710707	0.0443248570997383	0.0016162164620506	0.0006789978959036	-0.000622049404026	0.0833752218253116	-0.5863809407486037	-0.1195094618038535	-0.4440240536248343	1.1970734919556272	1.0813963814781498
0.0201176199	0.0830473033	-0.011498975	-0.0453974066	0.1431862282	-0.0170843064	0.0887660682	0.0669424597	0.0344544065	-0.0035224967	0.0	0.0	0.0	-0.0356355148668825	0.0485686125426667	0.0443380392503485	0.001632210499392	0.0007400389979321	-0.0005661043456525	0.0080729913865272	-1.8304317410100304	0.3929808865906537	-0.6593562371768107	0.4329856038707783	0.344085391550406
-0.0484543148	0.0945160936	0.1056411014	0.0428905417	0.0298668152	-0.0067727352	0.088205423	0.0648850272	0.0304736118	-0.0091467622	0.0	0.0	0.0	-0.0357506653208616	0.0078289499902552	0.0443114569507514	0.0013712099761227	0.0007401122196522	-0.0005660078240365	0.0539399086362577	-1.972786142012262	0.6180193034171415	-0.6296324315639308	-0.2924179568356675	0.3347855569413539
0.0609809035	0.1099531326	0.0686015969	0.1505150789	-0.0104395764	-0.018560712	0.0876259453	0.0627721835	0.0264342681	-0.0147397894	0.0	0.0	0.0	-0.043735516281643	0.060110026735856	0.0508127535288167	0.0013717535816771	0.000740031398231	-0.0006840079426239	0.0726984515625975	-1.8710873615000745	0.3389395092718522	-0.1742363408693108	-1.2350814351080606	0.4012124535041375
-0.108521592	0.091343547	0.0825549375	0.0918407949	-0.064790319	0.0455588902	0.0870277586	0.0606057332	0.0223441362	-0.020282477	0.0	0.0	0.0	-0.0460854892538122	-0.0083633804758704	0.0443561262277114	0.0018822108860546	0.0007394674554104	-0.0005661972048418	0.1087216067340108	-1.6998139490333437	0.0858700715251594	-0.4546492701136837	-1.2265381026534736	0.5136272471520229
0.1122772966	0.0662197555	-0.0031768223	0.0303623924	-0.0815935046	0.1693894325	0.0864109908	0.0583875263	0.0182110744	-0.0257558953	0.0	0.0	0.0	-0.047703660625828	0.0897002603946504	0.0697954009107633	0.001371709979958	0.0007401124376236	-0.0005660083089715	0.1506878261345935	-0.7984989937896063	0.5659380638062403	-0.1361585233510709	-1.817052138099689	0.9835159821170478
-0.0533956746	0.0037205125	0.0476660668	-0.1521119331	-0.0214660245	0.123147034	0.0857757736	0.0561194571	0.0140430236	-0.0311413515	0.0	0.0	0.0	-0.0356711902905715	-0.0242601459933098	0.044313641144555	0.0014581642407845	0.0005790876114299	-0.0005654223307005	0.163877889753985	0.3833681593523307	1.1979873565504346	-0.5572326166502132	-1.3989288014800414	1.0537383483535263
0.1289516659	-0.031985143	0.0241965198	-0.0350609044	-0.0913861478	0.0509396222	0.0851222424	0.0538034626	0.0098479919	-0.036420453	0.0	0.0	0.0	-0.0438118868192987	0.0923921208129598	0.075549838415867	0.0011011361245409	0.0004811886463473	-0.0005652652680083	0.1787833678072288	1.145437059100445	1.7662809620516144	-0.2932572170182095	-0.683283704242612	0.3259128382374292
0.0537808727	-0.0935475378	0.0504371698	0.0489996551	0.0321780155	0.1163220012	0.084450537	0.0514415205	0.0056340393	-0.0415751706	0.0	0.0	0.0	-0.0456738903123579	0.0115309613352678	0.0691677827622925	0.0015360469079229	0.000162065792022	-0.0005651248952118	0.1268139191495157	1.2150007114580377	1.756280118164869	-0.5897298524474459	-0.0519524712764248	-1.220676411804413
0.0001027034	-0.0578385771	0.045528527	-0.0403291767	0.0209836996	-0.0061079693	0.0837608006	0.049035648	0.0014092619	-0.0465878996	0.0	0.0	0.0	-0.0468490063028497	0.005876291644455	0.0631330552357383	0.0015480881710376	0.0003080627706244	-0.0005652388201206	0.0207721215391538	0.8061252558550693	0.9024318752011636	-0.574338222978604	0.2092732972536966	-1.9650159711571893
0.0459615416	-0.1122818737	-0.0540450791	-0.0993020326	-0.0152167094	0.1071154333	0.0830531806	0.0465878996	-0.002818223	-0.0514415205	0.0	0.0	0.0	-0.0518849101678711	0.0364573346382286	0.0535158756327405	0.001775087040237	0.0003079981194828	-0.0005652734800935	0.0565890354774877	0.6403335849255902	-0.6052960866187235	-0.2602519217961419	-0.2204033014841211	-2.0577948501153145
-0.0563508209	-0.0410665663	-0.0306731493	-0.1258343481	0.0013275731	0.0572662241	0.082327828	0.0441003657	-0.0070402933	-0.0561194571	0.0	0.0	0.0	-0.0520686177779907	-0.0023317909817137	0.0614507775256498	0.0017796146089053	0.0003078434041512	-0.0007382744224785	0.0557918964422161	0.6532694182047808	-1.4373015902256596	-0.3162630523937812	0.1433614203254984	-0.8481674667905371
0.0291925324	-0.0167914456	-0.0411782743	-0.0355577587	0.0537088247	-0.0041536487	0.0815848978	0.0415751706	-0.0112488371	-0.0606057332	0.0	0.0	0.0	-0.0519096113781927	0.0790214544610847	0.0733827622388645	0.0016107651449409	0.0005041585999121	-0.0010449043983444	0.127033968335371	0.709590191751917	-1.679080853576638	-0.2002614908697797	0.5928795714343069	0.6613543757529081
-0.02703149	-0.0130967357	-0.0514343075	0.0845003753	0.0902733909	-0.0576762466	0.0808245485	0.0390144708	-0.0154357684	-0.0648850272	0.0	0.0	0.0	-0.0520451970166533	0.0240540555043793	0.0748397904246473	0.0018527270471035	0.0005807822921646	-0.0007765389957447	0.0859075626316887	0.8120107060334121	-1.588363912846232	-0.5128590966111793	0.4044988059099332	0.6475202279150496
0.0439320978	-0.0068519812	-0.0859171819	0.0821193877	0.0337619298	0.05405576	0.0800469425	0.036420453	-0.019593043	-0.0689427242	0.0	0.0	0.0	-0.0568531299500847	0.0741596899211884	0.0571975821267471	0.0021266904978696	0.0004260598259406	-0.0008849541949204	0.0994108314564306	0.7166566417534161	-1.617117913224117	-0.2617610255050396	0.6965731897579445	0.8653242472966214
-0.1094078186	0.0111626281	-0.0797773031	0.0094529647	-0.0142063801	0.0296241691	0.0792522457	0.0337953327	-0.0237126734	-0.0727649665	0.0	0.0	0.0	-0.0519328205721052	-0.0080505621876341	0.077870033168395	0.0021647082586222	0.0004720545687149	-0.0008740123699251	0.1125507289545599	0.446346741535926	-0.8658351637018131	-0.513123349300685	1.1705787558538672	1.159476527267774
0.0267481919	0.0543432496	-0.0818050538	0.061488297	-0.0572667702	-0.0714020442	0.078440628	0.0311413515	-0.0277867445	-0.0763387001	0.0	0.0	0.0	-0.0518951118765471	0.0671950684070168	0.0777859262272642	0.0019392393705069	0.0004890610286907	-0.0009689756744466	0.0922393788619698	0.1563702912771383	-0.6745497844771929	-0.2529262434013375	1.2728027729963276	1.2255803056980696
-0.1097158352	0.0553281026	-0.0591277439	-0.0151218533	-0.0661269524	0.0323853028	0.0776122625	0.028460776	-0.031807429	-0.0796517199	0.0	0.0	0.0	-0.0636785251623877	0.0110940319647454	0.0778012983855802	0.0020747363122857	0.0004829957018317	-0.000969002595718	0.074979281381888	-0.0718785542072483	-0.5635654860053685	-0.2665032648431086	1.350444734990622	1.1025843110986857
0.0337704731	0.0783491325	-0.0820809359	-0.0314172417	-0.0691954403	0.0475928745	0.0767673261	0.0257558953	-0.0357670017	-0.0826927113	0.0	0.0	0.0	-0.0723069540721326	0.0585389521255308	0.0779963167437358	0.001975909925637	0.0007389087847478	-0.0011052310755294	0.0808167648974959	-0.4164106090468872	-0.4533480510894421	-0.0511246119442457	1.3423318985392616	1.1435491643934803
-0.100585887	0.0436275874	-0.0657667247	-0.0246188719	0.0827901439	0.1092430871	0.0759059992	0.0230290194	-0.0396578552	-0.0854512886	0.0	0.0	0.0	-0.0686272113732968	-0.0003916553379212	0.0894928513617259	0.0020093061330835	0.0006290263835451	-0.0009691330937356	0.0880757143024279	-0.2143563860851198	-0.0500203058937496	-0.3138954199284474	1.7527132289914524	1.208741023661528
0.051462076	0.0490602404	-0.038233847	0.1185339187	-0.0173490501	-0.0271804777	0.0750284658	0.020282477	-0.0434725139	-0.0879180306	0.0	0.0	0.0	-0.0688363803107279	0.0706305412503098	0.1084150791519533	0.0020749104739829	0.000705302451849	-0.0011557346839178	0.1065776932851645	-0.4028623360030422	0.0482075996075933	-0.2297718690956124	1.4559977632433765	1.3160288857021605
-0.150744897	0.0440325002	-0.0311162364	0.0545757836	0.063423867	0.0591256617	0.0741349132	0.0175186135	-0.0472036488	-0.0900845128	0.0	0.0	0.0	-0.0658522855574972	-0.0381175139743277	0.103159818448077	0.0025507918916559	0.0005952643572144	-0.0009692612905375	0.1556070559661395	-0.8659124492570311	-0.2229246329754326	-0.2553447230208736	1.2718164612568177	0.790486597476873
0.1046478239	0.128754379	-0.0409751997	0.0318733808	-0.0213524684	-0.0531359656	0.0732255321	0.0147397894	-0.0508440912	-0.0919433363	0.0	0.0	0.0	-0.071155382167916	0.1072284471804749	0.1256343804792266	0.0019562214873149	0.0003823996312246	-0.0011258790736752	0.221326265469796	-1.1715137565595497	0.1516986065005865	-0.1927698274315013	0.7823711317904296	0.8445694984330782
-0.0586601521	0.098954468	0.060348466	0.0642792535	0.1015171291	0.0341221058	0.0723005168	0.0119483777	-0.0543868467	-0.0934881527	0.0	0.0	0.0	-0.0774235891098698	-0.0136896756235387	0.1049405080230485	0.0022782459884325	0.0005038966864645	-0.0009690753942758	0.1778964639899904	-1.6903184269859308	0.3074383656392636	-0.5391979011661238	0.4631170235133827	0.594182010582567
0.0167698323	0.0885686002	0.0007157844	0.0329834931	-0.0603993649	-0.0642520495	0.0713600647	0.0091467622	-0.0578251086	-0.0947136862	0.0	0.0	0.0	-0.076783127539997	0.0391270705575692	0.1256067162786109	0.0019093013805333	0.0005108987630537	-0.0011539901541137	0.102166488222858	-1.2730803336264038	0.4776568635085433	-0.2652690945670112	0.967501379475955	0.7901933460081476
-0.0121775781	0.1019371881	-0.0001745977	0.0631376745	0.0243585832	0.0599090705	0.0704043766	0.0063373354	-0.061152271	-0.0956157512	0.0	0.0	0.0	-0.0776717997434843	0.0530524390606927	0.1385398149491408	0.0020222750482334	0.0004938799422065	-0.0011080017989951	0.0365461815604357	-1.5010644148224703	0.3423272757399064	-0.4034490060951339	0.8235774586705579	0.7875462756541454
-0.0209197533	0.1165797734	0.010361161	-0.0887539442	-0.0535296316	0.0493103919	0.0694336566	0.0035224967	-0.0643619414	-0.096191267	0.0	0.0	0.0	-0.0793234384462238	0.0041641171837341	0.1197026279468218	0.0017653006921498	0.0005029515357921	-0.0011889494248471	0.0867268263580771	-1.824656616046438	0.4001399262299165	-0.4694818929588248	0.3824019224116732	0.4903816339534457
0.0103927696	0.1059144318	0.054107607	-0.1112071154	0.0461409721	0.0680271332	0.0684481119	0.0007046498	-0.0674479529	-0.0964382681	0.0	0.0	0.0	-0.077272359150541	0.0525821046050936	0.1283021744063859	0.0018482355615327	0.0004199746392885	-0.0011098881612144	0.0713172646525664	-2.0610819428670952	0.1829904796449326	-0.2866521672830721	-0.3993276484254209	0.5869012602869161
-0.0285766954	0.0946328517	0.0894442527	-0.0753213751	0.070447993	0.0691948384	0.0674479529	-0.0021137989	-0.0704043766	-0.096355911	0.0	0.0	0.0	-0.0851089115046335	0.0240380727054088	0.141370701775827	0.0020007825681288	0.0004653125843085	-0.0011879656142801	0.0632472318573084	-1.8818921132912176	0.3896001927787941	-0.3195598926936047	-0.4203111787122389	0.3438654731171754
0.0516570182	0.0797858579	0.0965106655	0.0675288005	0.1118710875	0.1107711243	0.0664333933	-0.0049304424	-0.0732255321	-0.0959444768	0.0	0.0	0.0	-0.084817941216599	0.0553759835222962	0.1517227440593274	0.0022592556255663	0.0004241543608149	-0.001191983304018	0.0571633719218723	-1.7729060856885377	0.2105548044341681	-0.2153046053056605	-1.2151225314565035	0.3158810220304861
-0.010451504	0.0404548169	0.0729309256	0.0014802334	-0.0433445296	-0.0213650569	0.0654046496	-0.0077428754	-0.0759059992	-0.0952053708	0.0	0.0	0.0	-0.0847278960171848	0.0031040980187668	0.1542151292423312	0.0022592175449949	0.0004354061303131	-0.0009689938784828	0.0665682796661874	-1.2721573259590668	0.1160066431142018	-0.4460765537284044	-1.688841823131399	0.4454549563741055
0.1022460737	0.0213936408	0.1287152047	-0.033466112	-0.0150912934	0.1692282165	0.0643619414	-0.010548696	-0.078440628	-0.0941411172	0.0	0.0	0.0	-0.0847308595562736	0.061318931928028	0.1756204746808407	0.0020246069461004	0.0002180202933086	-0.000968222387402	0.1022615392358494	0.2874346716989102	0.8353998875293897	-0.3910747827524771	-1.819474212785868	0.9362335649416056
-0.0258217618	-0.0458684118	0.1073731687	-0.0953198158	-0.0272726878	0.0474667529	0.0633054914	-0.0133455082	-0.0808245485	-0.0927553505	0.0	0.0	0.0	-0.0848018098443219	-0.0234706500436345	0.176841946297273	0.0020190676821191	0.0001370225920434	-0.0009681393830526	0.0904130023559381	1.0525000554193913	1.887874617566477	-0.5595544135428068	-0.721715148517754	0.5857798796089343
0.156404697	-0.0582953575	0.0860990185	-0.0398841268	0.0563106493	-0.0318577401	0.0622355251	-0.0161309235	-0.0830531806	-0.0910528036	0.0	0.0	0.0	-0.084683180754439	0.0632826687101015	0.2020490259097727	0.0020069796263845	-4.4971354436595945e-05	-0.0009679560639171	0.1217922935236234	1.1391258797403696	1.4805016299397118	-0.3076654531259262	0.0422958477182753	-1.426896542323505
-0.0079604581	-0.1140317714	0.0886114719	-0.0396902132	0.0760318489	-0.1226104322	0.061152271	-0.0189025632	-0.0851222424	-0.089039291	0.0	0.0	0.0	-0.0927400875173987	-0.047674889653166	0.1891886344592706	0.0024970089495487	1.3791390545581096e-05	-0.0009680185427353	0.1593175839249581	0.7368984355029592	0.4176662658867146	-0.3964098898739696	0.3302103158663969	-2.1891801230561825
0.1118011871	-0.1191856289	-0.0024805706	0.0163906854	0.0374656789	-0.1201928602	0.0600559604	-0.0216580603	-0.0870277586	-0.0867216892	0.0	0.0	0.0	-0.0994847052114948	0.0661063378354924	0.1914319569008711	0.0019329796404187	-3.27806123741059e-05	-0.0013249700137259	0.1711468067763693	0.7377439313922994	-0.2359469765373416	-0.0073589198354086	0.1615311901637242	-2.271629859499041
-0.0478656407	-0.1350200654	0.0530571629	0.0214988901	0.0043610419	-0.0776408224	0.0589468273	-0.0243950616	-0.0887660682	-0.0841079135	0.0	0.0	0.0	-0.093563793888947	-0.0336655971297261	0.1791858006530873	0.0028180357894123	5.176816197249856e-05	-0.0012290745797756	0.1712140204000752	0.8648080591791272	0.3899627754991632	-0.3251058906696231	0.2183982384285667	-2.361305271681585
0.0572311343	-0.1169549769	-0.0478996043	-0.1458511759	-0.1118476987	0.0169899388	0.0578251086	-0.0271112299	-0.0903338313	-0.0812068905	0.0	0.0	0.0	-0.101687175649161	0.0608192018431879	0.183600656640948	0.0019890010486399	-1.811599032119915e-06	-0.0013190039756067	0.1556502316013945	0.774623123544969	-0.0763502785812325	0.0341463913558694	0.2475234266016296	-2.345975888693708
-0.0763414499	-0.1083968958	-0.0067247502	-0.0790318625	-0.1116170619	0.011803447	0.0566910438	-0.0298042455	-0.0917280357	-0.0780285277	0.0	0.0	0.0	-0.1006350534575233	-0.0493163911582144	0.1760197107727492	0.0027179993084746	-4.875517542579644e-06	-0.0013799948912013	0.1584213157582267	0.5470406617190802	-1.346321016402282	-0.1301497429486167	-0.118149477163939	-2.0593254564661483
-0.0074456768	-0.066979828	-0.046235821	0.0087779605	-0.0396745771	0.0171718042	0.0555448749	-0.0324718086	-0.0929460028	-0.0745836801	0.0	0.0	0.0	-0.1034537018513219	0.0494081542212399	0.1835055841627451	0.0021920371234798	5.498733827868918e-05	-0.0013800603794885	0.1383235936184122	0.761070699771594	-1.918589428280804	-0.0002506161262535	0.1164546709990186	-0.905908175636627
-0.0723736395	-0.0646883686	0.0108459397	0.005131002	-0.0226202026	-0.0778101809	0.0543868467	-0.0351116412	-0.0939853925	-0.0708841125	0.0	0.0	0.0	-0.1039769781409347	-0.0116763537181583	0.1743690226720389	0.0028770835354994	0.0001210144629184	-0.0013801763380791	0.1083038204822127	0.7353870701755253	-2.2712210675834936	-0.0960579526767059	0.1315110290596852	-0.3180439869622229
0.0018483118	-0.0408690457	-0.0712112489	0.0674515167	0.0122207345	-0.0229854748	0.0532172065	-0.0377214888	-0.0948442078	-0.0669424597	0.0	0.0	0.0	-0.1054868708172449	0.0544671064470492	0.1808287649567006	0.0026621147906377	0.0001601628200296	-0.0013802151252252	0.0868208895821293	0.6613371864914304	-1.8722049234674856	0.1306211213962955	0.5951330488446376	0.3995323847954028
-0.1071600689	-0.0532376969	-0.0224691699	0.0148077369	0.1422491324	-0.0438440507	0.0520362039	-0.0402991228	-0.0955207987	-0.0627721835	0.0	0.0	0.0	-0.1189507069216233	-0.0133899441450324	0.2016738281497083	0.002751191854104	0.0002418812313238	-0.0015403355285819	0.1187117437953276	0.6653173775226429	-1.7193215483058888	-0.1400321974259302	0.7662218070338518	0.5162598304883964
0.0783243623	0.0128320863	-0.1212175285	0.0797160701	0.0314633223	-0.0668973136	0.0508440912	-0.0428423417	-0.0960138653	-0.0583875263	0.0	0.0	0.0	-0.1270896861322228	0.0775702783296878	0.2064377943387541	0.0023337554293773	0.0003131261150919	-0.0016068688940801	0.1316239015740154	0.5620349376513423	-1.0223889881282875	0.2254776127664066	1.299107900069644	1.196382294476887
-0.048175749	-0.0238756404	-0.0416081941	0.0560711799	0.0497473657	0.0074862702	0.0496411229	-0.0453489738	-0.0963224601	-0.0538034626	0.0	0.0	0.0	-0.1235554237795355	-0.0443548343742605	0.1961874374405852	0.002812239609248	0.0003063464094268	-0.0015319319410967	0.1637197738807644	0.4200912194602644	-1.1492369688687	-0.0446567844593801	1.1755105743403498	1.2332900865949787
0.0634024926	0.0038991292	-0.0656750483	0.0711615226	-0.0105270657	-0.0404767317	0.0484275557	-0.0478168784	-0.0964459903	-0.049035648	0.0	0.0	0.0	-0.1254075578396367	0.0495252421688832	0.226916117732685	0.0026653098291354	0.0003627577446125	-0.0016829866026007	0.1441806797354596	0.6047320071106772	-1.3646269355276817	-0.0758008936934953	1.133598335971412	1.075285423546545
-0.0440056939	-0.0408473076	-0.0415390903	0.0028075329	0.0499723856	-0.0575621451	0.0472036488	-0.050243948	-0.0963842186	-0.0441003657	0.0	0.0	0.0	-0.1288788960983709	-0.0188903984049915	0.2082852296545354	0.0028460353844545	0.0006250866128245	-0.00169689441406	0.1133659786602785	0.716050206847581	-1.7746750103608693	0.0770586678065861	0.7611930673624897	0.4867007004391523
-0.0368729753	-0.0562075276	-0.0474392006	-0.0653460075	-0.0568263344	-0.0467791045	0.0459696636	-0.0526281098	-0.0961372637	-0.0390144708	0.0	0.0	0.0	-0.1294586274688214	0.0093883927796554	0.2199082311475422	0.0029960790572864	0.0007060916233336	-0.0016095620895592	0.0564005744401942	0.8190117077466937	-1.6913587462338917	-0.2293765646401791	0.7807942580981987	0.8274736351934447
-0.0054245801	-0.0048867031	-0.0807322225	-0.0737134471	0.1359959799	0.0152034467	0.0447258634	-0.0549673278	-0.0957055999	-0.0337953327	0.0	0.0	0.0	-0.1323305001392327	0.015638348172601	0.2127883376260371	0.0030991210027543	0.0006410347359175	-0.0019149994500278	0.039918531252492	0.5982365167182743	-1.3887009875741647	-0.0443809841888054	1.1501046068301046	0.938527239362779
-0.0856175245	-0.0211427857	-0.0388829751	-0.0786763231	0.027796192	-0.0561866216	0.0434725139	-0.0572596044	-0.0950900567	-0.028460776	0.0	0.0	0.0	-0.1324450560011314	-0.0071120403132596	0.2260147990949548	0.0029038388773499	0.0008642219587076	-0.0019157625833714	0.057053029893582	0.4474959747589609	-0.9017417745286808	-0.2351861744920571	1.396642654427403	1.03251734997792
0.1083449631	0.0797466216	-0.1043974136	0.0986285616	0.0174694397	-0.0814281094	0.0422098827	-0.0595029819	-0.0942918168	-0.0230290194	0.0	0.0	0.0	-0.1308864641868297	0.0769790662361771	0.2263451707982255	0.0027382390181153	0.0008380936751137	-0.0017591532394186	0.1033969444060741	-0.2530708574644159	-0.2728410881161126	0.2043366219250939	1.3872532000600404	1.282685878921835
-0.0873336102	0.0466952712	0.0316362996	0.1183164005	-0.0044715111	-0.103850437	0.0409382393	-0.0616955446	-0.0933124137	-0.0175186135	0.0	0.0	0.0	-0.1301779341232958	-0.0393401932108048	0.2186662833035768	0.0030672877893678	0.0009033511273159	-0.0017288896955679	0.1459351653704344	-0.3532429333513615	-0.4240658194417338	-0.2364992890667706	1.2416295690848862	1.126630098698976
0.0695054434	0.094161403	-0.0216455898	0.0447444706	-0.0305680239	-0.0127899375	0.0396578552	-0.0638354201	-0.0921537292	-0.0119483777	0.0	0.0	0.0	-0.132204107463977	0.0698757248407417	0.2419864120859927	0.0029321960891368	0.0007543395991327	-0.0018161133672469	0.1531285651793035	-0.9989408022700214	-0.0554301007334826	-0.0242145666756052	0.8837786963547407	0.8327646391134417
-0.0773129212	0.0541123498	0.0007182203	-0.0267722734	-0.0098492207	-0.0253427697	0.0383690038	-0.0659207808	-0.0908179896	-0.0063373354	0.0	0.0	0.0	-0.1341802084389201	-0.0411877964836691	0.2371333364587116	0.0035483005013739	0.0008201040867064	-0.0019159600065234	0.156978474881	-1.3616913013947525	-0.1501781637999598	-0.329932447881113	0.8624939174989292	0.527600653057891
0.0753932142	0.1341314165	-0.0170983758	-0.0244161826	-0.0882433349	0.0600002028	0.0370719604	-0.0679498459	-0.089307761	-0.0007046498	0.0	0.0	0.0	-0.1346756838931071	0.0877836326959453	0.2651549370299619	0.0030832273505728	0.0007520493173001	-0.0019151632344641	0.1841847398183867	-1.6705450088350544	0.3150080292720941	-0.0811825677584169	0.2679969814726407	0.4244386289225368
0.0253182839	0.0615733318	0.0525444028	-0.0034044663	0.0132408558	0.1171744696	0.0357670017	-0.0699208827	-0.0876259453	0.0049304424	0.0	0.0	0.0	-0.1357047933249902	-0.0299919213916268	0.2397217144693399	0.0035871868605405	0.0007668360421952	-0.0017653793792068	0.1776643905860822	-1.1323596572919823	0.2162410242109277	-0.2696913189400653	-1.3436213355610231	0.504672753666619
0.0159039832	0.0062238394	0.1112349403	0.0804722475	-0.0622833967	-0.0146624945	0.0344544065	-0.0718322079	-0.0857757736	0.010548696	0.0	0.0	0.0	-0.137455624821726	0.0199970351665399	0.2654758084398168	0.0034409736524945	0.0011039984825094	-0.0017449056315932	0.1026863518240693	-0.0353914881118814	0.6951478499160444	-0.2354424521063921	-1.4695793992127202	0.7801043813412611
-0.0188376655	-0.0369610322	0.1428818802	0.0378361464	-0.0774528676	-0.040604542	0.033134455	-0.0736821892	-0.0837608006	0.0161309235	0.0	0.0	0.0	-0.1341136631247934	-0.0327461222743608	0.2413987252418223	0.0037805714528776	0.0014397163295618	-0.0014752309651736	0.1274117180285827	0.8678375086845947	1.209991965408577	-0.1979829412958371	-1.2346831937028102	0.5722686922425726
-0.0172431768	-0.0697761174	0.0588579634	0.0161740166	-0.1170496439	-0.0160096146	0.031807429	-0.0754692467	-0.0815848978	0.0216580603	0.0	0.0	0.0	-0.130984047259858	0.0409773920964511	0.2657124609258687	0.0041252602744288	0.0010149912473642	-0.0014611026794201	0.1403439753949087	1.514540778091773	1.5272445233538543	0.0654883265126353	0.1135050497083004	-0.6662000996672318
-0.0350248426	-0.0945412901	0.0202714881	-0.0598906459	-0.0698840398	-0.0249345338	0.0304736118	-0.0771918544	-0.0792522457	0.0271112299	0.0	0.0	0.0	-0.1360601354881652	-0.0101983883115366	0.2560556094408213	0.0047033247720986	0.0010830091761058	-0.0014870575239319	0.0995105836675023	1.012364274501289	1.005602892598553	-0.0262322607336628	0.4348101615204193	-1.9482167222421671
0.0703343866	-0.0944555898	-0.0520775028	-0.0159357458	-0.0749137409	-0.0499557338	0.0291332883	-0.0788485412	-0.0767673261	0.0324718086	0.0	0.0	0.0	-0.1383408091855784	0.0959446108066259	0.2658672920302791	0.0040712310858197	0.0009378920303784	-0.0015289120804788	0.1591886248326935	0.6758679416188835	-0.9979641830190188	0.2900203414137631	0.5864651990891968	-1.8417412518289715
-0.070479862	-0.0540969766	0.0127742563	0.0230636674	-0.0516819394	-0.0936471119	0.0277867445	-0.0804378923	-0.0741349132	0.0377214888	0.0	0.0	0.0	-0.1388937335273397	-0.035960674819492	0.2622551864549365	0.0044850045547537	0.0014219012941585	-0.0013856964463264	0.1881202338865468	0.8202128665814208	-1.8172210711863357	0.1294133744220141	0.3635044857108103	0.0089998885968243
-0.0043966329	0.0027042045	-0.0693517779	0.0319039804	-0.0566858075	-0.0929885175	0.0264342681	-0.0819585503	-0.0713600647	0.0428423417	0.0	0.0	0.0	-0.1359082118107437	0.0422910588684573	0.2658897808616558	0.0039676132005673	0.0014219417805456	-0.0015443274047394	0.1186749897605896	0.4399143351408777	-1.172859490034741	0.2077958206759016	1.190546381421263	0.7956196269219703
-0.1164104889	0.0747703073	-0.0026797481	-0.0526646457	-0.0138514652	0.0487450337	0.0250761477	-0.0834092167	-0.0684481119	0.0478168784	0.0	0.0	0.0	-0.1387099330029997	-0.032476355455941	0.271496309137575	0.0044050362174301	0.0014218512963231	-0.0014321405262849	0.1106606827695634	-1.083764727282506	-0.2178359384988561	0.0300505034739784	1.0025605413701966	0.3674367228986894
0.0935966655	0.1086451076	0.069952911	-0.0371549589	-0.0246053867	0.0023924003	0.0237126734	-0.0847886526	-0.0654046496	0.0526281098	0.0	0.0	0.0	-0.1454615903459739	0.0742380723721112	0.3077436112517233	0.0041700146776681	0.0012250936416933	-0.001636065746174	0.1814986079992196	-1.4281643869893597	0.2696181341299874	0.2103763700044729	-0.595798466945507	0.359422896314679
-0.0030332482	-0.0058803397	0.1425455725	0.0649218899	0.0656174382	0.0188997776	0.0223441362	-0.08609568	-0.0622355251	0.0572596044	0.0	0.0	0.0	-0.1423838377126998	-0.0479615576204253	0.2832277116091006	0.0044339029188602	0.0012373543134671	-0.0014232531963334	0.1742413554087582	-0.082789769570525	0.5210215894764094	-0.0428875635215494	-1.744477592033835	0.823959734186177
0.1576240273	-0.0218627243	0.0994418504	-0.0118058592	-0.0663683887	0.0043457516	0.0209708283	-0.0873291827	-0.0589468273	0.0616955446	0.0	0.0	0.0	-0.1382618533984327	0.0652455941641818	0.3028057502264545	0.003943904678452	0.0011093406706519	-0.0016046970409455	0.1768799611080031	1.2213923751303666	1.40038371519742	0.2010376734883669	-0.8641893578380657	0.1439592670364627
-0.0036212791	-0.0630462662	0.1287422658	0.0353979829	0.1840564885	0.0082580453	0.019593043	-0.0884881073	-0.0555448749	0.0659207808	0.0	0.0	0.0	-0.151437217664025	-0.0621947872296289	0.2983049519506693	0.0048800751472844	0.0008477932610397	-0.0013160752406934	0.2194335278700232	1.3900698974679555	1.608699727429722	-0.2267632652273463	-0.0030293680784348	-1.1722984104567138
0.1402692457	-0.0570917085	0.014176975	0.0009147279	-0.0702513068	-0.1322013414	0.0182110744	-0.089571464	-0.0520362039	0.0699208827	0.0	0.0	0.0	-0.1499143151356889	0.0521443819006037	0.307201944524607	0.0042050797938707	0.000754830443967	-0.0015090969733083	0.1728080593875713	1.0252643831345685	0.8982746316131037	-0.0272364615777258	0.4290688652024426	-1.9677313390820048
-0.0220524632	-0.1171974937	0.0337243915	0.0152559122	0.0731623187	-0.0088078381	0.0168252176	-0.0905783278	-0.0484275557	0.0736821892	0.0	0.0	0.0	-0.1495240352193576	-0.0298324295885663	0.2893164261107586	0.0047595549137368	0.0007250004898919	-0.0014722336766546	0.1313110283490947	0.8997470085648983	0.0413290941880663	-0.0373868316733961	0.0375431117821166	-2.423737582977166
-0.0453331323	-0.0830824202	-0.0103626652	-0.0309328934	-0.1302121097	-0.1310425091	0.0154357684	-0.0915078388	-0.0447258634	0.0771918544	0.0	0.0	0.0	-0.1506539769285098	-0.0110689940360373	0.3128393213514755	0.0042610023464524	0.0006568228993695	-0.0014929073284753	0.0727864629837731	0.8665903123315872	0.1266503932084181	-0.2670391757572883	0.5069103118142658	-2.357824054131808
0.0473115632	-0.084410847	-0.0309005205	-0.0709764395	-0.0391194561	0.0589939275	0.0140430236	-0.0923592032	-0.0409382393	0.0804378923	0.0	0.0	0.0	-0.1502862009744774	0.0474537304751834	0.3072606774988458	0.004277869268673	0.0004733342659151	-0.0014810195584949	0.0750813106006528	0.7251210114157189	-0.5107235904264191	0.0979945375556756	0.1441310489320399	-2.5699087912050524
-0.073251818	-0.1087046715	-0.0065098591	-0.080899081	-0.0661375113	-0.0170219644	0.0126472805	-0.0931316938	-0.0370719604	0.0834092167	0.0	0.0	0.0	-0.1551167911688651	-0.0251811436454971	0.3074803906753089	0.0045935707342192	0.0008399966060792	-0.0013094375268217	0.1203824693607063	0.6475485977448643	-0.7672137239602698	-0.2658916881148124	0.1446921462620076	-2.3525818264698253
-0.0109234712	-0.0746863929	-0.1039571615	-0.0911515628	0.0835000836	0.0847904538	0.0112488371	-0.0938246511	-0.033134455	0.08609568	0.0	0.0	0.0	-0.1488207910826844	0.062952448108831	0.3073381556670398	0.0045009396578458	0.0005505861711267	-0.0015187433230425	0.1241391922261128	0.800444296268306	-1.960768784474826	0.3007611420498589	0.0746618906566493	-1.1021588680678884
-0.081383611	-0.0311071677	-0.0537589231	-0.0065054392	-0.0020052731	-0.0496243744	0.0098479919	-0.0944374833	-0.0291332883	0.0884881073	0.0	0.0	0.0	-0.1571494317245765	-0.0189493329774705	0.3213476688201666	0.0045607985362644	0.0011509277717147	-0.001351135424527	0.1456303537574253	0.8641336678766178	-1.7802299713198435	-0.0357850681168141	0.6715311683290994	0.3707679564224341
0.0454155015	0.0369947242	-0.1081757936	0.0033458619	0.0778540646	-0.0354598797	0.0084450442	-0.0949696669	-0.0250761477	0.0905783278	0.0	0.0	0.0	-0.1559494566398598	0.0641768402599183	0.3090941273889172	0.0042848389105838	0.0010150261022636	-0.0016246862662451	0.1308502965958448	0.2445735602480799	-0.8870715932590083	0.4479831443330569	1.2324202017935586	0.8897887994071367
-0.0469782167	0.0419896231	-0.0154099616	0.0901100237	-0.001844321	0.0849845271	0.0070402933	-0.0954207476	-0.0209708283	0.0923592032	0.0	0.0	0.0	-0.1550442970524841	-0.0509591661989361	0.3113502466511448	0.0048461246430336	0.0007822737907769	-0.0015399054278619	0.1622382294244426	-0.6121652436040944	-0.1049015474681338	0.0904138874244439	1.4166158904895807	0.8344196416449075
0.0611946611	0.116289184	0.0128637592	0.0714533339	-0.0456396223	-0.0544920971	0.0056340393	-0.09579034	-0.0168252176	0.0938246511	0.0	0.0	0.0	-0.1618300056693868	0.0297289970331178	0.3149923390778468	0.0046678347316599	0.0010639314261247	-0.0015319907192396	0.1145090770428485	-1.5849832931641654	0.1560770492365874	0.2429864166111789	0.1344442006721639	0.3633900290684501
-0.0793832287	0.0833801984	0.0790318799	0.0449327552	-0.0290022795	-0.0730221432	0.0042265824	-0.0960781287	-0.0126472805	0.0949696669	0.0	0.0	0.0	-0.1695801772920475	-0.0400782818827423	0.3449939860736606	0.0047429434565822	0.0010659137973023	-0.0017260375078789	0.1211159917712946	-1.4297572563000267	0.097472465403981	-0.1077456480041062	-0.93841852366485	0.1548594984839722
-0.0443907452	0.0656261643	0.0948450166	0.0236489677	-0.0322549773	-0.0158803101	0.002818223	-0.0962838677	-0.0084450442	0.09579034	0.0	0.0	0.0	-0.1776136356742625	0.022216206830862	0.3467879108258813	0.0046314230338742	0.0010660827804374	-0.001693974108145	0.0793095121268899	-0.6515022667593092	0.3546042161610864	0.0866720670756446	-1.735635594283232	0.6837351594140296
-0.0402943148	-0.0300780155	0.0238787104	-0.1217358753	-0.085191012	0.0588002463	0.0014092619	-0.0964073815	-0.0042265824	0.0962838677	0.0	0.0	0.0	-0.1779846539347431	-0.0038242263326964	0.3515389651487339	0.0046607598643504	0.0009102273318009	-0.0016211287629136	0.0440643869640965	0.8198158521315677	1.077849968770917	-0.1111709002786865	-0.964934582342581	0.694001780972016
0.0403937601	-0.0373265773	0.0864576151	-0.1082814425	-0.0005966133	0.0542714238	0.0	-0.0964485644	-0.0	0.0964485644	0.0	0.0	0.0	-0.171369163675692	0.0139296396081363	0.3514546157571203	0.0045622794511849	0.0009051819239105	-0.0016760737317608	0.0323772450866524	1.4152864232722726	1.4745213457530086	0.0964393564415749	-0.456993955077646	0.0956436700106654
0.0033424744	-0.0568388614	-0.0041851393	-0.0682990847	-0.0466377521	-0.049348871	-0.0014092619	-0.0964073815	0.0042265824	0.0962838677	0.0	0.0	0.0	-0.1859484168771956	0.0318356998872104	0.3743193657048209	0.0045401123792684	0.0006931472213309	-0.0016995813491512	0.0682355330226033	1.282011399785757	1.6059534643539548	-0.0832005370940806	0.6019767191709601	-1.312753278540684
0.1647356625	-0.0837024132	-0.0690111434	0.0039590411	0.0697862744	-0.0274950038	-0.002818223	-0.0962838677	0.0084450442	0.09579034	0.0	0.0	0.0	-0.1799057677742723	0.0756813792940676	0.3497978708957845	0.0043453237403069	0.0003632850344901	-0.0017107959702168	0.1012030956622118	0.7409071592529973	-0.105044924555211	0.6187978756568695	0.3453883480016279	-2.4656193347572346
-0.0108071525	-0.0736839112	-0.0112651449	-0.0247627	0.1649044452	-0.0779225094	-0.0042265824	-0.0960781287	0.0126472805	0.0949696669	0.0	0.0	0.0	-0.1817613395932937	-0.0578145218647847	0.3776415992182222	0.0049811902027812	0.0008234855613367	-0.0016140659900058	0.2228350497769063	0.6940124161525979	-1.6192859949330594	-0.212415306921715	0.3098274010797248	-1.2015921523254394
0.1067752069	0.0286793082	-0.0779623885	-0.0410626142	0.1083022541	-0.0939462023	-0.0056340393	-0.09579034	0.0168252176	0.0938246511	0.0	0.0	0.0	-0.1855707985108523	0.0306630977479187	0.3815912319638812	0.004341918390667	0.0009760020677289	-0.0018441299678317	0.1473293260925359	0.559489371474912	-1.080002110457113	0.1334782146256413	1.029587914370047	0.992251061963722
-0.0649324889	0.0624863388	0.0181469152	-0.0884849349	0.1318794974	-0.0344412677	-0.0070402933	-0.0954207476	0.0209708283	0.0923592032	0.0	0.0	0.0	-0.1809660016035081	-0.0187330579881859	0.3897715077622621	0.0048036337898336	0.0012823573597484	-0.0017290962033843	0.1063364512235047	-0.7718953873597318	0.043114310558649	-0.3435902216545595	1.3310135002698669	0.3313790107844181
0.1384965514	0.1168984251	0.0002711474	-0.0992603143	0.1286036838	0.0068837085	-0.0084450442	-0.0949696669	0.0250761477	0.0905783278	0.0	0.0	0.0	-0.158782573204121	0.0460857831508718	0.4008948218596799	0.0042010282804345	0.0008720217909663	-0.0011813361044977	0.1761606424892525	-1.2784483809905882	-0.5897105304515428	-0.0598456622251771	-0.9843106950992444	0.620618801357832
0.0036925503	-0.0393395368	0.0644346999	-0.1150921743	0.1008348761	0.1232301349	-0.0098479919	-0.0944374833	0.0291332883	0.0884881073	0.0	0.0	0.0	-0.1650659412054977	-0.0576029331209895	0.3411093891697732	0.0046591115627122	0.000851769070812	-0.0013889929730007	0.2040571605098947	0.8854682940217612	0.8704983812794161	-0.2586341239370911	-0.4180570514725998	-0.2279521880053557
0.0329118838	-0.0928984412	-0.0837112867	0.0881502242	0.0905344955	0.1419254967	-0.0112488371	-0.0938246511	0.033134455	0.08609568	0.0	0.0	0.0	-0.1677908232789775	0.0042169224543471	0.337734928673683	0.0051160037794135	0.0011903231353456	-0.0016370560631125	0.1200946667122415	0.7972411748407455	-0.1862976893182478	0.031784018191859	0.56681744227779	-1.932345003387408
-0.0626503229	-0.0959025525	-0.107526939	0.1215353731	-0.0596169206	0.0356146843	-0.0126472805	-0.0931316938	0.0370719604	0.0834092167	0.0	0.0	0.0	-0.1793721807381274	-0.0477283342251126	0.3099237646686532	0.005482222325639	0.0014430043544826	-0.0016449694187359	0.1226784341929344	0.779301979730293	-2.119777148977135	0.4051314448362558	0.0338554559345687	-0.6123295831448132
0.0464211708	-0.0287492755	-0.157574459	0.0545189552	-0.1322625371	0.0500159152	-0.0140430236	-0.0923592032	0.0409382393	0.0804378923	0.0	0.0	0.0	-0.1785594659772016	0.0613672477124396	0.3324411695759153	0.0052243693253281	0.0014853043558702	-0.0018023944323481	0.1553046023712751	0.8461443153143149	-1.3913698914556991	0.8417614324391854	0.9129775741995284	0.7163333106179424
-0.0865752107	0.0300332593	-0.140197887	0.0097854222	-0.0879555833	0.2090620475	-0.0154357684	-0.0915078388	0.0447258634	0.0771918544	0.0	0.0	0.0	-0.1813194406290108	-0.0352874758885803	0.2986869075775189	0.0062613438843776	0.0013399987045816	-0.0019217172554623	0.1982491119238404	-0.376115152544971	-0.609837451662626	0.6235985103895281	1.3579633518440568	0.8612010986015667
0.0374896296	0.1119683288	-0.0567132041	-0.0725453799	-0.0420906948	0.1529643157	-0.0168252176	-0.0905783278	0.0484275557	0.0736821892	0.0	0.0	0.0	-0.1823644048316453	0.0778966421417948	0.3263147817462624	0.0055552178229552	0.0013351020489984	-0.0017682217702384	0.185082866513228	-1.3705198608159537	-0.0026594446132096	0.4505516172314899	0.0849584323931422	0.4436124312709886
-0.0851546821	0.081132936	0.0287539883	-0.0364596823	0.086257455	0.1384933755	-0.0182110744	-0.089571464	0.0520362039	0.0699208827	0.0	0.0	0.0	-0.1808467135109737	-0.0502883775508991	0.342606061029258	0.0060972956893459	0.0015260336725273	-0.0016346707042017	0.1893220180941761	-1.6355605840743237	-0.3549206089504885	0.2599033108510818	-0.9908390757891428	0.2851289981013364
0.0633251068	0.0479330255	0.0501950911	0.0423639237	0.100165729	0.0964782867	-0.019593043	-0.0884881073	0.0555448749	0.0659207808	0.0	0.0	0.0	-0.1770609724020175	0.0479713363435507	0.368592071706928	0.0060897382257902	0.0013922885152199	-0.0017162575957001	0.1391759412991509	-0.9188499693320084	0.002251475171281	0.346032315052712	-1.375935536066126	0.3962876366373242
-0.042431939	-0.0041452607	0.1572317623	0.0438929089	0.1903482595	0.0670486991	-0.0209708283	-0.0873291827	0.0589468273	0.0616955446	0.0	0.0	0.0	-0.1877338365132601	-0.0543663748482998	0.3693330184627115	0.0068819236757046	0.0016859673596136	-0.0016138218871208	0.1731665222032465	-0.3646996500016023	0.0169504192667006	0.1641422832750037	-1.7095726632130024	0.6485946823788301
0.0944264895	-0.0010425686	0.0736392952	0.1168425917	0.0464940175	0.0167919178	-0.0223441362	-0.08609568	0.0622355251	0.0572596044	0.0	0.0	0.0	-0.1811811112044949	0.06056363689747	0.3917854179491513	0.0064972938280066	0.001430896117887	-0.001729169144431	0.1816875538777147	-0.0753790431892593	0.3547700737948492	0.3734325913502264	-1.7702694728741597	0.3629881739822729
-0.0502993787	0.0193835362	0.0676648806	0.1378175509	0.0285558797	-0.1103352724	-0.0237126734	-0.0847886526	0.0654046496	0.0526281098	0.0	0.0	0.0	-0.1810980346890431	-0.0498677332463302	0.392193700592145	0.0068237973257383	0.001475301598935	-0.0016760558645379	0.1321238422358857	-1.05942689325478	0.1388921178124143	0.1877022078369222	-1.1939985129545985	-0.0004075024166091
-0.0479613873	0.0507967808	-0.0151314852	0.1250016637	-0.1132461115	-0.0466260859	-0.0250761477	-0.0834092167	0.0684481119	0.0478168784	0.0	0.0	0.0	-0.1880795755875226	0.0240214333716721	0.3998162971437153	0.0066159662973576	0.0015791238901501	-0.0017827453653627	0.1094104450890821	-1.793600861846893	0.1889809840363294	0.2714449026519039	0.190088011377567	-0.0496597074402432
-0.1196783333	0.0725363963	-0.026634365	0.0017229695	-0.1265160611	0.0298458089	-0.0264342681	-0.0819585503	0.0713600647	0.0428423417	0.0	0.0	0.0	-0.189843432284718	-0.0467410310093612	0.4019118175861962	0.007126868088767	0.0014440991568878	-0.0018026686641361	0.1079143326929645	-1.566286410761053	0.2083502731484028	0.088227632469422	0.7081916891092088	0.0224634377013606
0.0215127637	0.1096061452	-0.0656289813	-0.0204431369	-0.0920558014	-0.0084456186	-0.0277867445	-0.0804378923	0.0741349132	0.0377214888	0.0	0.0	0.0	-0.2076525293661717	0.0733029783225305	0.4484269736837092	0.0066559210879936	0.0014181174831815	-0.0019227458501403	0.2152185555350533	-1.809980693937024	0.442536313075357	0.21058655789793	0.6382157930188912	-0.0375463567864811
-0.0830180191	0.1129179513	-0.0138209572	0.0180618965	-0.057674948	-0.0224943879	-0.0291332883	-0.0788485412	0.0767673261	0.0324718086	0.0	0.0	0.0	-0.2143296108863808	-0.0323932387193792	0.4244246289373592	0.0073463840107449	0.001869946617093	-0.0019268987402766	0.1936978906484238	-1.4181258296800026	0.3182024710838196	0.246559846451763	0.6406098964699964	0.3268719333433916
-0.0077380384	0.0643380262	-0.0574961761	0.030253275	-0.0651676274	-0.1773997253	-0.0304736118	-0.0771918544	0.0792522457	0.0271112299	0.0	0.0	0.0	-0.2201601600266798	0.0185527084787082	0.4575873368110166	0.0069392288431318	0.0017228419001578	-0.0019249999999339	0.1177471354565937	-1.2244818177459933	0.262729843486321	0.0108369294505673	1.2222782441248323	0.4523231135119538
-0.0479273551	0.0211599714	-0.0516655136	0.0802339231	0.0153404287	0.0286982736	-0.031807429	-0.0754692467	0.0815848978	0.0216580603	0.0	0.0	0.0	-0.2165592163367051	-0.0306860362429119	0.4507335428020127	0.0073543700695391	0.0018559419558572	-0.001926853469581	0.0871982200082886	-0.6412391835005838	-0.1574861661286932	0.1652088123283057	1.27024186746954	0.7674662137582364
-0.0567737699	0.0173343456	-0.1050873619	-0.0299066782	-0.0466930191	-0.0196398565	-0.033134455	-0.0736821892	0.0837608006	0.0161309235	0.0	0.0	0.0	-0.2177984476919903	-0.0065481121597628	0.4467816630327235	0.0072834116549285	0.001833733871396	-0.0020022073059577	0.0377550519801485	0.1201046854582971	-0.3960389856883065	0.0017517274120664	1.7945774294746233	0.8348475007969139
-0.0539175366	0.0684967386	-0.1252471692	-0.0661964419	0.0187929706	0.126699997	-0.0344544065	-0.0718322079	0.0857757736	0.010548696	0.0	0.0	0.0	-0.2246239658987008	0.0062094517714115	0.4373149161232135	0.0074604137317189	0.0018963397163873	-0.0019271035905631	0.0447854109062097	-0.7431956658922805	-0.4013262668739016	0.4142176024208876	1.279209055991519	0.5961630389360107
-0.0912401604	0.0597562445	-0.0325320631	-0.1093831249	0.0009995186	-0.0495268323	-0.0357670017	-0.0699208827	0.0876259453	0.0049304424	0.0	0.0	0.0	-0.2164282857085453	-0.0313045197970751	0.4474585484192772	0.0072320478909166	0.0020450593643204	-0.0019279260843069	0.0747486831786657	-1.1700708078222444	0.1702038914599871	0.0320117833371588	1.282943798847824	0.3925718043927485
0.0955977214	0.0747611259	-0.0126824676	-0.0218433762	0.1038298045	0.0360271259	-0.0370719604	-0.0679498459	0.089307761	-0.0007046498	0.0	0.0	0.0	-0.2205687999368848	0.035515168066496	0.4488970331827602	0.0072120678537739	0.0021393213970357	-0.0018617423750473	0.0814199758112736	-1.467468220811403	0.1336138041233129	0.0880164279095785	0.3740513308967081	0.2853929111332309
-0.122938477	0.0515512187	0.0019162134	0.0637192613	0.0279771863	-0.0786242847	-0.0383690038	-0.0659207808	0.0908179896	-0.0063373354	0.0	0.0	0.0	-0.2356878541811369	-0.046206592279006	0.4549335571510653	0.0071460265164044	0.0020251469730983	-0.001927763270165	0.1151891713792891	-1.5246671120641062	0.3903314568781871	-0.2699148279262545	0.7549929039411081	0.188521616580146
0.0981021424	0.1258245923	-0.0114013992	0.0728090852	0.0854600037	-0.0227293727	-0.0396578552	-0.0638354201	0.0921537292	-0.0119483777	0.0	0.0	0.0	-0.2358991750369909	0.0711151204498179	0.4701105989061602	0.0067830800985162	0.0021019266716546	-0.002389662364857	0.1777913358965977	-1.5652628191247058	0.2268532755281363	0.2988787543190728	0.0119318355243411	0.2935953199177256
-0.1010711739	0.0161884338	-0.0018380007	0.0674497025	0.0454010843	0.0215987099	-0.0409382393	-0.0616955446	0.0933124137	-0.0175186135	0.0	0.0	0.0	-0.2452341833394058	-0.0508132283104743	0.4419705249750478	0.0073149931797077	0.0023399908621619	-0.0020620922551301	0.2142808000651044	-1.688040700322622	0.2939622090255527	0.1446850978467363	0.3998343398864221	0.1474828494432812
0.0309567902	0.0479333962	-0.0495286515	0.0322907046	-0.0122996847	0.0470539901	-0.0422098827	-0.0595029819	0.0942918168	-0.0230290194	0.0	0.0	0.0	-0.2368211627472334	0.0540613988062972	0.4611120366605377	0.0073869008577013	0.0021239544406099	-0.0021868808556947	0.1530657943999438	-1.5135374311682182	0.0965962663714521	0.3706927338053254	0.0425411975495523	0.2097524243014443
-0.0716976263	0.042464624	0.0243637002	0.0533663018	0.0109092908	0.0736382042	-0.0434725139	-0.0572596044	0.0950900567	-0.028460776	0.0	0.0	0.0	-0.236161437464375	-0.0240305596167189	0.44111055482972	0.0077969298110579	0.0021450704639749	-0.0021718983947559	0.1210595374197121	-1.405410446014888	-0.0484655927761263	0.2972972839433039	-0.876597888936324	0.2117037773995738
0.0134139298	0.0013512743	0.0170795712	-0.0060788534	-0.0282677742	-0.0256553426	-0.0447258634	-0.0549673278	0.0957055999	-0.0337953327	0.0	0.0	0.0	-0.24285564957556	0.0387521713858234	0.487278656875489	0.0075643387029077	0.0020090719961216	-0.0022376325869622	0.1373612335699862	-0.6857317383290831	0.2129695228370878	0.1673141662583754	-1.171551802615557	0.2036312334398112
0.1055101479	-0.0445276638	0.0509193016	0.0319969018	0.0290693865	0.0687404145	-0.0459696636	-0.0526281098	0.0961372637	-0.0390144708	0.0	0.0	0.0	-0.2510868652334039	0.0412306769202075	0.4913142080080632	0.0078679763371853	0.0023981248493527	-0.0023939761617168	0.0571969754379671	0.1636298556877675	0.7226504420736161	0.4049012217257843	-1.4735382176840448	0.6417970495303653
-0.0542575465	-0.00496307	0.1114842095	0.0291498173	0.0148794821	-0.0392181519	-0.0472036488	-0.050243948	0.0963842186	-0.0441003657	0.0	0.0	0.0	-0.2468503480723995	-0.0612618321822253	0.5121189366685144	0.0075901644433949	0.0025619556195422	-0.0023947632141638	0.1496552407452333	0.13249168531306	0.4628195172597147	0.0182407434358959	-1.5603559361602437	0.5713483162889617
0.096237475	-0.0347657797	0.0229972088	0.0073132089	-0.042000908	0.0319584062	-0.0484275557	-0.0478168784	0.0964459903	-0.049035648	0.0	0.0	0.0	-0.2478875674711957	0.0598813548719618	0.5225888818244755	0.0074081715590525	0.002162178070612	-0.002391043518226	0.1619248580694643	0.760827554943701	0.8415429200485027	0.3078385254875699	-1.210898915272727	0.6304355274056781
-0.0651873497	-0.082958164	0.0509808289	-0.0784940689	-0.0118643097	0.0557480812	-0.0496411229	-0.0453489738	0.0963224601	-0.0538034626	0.0	0.0	0.0	-0.2517349757851548	-0.0599826457768415	0.4982795965531608	0.008054883569973	0.0023158991140961	-0.0023938680984698	0.188183575966497	1.2131645916013252	1.1726065575854974	-0.0153764312400616	-0.7793100057889252	0.365230240786232
0.1097075426	-0.0646074742	-0.0310753298	-0.0472580669	-0.0350402203	0.0563334504	-0.0508440912	-0.0428423417	0.0960138653	-0.0583875263	0.0	0.0	0.0	-0.2560580028993939	0.0750688699863388	0.5104736822373184	0.0079061683537865	0.0021430803479891	-0.0023920146795833	0.1677379986205769	1.5706420514617336	1.3447262430255824	0.3288981947840707	-0.2479756861490809	-0.265822528580755
-0.047147814	-0.1146088645	0.0800751197	0.0502931308	-0.085548474	0.0291571692	-0.0520362039	-0.0402991228	0.0955207987	-0.0627721835	0.0	0.0	0.0	-0.2507210189856295	-0.0353018164909286	0.4867557930904809	0.0085641965297292	0.0025597881745822	-0.002397007028656	0.1934119771182942	1.370313096276164	1.1012046088232146	0.0507420378531546	-0.951826575169258	0.1781880181683759
0.0624237208	-0.0481166503	0.0204883017	0.0589179693	-0.0789048251	0.0286108195	-0.0532172065	-0.0377214888	0.0948442078	-0.0669424597	0.0	0.0	0.0	-0.2497540138531064	0.0486281367626588	0.5091967663503283	0.0079729828967138	0.0025620910958563	-0.0022462570122418	0.1445512601811428	0.97473565316668	0.7141800853212952	0.1469541921375923	-1.2076242020114238	0.4219889625434748
-0.021982961	-0.0637764952	0.0504946984	0.0243106192	-0.0216630307	0.0462548489	-0.0543868467	-0.0351116412	0.0939853925	-0.0708841125	0.0	0.0	0.0	-0.2577885960099877	-0.0252019268502152	0.4983925691113882	0.0087627123637267	0.0025590557222894	-0.0023977632336539	0.1398823961082904	1.032731420014336	0.9485712174208514	0.0262689476363062	-1.287489041438021	0.3956214434901431
-0.0079979305	-0.036318726	-0.0060561137	-0.1030768795	-0.0662165044	-0.0111664972	-0.0555448749	-0.0324718086	0.0929460028	-0.0745836801	0.0	0.0	0.0	-0.2661164208982427	0.0263622553080438	0.5349848306576348	0.0083931950217304	0.0025599958424431	-0.0023967905404403	0.1150557763609406	0.6778308964441466	0.7116338915039125	-0.1482062627457035	-1.3262017862894198	0.2868927108054859
0.1072592572	-0.0248289451	-0.0174376495	-0.0103950709	0.0131444757	0.0181689064	-0.0566910438	-0.0298042455	0.0917280357	-0.0780285277	0.0	0.0	0.0	-0.2624547869904887	0.0294051906411283	0.5389344421375739	0.0092099702817037	0.0027590136191331	-0.0024007590387691	0.0616422574703826	0.9796071022787204	1.0620218829544896	0.1079856335507605	-1.3570556920208168	0.5381707326595871
-0.080590653	-0.0013997606	0.038166415	0.0122989038	-0.071718924	-0.0958603007	-0.0578251086	-0.0271112299	0.0903338313	-0.0812068905	0.0	0.0	0.0	-0.2597978206995037	-0.0525224646915774	0.5254394140595906	0.0092283857286322	0.0030979802542205	-0.0024038524463104	0.1161034241795339	-0.5993114111697102	0.2761030963009633	-0.13272648622093	-1.5696363768981834	0.3379405976810647
0.0905777548	0.0064048291	0.0065016528	-0.0104786753	-0.0796270099	-0.0239394709	-0.0589468273	-0.0243950616	0.0887660682	-0.0841079135	0.0	0.0	0.0	-0.2603792742323634	0.0595361792576056	0.5297904712822401	0.0092059000575395	0.0031090101772432	-0.0024038700043824	0.1186678123140622	-0.0819640894357492	0.5687900531235242	0.2079199806086021	-1.353281483626491	0.4485180877321654
-0.0974453757	-0.077067572	0.0313127849	-0.0076303108	-0.0115109957	0.0655918814	-0.0600559604	-0.0216580603	0.0870277586	-0.0867216892	0.0	0.0	0.0	-0.2689383932312665	-0.0366085462428174	0.5281657741183068	0.009603386113404	0.0030780352940604	-0.002404843779818	0.1278002773874043	1.0053445396038183	0.9475112587768418	-0.077585608727558	-1.2294134025550585	0.5199252771409325
0.1370286835	-0.0871403387	-0.0027302646	-0.0288730791	0.022289169	-0.0270038947	-0.061152271	-0.0189025632	0.0851222424	-0.089039291	0.0	0.0	0.0	-0.2761636956512774	0.1027728950398767	0.5485646049287283	0.0090712007676	0.0029948483237398	-0.0026951483994177	0.2122894212993414	1.5499176969717197	1.247202538589244	0.3004858947939368	-0.5410716237830504	0.0309031412642899
-0.0282409337	-0.1007721427	0.0950119639	0.09567208	0.0478005086	0.0078955828	-0.0622355251	-0.0161309235	0.0830531806	-0.0910528036	0.0	0.0	0.0	-0.2746086953701336	-0.0369445953587188	0.5493899934797071	0.0099390143772822	0.0030998591042961	-0.002460973660485	0.202447835689278	1.2701860472868838	0.9246590777346289	-0.1401637146237535	-1.4383029109061525	0.0934809381407254
0.0485579448	-0.0606321999	0.0199129761	0.0360086561	-0.0764860087	-0.0754628909	-0.0633054914	-0.0133455082	0.0808245485	-0.0927553505	0.0	0.0	0.0	-0.2702465382966039	0.0341209029019609	0.5669338354985456	0.0091859355681681	0.00299099212882	-0.0025218006626469	0.1391101366906529	0.5133007764398453	0.3655002991799152	-0.029175170497019	-1.6103402653000296	0.2833754650464599
0.0100930014	-0.0272717557	0.0328128163	0.0004880957	-0.0965157272	0.0849763511	-0.0643619414	-0.010548696	0.078440628	-0.0941411172	0.0	0.0	0.0	-0.2795386941500624	0.0020496396213331	0.5612496417246433	0.0101097809886092	0.0030998060333617	-0.0026287454181466	0.1040278169321135	0.733510631884253	0.7400678329294512	-0.0839208034186791	-1.5629577724633616	0.2447168889837987
-0.0162659465	-0.0273728807	-0.0161892276	-0.1407505737	-0.032915257	0.0600877819	-0.0654046496	-0.0077428754	0.0759059992	-0.0952053708	0.0	0.0	0.0	-0.2778419359217139	-0.0004115940128599	0.571422997778825	0.009866432097388	0.003119193741085	-0.0027149632242368	0.0317790681684581	1.0027763074805447	0.8883478620417214	0.0245264970779555	-1.1191932111031049	0.3403440103124968
0.0719116176	-0.0557922624	0.0034084693	-0.0040441205	-0.0425848384	0.0017948644	-0.0664333933	-0.0049304424	0.0732255321	-0.0959444768	0.0	0.0	0.0	-0.2712361582001392	0.0300885391419853	0.567392366542137	0.0104041192820641	0.0034237945856869	-0.0025583873589505	0.0910797368413229	1.2049747612447776	0.9749272919017884	0.0194764672559398	-1.3634686751815914	0.4084596891763433
-0.017224298	-0.0432609626	0.0537956057	-0.0365206831	0.0148313551	-0.0250538039	-0.0674479529	-0.0021137989	0.0704043766	-0.096355911	0.0	0.0	0.0	-0.2749288072603377	0.00441643658705	0.5555765644241148	0.0101269691154819	0.0031629734888098	-0.0026890980044355	0.0746146491803709	0.5212816633990269	0.5401053471353248	-0.1847612436282617	-1.5533664843844774	0.3209380896207571
0.0361766301	-0.0560100126	0.0531889526	-0.0586355235	-0.0077732293	-0.0395814146	-0.0684481119	0.0007046498	0.0674479529	-0.0964382681	0.0	0.0	0.0	-0.2871734017471397	0.0234946484445828	0.5694728493392063	0.0104813089302284	0.0035591749567562	-0.0025647357052898	0.0889642703513562	1.0021560203302402	0.7597094982882601	-0.0826122614358884	-1.5555792570550775	0.1672038639283445
-0.0197404132	-0.0455576461	0.0530973786	0.0100977151	-0.0237304863	-0.0552612772	-0.0694336566	0.0035224967	0.0643619414	-0.096191267	0.0	0.0	0.0	-0.286066139873057	0.0052600008260839	0.5803900816031984	0.0104054873395199	0.0035582207016602	-0.0026690984379909	0.0393160706818536	0.3259654406746636	0.4419014039623425	-0.1282059728210323	-1.5923542328845022	0.1102844072523195
0.0639033943	0.0140729369	0.061522103	-0.0218284254	0.0211459779	-0.0711414844	-0.0704043766	0.0063373354	0.061152271	-0.0956157512	0.0	0.0	0.0	-0.2900562673111864	0.048725992890823	0.5858409235772513	0.0106935922113443	0.0035540714646338	-0.0030001081150672	0.0840701507732763	-0.3313918367022985	0.1272359359543313	0.2316806332734265	-1.6859034708158924	0.079968685929406
-0.0444458409	0.0142728063	0.0157311717	-0.0599656785	-0.0299609623	-0.0173793234	-0.0713600647	0.0091467622	0.0578251086	-0.0947136862	0.0	0.0	0.0	-0.2894071447667699	0.0077008992100218	0.5907604371355433	0.010307416623346	0.0035590246362737	-0.0026349255188383	0.0844092975768647	-0.5684514373909672	0.2521479089716748	-0.0066325908614593	-1.3120634587161224	0.2808529342399297
0.1247925472	-0.0016046666	0.0233424524	-0.0718532914	-0.0267685274	0.0190394642	-0.0723005168	0.0119483777	0.0543868467	-0.0934881527	0.0	0.0	0.0	-0.2954214224314455	0.0765907756920682	0.6096506652706495	0.0106284212056193	0.0037721723657457	-0.0030021454227215	0.1388629930632532	0.4975075693807303	0.6633917717135497	0.1219504179452384	-1.2455105765849277	0.4810210647619215
-0.0538663439	0.0036335928	0.0779133709	-0.0938426524	0.0098459104	0.0054891261	-0.0732255321	0.0147397894	0.0508440912	-0.0919433363	0.0	0.0	0.0	-0.2991613638554469	-0.0482776942149882	0.620297672570203	0.0113211356657623	0.0035521377347125	-0.0030022162833055	0.1848964162186213	-0.2952184850748713	0.6674090982922126	-0.169212626472193	-1.2015343510167753	0.2661873174414406
0.1168256183	0.0231162081	0.0442674745	-0.0132067967	0.071383404	-0.1150036129	-0.0741349132	0.0175186135	0.0472036488	-0.0900845128	0.0	0.0	0.0	-0.2962388843496057	0.0935109886304417	0.6322837755398893	0.010833125394488	0.0038908597963593	-0.0030041748393324	0.1981318097683575	-0.6100182636604051	0.1563314324274382	0.1811847241695219	-1.461757106030536	0.1910465621067583
-0.0166432132	0.0267248677	0.0980337483	-0.0118247592	0.1311415824	-0.0914434651	-0.0750284658	0.020282477	0.0434725139	-0.0879180306	0.0	0.0	0.0	-0.3018755285310845	-0.0381057146138061	0.6237172003265243	0.0113983729795733	0.0038918584278779	-0.0028582873982339	0.1814266055242115	-1.4373120460297517	0.3721602884753652	-0.099599186856481	-0.5145301912671575	0.1504545510944049
-0.0205941771	0.0396119814	-0.0226589994	-0.0164133636	0.0153345166	-0.1910755781	-0.0759059992	0.0230290194	0.0396578552	-0.0854512886	0.0	0.0	0.0	-0.3054723450724736	0.017866837959076	0.6194529870197556	0.0107741851398564	0.0038113097086034	-0.0028436281072273	0.0998033749209399	-1.4197491244165648	0.1757420227057918	-0.0229790051008708	0.8090367454388139	0.2203540673521678
-0.0505762142	0.046124953	-0.0550128352	-0.0625437215	0.0026743204	-0.1262847957	-0.0767673261	0.0257558953	0.0357670017	-0.0826927113	0.0	0.0	0.0	-0.3065973622332478	-0.0010512416684633	0.5967466551144867	0.0112782622068617	0.0038079249710407	-0.0026090681671036	0.0798505159281674	-1.098451442600427	-0.0781679405271703	-0.0226545576927847	1.257855674586835	0.324465328993038
-0.0151877389	0.0707701381	-0.0764177923	-0.1597490687	-0.0292347332	-0.0061853258	-0.0776122625	0.028460776	0.031807429	-0.0796517199	0.0	0.0	0.0	-0.3017567631755753	0.0737357118240851	0.6196122015055181	0.0108952750322179	0.0041612461252404	-0.0026422646941061	0.1409683417335523	-1.4619107896220966	0.0648455597081563	0.0965174027998244	0.4740020256791667	0.1019181384210714
-0.0469634787	0.0519038905	0.0170240558	-0.0521002882	0.0512954192	-0.0065603335	-0.078440628	0.0311413515	0.0277867445	-0.0763387001	0.0	0.0	0.0	-0.3079502469274473	-0.0146503058572307	0.616863776135105	0.0114733767927115	0.0044328644695752	-0.0029290447824232	0.1541529364608758	-1.634094789717234	0.123179086315883	-0.1437762305192737	0.1169650896401814	0.0594620721491781
0.026799208	0.0880846504	0.0030867939	-0.0662599541	0.0926492011	-0.1303393715	-0.0792522457	0.0337953327	0.0237126734	-0.0727649665	0.0	0.0	0.0	-0.3086071906126761	0.0670584766512831	0.6645809598084185	0.0108877609417189	0.0044392327423423	-0.002465754979936	0.182846606179401	-1.455050016415726	0.305998290085503	-0.1052856110802764	0.5425069744429218	0.0935779502406965
-0.0723746657	0.0359540317	-0.0316545392	0.0290511789	0.0505928357	-0.0882492847	-0.0800469425	0.036420453	0.019593043	-0.0689427242	0.0	0.0	0.0	-0.3100216068179833	-0.0244956696764262	0.6257390975923869	0.0119915279974816	0.0044358786496927	-0.0025521990462325	0.191488685484488	-0.9819301022974012	0.0325578384921551	0.0348986313209549	1.337306987540873	0.55455850394785
0.0468363259	0.0586748022	-0.1202389514	-0.0888315387	0.0121448201	-0.0861898127	-0.0808245485	0.0390144708	0.0154357684	-0.0648850272	0.0	0.0	0.0	-0.3125722059333924	0.0975644309017269	0.6596892094184881	0.0116373033660315	0.0042901421237697	-0.0030120815400607	0.2065529940797283	-0.1697545672307857	-0.502921135709978	0.1109654390693101	1.533822464700824	0.7213968622834966
-0.0485142156	0.0425426397	-0.0672238578	-0.0348704522	0.0451785772	-0.0207724836	-0.0815848978	0.0415751706	0.0112488371	-0.0606057332	0.0	0.0	0.0	-0.3070327200379523	-0.0303271795435051	0.6294477010049633	0.0127974549476665	0.0044342542108311	-0.002492993329593	0.254840198712402	-0.5425958321038091	-0.1237006210803899	-0.0929101941392317	1.6736991720320584	0.5215220376926543
0.0275396072	0.1100258618	-0.0929799654	-0.1388626815	0.0079977414	-0.0821768218	-0.082327828	0.0441003657	0.0070402933	-0.0561194571	0.0	0.0	0.0	-0.3078704574083986	0.0742109040591856	0.680345690537763	0.0126121815448751	0.0044308895886338	-0.0028250718969945	0.1823096401254467	-1.1367301686647409	0.235594277260032	-0.2239587166377869	1.4068043221394526	0.5353769930067005
-0.0039019824	0.0687202628	-0.0234231348	0.0239787082	0.1378944495	-0.0470412591	-0.0830531806	0.0465878996	0.002818223	-0.0514415205	0.0	0.0	0.0	-0.3100132026746252	-0.0081226139449768	0.6623725719444025	0.0131307904192276	0.0044359735618613	-0.0026257519200462	0.1386000230901645	-1.0751173856380118	0.2003544152456755	-0.2230707131530438	1.24899985099952	0.6833725186587257
-0.040655389	0.0506965097	-0.042804555	0.0007897265	0.0323358607	-0.0679647388	-0.0837608006	0.049035648	-0.0014092619	-0.0465878996	0.0	0.0	0.0	-0.3086714280600944	0.0055603837760003	0.6172940697337594	0.0129454535197916	0.0045391111502055	-0.0026430072080377	0.0753897633347359	-0.5063479342172148	0.0149326191664297	-0.3844691150772886	1.641061925212964	0.7997942846914332
0.0043548377	0.0165830546	-0.1033218398	0.0325536109	0.1295278808	0.0189832708	-0.084450537	0.0514415205	-0.0056340393	-0.0415751706	0.0	0.0	0.0	-0.3086188618262042	0.0541667399215413	0.6060906727598905	0.0134063807237009	0.0043209231045873	-0.0027290996696858	0.0981227049120802	0.1184935045290455	-0.6585687433224873	0.0663083880693324	1.3431391397315235	0.8646750424778915
-0.0937904775	-0.0282798212	-0.0842227034	0.1027515385	-0.0060639046	0.0176933371	-0.0851222424	0.0538034626	-0.0098479919	-0.036420453	0.0	0.0	0.0	-0.3099143776342004	-0.0194112242998016	0.5517168418827083	0.0137338739668732	0.0044739257257182	-0.0025928611934842	0.1600840279317612	0.4974525963664667	-0.835330680234687	-0.2004402073471645	1.2182868409496084	0.822899551819533
0.0250670055	-0.0170817437	-0.0912421041	0.1677126872	-0.0449171713	0.0365770622	-0.0857757736	0.0561194571	-0.0140430236	-0.0311413515	0.0	0.0	0.0	-0.3070776402715864	0.0826368649154858	0.5351589046185694	0.0136083365910429	0.0044549180147872	-0.0026169461436956	0.1298742656906752	0.5150029380386625	-1.1059961766177064	0.2184015010642929	1.0406905648859246	0.8029860170702061
-0.1239674415	-0.0203556751	-0.0582088044	0.0798647636	-0.0753181221	0.0662965113	-0.0864109908	0.0583875263	-0.0182110744	-0.0257558953	0.0	0.0	0.0	-0.3095136323377403	-0.0120872637808417	0.5415492724828681	0.0141733999251048	0.0046198881105818	-0.0025218772262648	0.144805605991145	0.3343496049063101	-0.7185600413269856	-0.2610560178253564	1.3022950427115711	0.7709886648771356
0.0449673128	-0.0153809867	-0.1073337578	0.0926250816	0.0093470882	0.0431206066	-0.0870277586	0.0606057332	-0.0223441362	-0.020282477	0.0	0.0	0.0	-0.314661410899248	0.1102789975977032	0.5374458609716299	0.0133925653219427	0.0046719788144744	-0.0030249427782289	0.1984169944022306	0.6794770410660641	-1.430666962894559	0.066171594413069	0.9499737717712536	0.5956183569806912
-0.070305585	-0.0822476684	-0.0595699161	0.0927575182	-0.0005355607	0.0773573141	-0.0876259453	0.0627721835	-0.0264342681	-0.0147397894	0.0	0.0	0.0	-0.3168382769619597	-0.0129918212906972	0.5252107020606616	0.0141048167008744	0.0047728002188549	-0.0026188049750484	0.1986433731867155	0.638589914874023	-1.8370334581359269	-0.2890269506629436	0.4664999661610201	-0.7203256494390838
0.037416709	-0.0777703016	-0.077539474	0.0785260658	0.0224382648	0.1180637373	-0.088205423	0.0648850272	-0.0304736118	-0.0091467622	0.0	0.0	0.0	-0.3110337432734269	0.1116974878913339	0.5403007140001677	0.013604451465808	0.0042532877140524	-0.0025630643627255	0.1993647724196599	0.8673910957051767	-1.894786416799916	-0.1491786350595406	0.2939025796403868	-0.7018629140342371
-0.0557173795	-0.0926273638	-0.0112553992	0.0785862888	0.0616507144	0.0580127544	-0.0887660682	0.0669424597	-0.0344544065	-0.0035224967	0.0	0.0	0.0	-0.3170208876802576	0.0006868913205408	0.5136253378362312	0.0145394731262641	0.0047709385588454	-0.0026608410044631	0.2211955744908952	0.6664491247257206	-1.9459279230357245	-0.2671168614708312	0.1877077710749146	-1.1726947005946298
0.0033469058	-0.1062366121	-0.0857020232	0.0539388915	0.0423522501	0.04934736	-0.089307761	0.0689427242	-0.0383690038	0.0021137989	0.0	0.0	0.0	-0.3224749227652665	0.0728301819743393	0.5405179277544505	0.0135982001260872	0.0043719986171406	-0.002606865064422	0.1741993597531667	0.5788767984249297	-1.435164760844304	-0.1656873258661317	0.3042850184062635	-1.6451645201887974
0.0313022035	-0.1039779191	-0.0507078075	0.1618534684	0.0641884121	0.0732100648	-0.0898303859	0.0708841125	-0.0422098827	0.0077428754	0.0	0.0	0.0	-0.3333458489749148	0.0429790342558789	0.5530748237705154	0.0146439047357116	0.0047650860226289	-0.0030320711052018	0.1464788727387986	0.655358085883935	-1.3480060123964774	-0.1569762604697848	0.1990065269824094	-1.8784646909755915
-0.0854726643	-0.1313363762	0.051895796	0.1325288938	-0.0182456035	-0.0283284494	-0.0903338313	0.0727649665	-0.0459696636	0.0133455082	0.0	0.0	0.0	-0.3358371090921395	-0.0294841642271137	0.5780462140530318	0.0145967796148573	0.0043353180907672	-0.0025947933903961	0.1456343872588186	0.7924574420471279	0.3707320348203048	-0.3150425814124829	0.6744399775286936	-2.215916081786542
0.0850107446	-0.0943649606	-0.003745411	0.0718168664	0.0096921875	0.0630640946	-0.0908179896	0.0745836801	-0.0496411229	0.0189025632	0.0	0.0	0.0	-0.3266248960689921	0.0892796512698623	0.5911303172399442	0.013702887978057	0.0043542030849896	-0.0029219844440359	0.2030585159401608	1.290302550324929	0.8264513395446158	-0.2878363144826257	0.2766318780142732	-1.852160744848941
-0.0298094452	-0.0901790683	0.0313003545	-0.0219142389	-0.0371864056	0.0892068786	-0.0912827574	0.0763387001	-0.0532172065	0.0243950616	0.0	0.0	0.0	-0.3216456037712731	-0.0373620464262103	0.5655697116313689	0.0142377759199478	0.00443293771314	-0.0025711994690427	0.2054019728540868	1.114872687385763	1.1293904217434187	-0.4059466952246603	0.3578137579410464	-1.765382916745487
0.0616181552	-0.0585507431	0.0421322537	-0.0412423691	-0.0061427862	0.0679834066	-0.0917280357	0.0780285277	-0.0566910438	0.0298042455	0.0	0.0	0.0	-0.3245921710358317	0.0681713995785457	0.5915961424419862	0.0138669491856572	0.0042427803695213	-0.0030210762034625	0.1850494846963869	1.2207871797012944	1.150535077645095	-0.1199754054969164	0.2774500486305469	-1.594331400620464
-0.0479991773	-0.0861779898	0.096315223	0.018150243	-0.0352258074	0.04884834	-0.0921537292	0.0796517199	-0.0600559604	0.0351116412	0.0	0.0	0.0	-0.3354814933610015	-0.0095015418916801	0.5834815908728359	0.0147572773397831	0.0046331445262119	-0.0028648649934002	0.1685219914084859	1.2787349299298667	1.2347958514750397	-0.210421898670255	-0.1129141095979846	-1.2062091062565234
0.1179401854	-0.0396692543	0.0835797105	0.0386858219	-0.0150664309	0.0597068081	-0.0925597472	0.0812068905	-0.0633054914	0.0402991228	0.0	0.0	0.0	-0.3392327255753997	0.1142047690710938	0.6196210767848243	0.0136462492088796	0.0047680955011772	-0.0030271962300676	0.2340125462159704	1.1933553715945566	1.1557894898240038	0.1822133103047189	-0.9465243217047228	0.0410187536849334
0.0114567884	-0.0023456321	0.1472555525	0.1339138701	-0.0831265408	-0.004982705	-0.0929460028	0.0826927113	-0.0664333933	0.0453489738	0.0	0.0	0.0	-0.3304056906303998	-0.006164249474736	0.6020180245983653	0.0147885463632639	0.0047700976697786	-0.0026629382481981	0.2222269709200485	-0.3519564248746266	0.4230743436786462	0.004928877532381	-1.6004664086045224	0.1871496581028093
0.0182179575	0.0581939959	0.104958413	0.0064629461	-0.1384997121	0.0384960835	-0.0933124137	0.0841079135	-0.0694336566	0.050243948	0.0	0.0	0.0	-0.3360029012557248	0.0768143281241293	0.6213432228262405	0.0145986383526881	0.0047698566274332	-0.0027299823413979	0.1207606437581155	-0.3015141130735045	0.4411979071795305	0.0016386373935185	-1.3855117699892416	0.3591927063420994
-0.0151852692	0.0259300847	0.0847517919	-0.0274291648	-0.0322130747	0.0527290184	-0.0936589016	0.0854512886	-0.0723005168	0.0549673278	0.0	0.0	0.0	-0.335026950240092	-0.0147007162099299	0.6255887980948529	0.0152409398413702	0.0047636793973566	-0.0030349958725432	0.1444111831135043	-0.2913746675786809	0.5732767485558241	-0.2142253444974715	-1.3043729328515914	0.281192835461144
0.0222270534	0.0643628938	0.0823216502	-0.0258242171	-0.0790060831	-0.0268705906	-0.0939853925	0.0867216892	-0.0750284658	0.0595029819	0.0	0.0	0.0	-0.3360525844319539	0.0807594672218954	0.6434672271604427	0.0147145524206235	0.0050150056571143	-0.0025550479855473	0.177247325064292	-0.8111997714199531	0.5283967049807202	-0.1236950758917804	-1.151034513700166	0.3133365870049475
-0.0153189835	0.0685928385	0.0760803834	0.0216601836	-0.0081912107	0.0287549034	-0.0942918168	0.0879180306	-0.0776122625	0.0638354201	0.0	0.0	0.0	-0.3366438908529403	-0.0159226593840742	0.6194295337235616	0.0157557824207039	0.0047730922681943	-0.002313260773988	0.1975576564918222	-1.4277610148484638	0.5458319082441632	-0.3365072200414187	-0.1882347977646313	0.1942260205266477
-0.005173975	0.1248417877	0.0656594467	-0.0171955718	-0.0843566979	-0.0417786245	-0.0945781089	0.089039291	-0.0800469425	0.0679498459	0.0	0.0	0.0	-0.3413020229221644	0.0780667492938533	0.6498655088406196	0.0151988827900424	0.0047700758430855	-0.0025959187609297	0.1712122179998096	-1.601969835662474	0.4717205079668202	-0.2619963862148979	0.3651232765332052	0.0493180029174555
-0.0452577621	0.0757151015	0.1026076314	-0.0440449386	-0.0143366425	0.0255501352	-0.0948442078	0.0900845128	-0.082327828	0.0718322079	0.0	0.0	0.0	-0.3402428636935752	-0.027174540012254	0.6493404702039101	0.0159080459020839	0.004774764914843	-0.002208630900355	0.1618824893900909	-1.5870721919176447	0.5570875590039944	-0.3992164025653288	0.4106062332581287	0.0081297384913875
0.0175869532	0.108709921	0.0210749943	-0.037071322	-0.1681449825	-0.0063898259	-0.0950900567	0.0910528036	-0.084450537	0.0754692467	0.0	0.0	0.0	-0.33150227105466	0.0717361408025851	0.6542572656233858	0.0162753459260366	0.0050269545301351	-0.0023850809991053	0.1523650557729851	-1.5497025024788516	0.7102290165452497	-0.1236840029631726	0.7039553345516628	0.1699843003168687
-0.041398997	0.0567565915	0.0403885564	0.080805688	-0.0758324492	0.0287739072	-0.0953156031	0.0919433363	-0.0864109908	0.0788485412	0.0	0.0	0.0	-0.3193361605996188	-0.0134851824907684	0.6221535971883014	0.0172423547301245	0.0050840221113797	-0.0023070182750508	0.184598057652829	-1.2619741087190612	0.5183355477026301	-0.1132935889803509	0.9894438011636209	0.5204912796427704
0.0224220543	0.100568023	-0.0316199106	0.0165246695	-0.1092437264	-0.0738085501	-0.0955207987	0.0927553505	-0.088205423	0.0819585503	0.0	0.0	0.0	-0.3122336869739115	0.1109891231901514	0.6580529605944747	0.0171328879137934	0.0049971125789887	-0.0023679969113768	0.1803438919652053	-0.5246404476197098	0.3640482676793029	-0.1651556053310756	1.5915483645464628	0.9365976748308408
0.0518899061	0.0699102997	-0.0514093662	0.0572615323	-0.0262643226	0.0482534515	-0.0957055999	0.0934881527	-0.0898303859	0.0847886526	0.0	0.0	0.0	-0.3244936669701417	0.0621786506616359	0.6436100079234848	0.0174131042507198	0.0051018203039601	-0.0021931008917786	0.1035044092705356	-0.0382204743408494	0.0825425462752544	0.0545172995669245	1.5076488739681244	1.1694269080434632
-0.0517840685	0.028454745	-0.0449974723	-0.038023177	0.0128329451	-0.0176357658	-0.0958699671	0.0941411172	-0.0912827574	0.0873291827	0.0	0.0	0.0	-0.3290805254266047	0.0204925792931334	0.6827189728895462	0.0173707514392195	0.0055223226642591	-0.0024336692292475	0.1205530702544369	0.3838142401291167	-0.532692551576594	-0.2314507966008542	1.2563461725875218	1.0984729155264397
0.0933986128	0.0671754333	-0.1056291663	-0.090874819	0.0958749999	0.0530410631	-0.0960138653	0.0947136862	-0.0925597472	0.089571464	0.0	0.0	0.0	-0.3408042899467318	0.1069348982290705	0.6905278311288754	0.017649131539749	0.0058497617352364	-0.00223631421518	0.1461336509741083	0.560335154412812	-0.8769197096316017	-0.3776655559762882	0.8615083528310691	0.9966264121261572
-0.048428126	0.0179000618	-0.0416331178	-0.0593218165	0.0900871659	0.0696398246	-0.0961372637	0.0952053708	-0.0936589016	0.0915078388	0.0	0.0	0.0	-0.3440332998453215	-0.0083590266833653	0.687297333627356	0.018054329297412	0.0058479066792991	-0.0022829917186163	0.1444399481643747	0.5499524813652686	-1.4045968631047103	-0.5267594384566123	0.6284070299346454	0.2606906076505214
0.111294671	-0.0219159255	-0.0407261979	0.0100397204	0.1273350386	0.0145474438	-0.0962401359	0.0956157512	-0.0945781089	0.0931316938	0.0	0.0	0.0	-0.3360353698617473	0.1186311487285678	0.7193732998831166	0.0176133673877218	0.0058480725380634	-0.0023192026686848	0.1909310075774177	0.7472245930190526	-1.7200453920235736	-0.3197419127751062	0.1001758133337529	-0.459334672602887
-0.0667988003	-0.0684249449	0.0049658735	-0.0287830578	0.0982396036	-0.0164356514	-0.0963224601	0.0959444768	-0.0953156031	0.0944374833	0.0	0.0	0.0	-0.3451554578870315	-0.0069668782263931	0.7021084539716185	0.0183500736554899	0.0058459824310403	-0.0023483560862146	0.1903804505077931	0.5721686326951961	-1.527250427112451	-0.5279504206637035	-0.0252468270379391	-1.697131595538854
0.0362813404	-0.0668683043	-0.0246825573	-0.0718905378	0.0518385831	-0.1293922353	-0.0963842186	0.096191267	-0.0958699671	0.0954207476	0.0	0.0	0.0	-0.3437770794605654	0.0927666252791965	0.7804917352472671	0.0177350400753167	0.0061560330529979	-0.002085771131977	0.2388786210261242	0.580920952483923	-1.2835283803048267	-0.4409751534251159	-0.1133013504774025	-2.0848948034525057
-0.008636055	-0.0455736153	-0.042080491	-0.1447126546	0.0307607305	-0.0480041731	-0.0964253983	0.096355911	-0.0962401359	0.0960781287	0.0	0.0	0.0	-0.3441927615969717	0.0432136361571622	0.7478694414844256	0.0178279489745252	0.0064021285607465	-0.0021237618611436	0.101440721827467	0.90936921181957	-1.7728388909881976	-0.7261344377682656	-0.0128442066768405	-1.135883926587858
-0.0717696344	-0.000511782	-0.0087768126	-0.1314633434	0.0118047653	-0.0795713611	-0.0964459903	0.0964382681	-0.0964253983	0.0964073815	0.0	0.0	0.0	-0.3467117350868562	0.0493290021788226	0.7723458798141394	0.0177138889965055	0.0065860056961599	-0.0024920519622607	0.0664221385687687	0.5356833725867031	-1.4771225761204425	-0.8016953157238392	0.2766499881137693	-0.1013845552724321
