subject	session	task	run	events_path	events_sha256	expected_trials	response_trials	trial_count_complete	misses	miss_fraction	response_fraction	first_miss_trial	last_miss_trial	longest_miss_streak	longest_miss_streak_start_trial	terminal_miss_streak	terminal_miss_start_trial	terminal_miss_start_onset_sec	terminal_affected_duration_sec	preterminal_trials	preterminal_misses	preterminal_miss_fraction	retained_trial_fraction_if_terminal_trimmed	overall_miss_rule_failed	terminal_failure_candidate	salvage_review_candidate	review_status	review_reasons	miss_pattern
10608	01	sharedreward	2	bids/sub-10608/ses-01/func/sub-10608_ses-01_task-sharedreward_run-2_events.tsv	c987e130cc1255f4f6bfaa2e9051ed8b501b2d15892498ff0d320736c56a26bb	54	54	true	19	0.351852	0.648148	36	54	19	36	19	36	273.06226	129.52356	35	0	0	0.648148	true	true	true	review	overall_miss_fraction_threshold;terminal_miss_streak	...................................MMMMMMMMMMMMMMMMMMM
10777	01	sharedreward	2	bids/sub-10777/ses-01/func/sub-10777_ses-01_task-sharedreward_run-2_events.tsv	143011222da36513fac412d52e68fecdd41d3d404b291c629beda563dd99dba2	54	54	true	7	0.12963	0.87037	48	54	7	48	7	48	356.80728	45.69718	47	0	0	0.87037	false	true	true	review	terminal_miss_streak	...............................................MMMMMMM
10800	01	socialdoors	1	bids/sub-10800/ses-01/func/sub-10800_ses-01_task-socialdoors_run-1_events.tsv	59d144463e28d72d8cd9792875bca699953bf2ed9fef21d653c41266f8fad847	40	40	true	11	0.275	0.725	17	40	2	27	1	40	326.875335	4.58325	39	10	0.25641	0.975	true	false	false	review	overall_miss_fraction_threshold	................M...M...M.MM.MM...M.MM.M
10809	01	sharedreward	1	bids/sub-10809/ses-01/func/sub-10809_ses-01_task-sharedreward_run-1_events.tsv	d46594a530e277fbc2ba7248013059c94fe66e9e24f113232c5b83685c82aaa4	54	54	true	20	0.37037	0.62963	1	41	4	21	0				54	20	0.37037	1	true	false	false	review	overall_miss_fraction_threshold	M..M.MM....MM.MM.MM.MMMM.MMMM.......M...M.............
10827	01	trust	1	bids/sub-10827/ses-01/func/sub-10827_ses-01_task-trust_run-1_events.tsv	ed91d8a733719cd4ff64e6e26bcece67ac224a8690bd843997580ce0b5981b97	42	42	true	13	0.309524	0.690476	7	42	2	34	2	41	422.50122	14.3154	40	11	0.275	0.952381	true	false	false	review	overall_miss_fraction_threshold	......M.....M...M..M..M..M...M...MM.MM..MM
10827	01	trust	2	bids/sub-10827/ses-01/func/sub-10827_ses-01_task-trust_run-2_events.tsv	50844f9ee5d1c18729cb2577d4973a58da0ab5a1b1186b2b03106f8e09db793a	42	42	true	15	0.357143	0.642857	2	39	2	11	0				42	15	0.357143	1	true	false	false	review	overall_miss_fraction_threshold	.M..M.....MM...M..MM..MM.M..M..M...MM.M...
10836	01	ugr	1	bids/sub-10836/ses-01/func/sub-10836_ses-01_task-ugr_run-1_events.tsv	cbb6b38e1a00159d37b192be23329f7afa4017d2ddd25b20385bb76fa9209007	48	34	false	6	0.176471	0.823529	24	34	4	28	1	34	257.16586	3.75064	33	5	0.151515	0.970588	false	false	false	review	unexpected_trial_count	.......................M...MMMM..M
10908	01	socialdoors	1	bids/sub-10908/ses-01/func/sub-10908_ses-01_task-socialdoors_run-1_events.tsv	d3c397d4f71f1a4b4f7dfe6d5a5a0f1233221934252f3be238995bbc274155bf	40	40	true	8	0.2	0.8	33	40	8	33	8	33	267.616747	63.666205	32	0	0	0.8	false	true	true	review	terminal_miss_streak	................................MMMMMMMM
10954	01	doors	1	bids/sub-10954/ses-01/func/sub-10954_ses-01_task-doors_run-1_events.tsv	a0d2225eca61a2953e30cde0e95880fc8353271288143cfed2dc832cc9e5e906	40	40	true	10	0.25	0.75	6	40	3	36	1	40	325.821609	4.583291	39	9	0.230769	0.975	true	false	false	review	overall_miss_fraction_threshold	.....M......M.............M.M.M..M.MMM.M
10954	01	sharedreward	2	bids/sub-10954/ses-01/func/sub-10954_ses-01_task-sharedreward_run-2_events.tsv	f8384d4c520bb0a4ea2d5a7c35545d326a3de452ed4e5991fdf353060c92d130	54	54	true	15	0.277778	0.722222	8	53	2	14	0				54	15	0.277778	1	true	false	false	review	overall_miss_fraction_threshold	.......M.....MM.M......M...MM.....M....M.MM.M.M....MM.
10954	01	socialdoors	1	bids/sub-10954/ses-01/func/sub-10954_ses-01_task-socialdoors_run-1_events.tsv	170baad3189afed00cb8de23a392956e2ef020fba2825df8360eb3856996b5db	40	40	true	12	0.3	0.7	3	39	4	36	0				40	12	0.3	1	true	false	false	review	overall_miss_fraction_threshold	..M.........M..M..M....M....M.MM...MMMM.
10954	01	trust	1	bids/sub-10954/ses-01/func/sub-10954_ses-01_task-trust_run-1_events.tsv	c80ecb744d51cc6b44d619f74321b86d08678c71e1962765c8fe64724c8e3055	42	42	true	13	0.309524	0.690476	6	41	4	34	0				42	13	0.309524	1	true	false	false	review	overall_miss_fraction_threshold	.....M....M..........M.M....MM.M.MMMM..MM.
10954	01	trust	2	bids/sub-10954/ses-01/func/sub-10954_ses-01_task-trust_run-2_events.tsv	ecb1ab1c21506609a75209f02a1b85d130d523c41e67cd3d8fc9fdf3ca23ce58	42	42	true	12	0.285714	0.714286	1	41	4	38	0				42	12	0.285714	1	true	false	false	review	overall_miss_fraction_threshold	M........M........M..M.MMM.......M...MMMM.
10954	01	ugr	1	bids/sub-10954/ses-01/func/sub-10954_ses-01_task-ugr_run-1_events.tsv	b9827a7f48a2317a30bae7b440b23de9804ad046b21372990fe9682ed4afe2c0	48	48	true	15	0.3125	0.6875	9	46	4	30	0				48	15	0.3125	1	true	false	false	review	overall_miss_fraction_threshold	........M.M.....M....M...M.M.MMMM.......M.MMMM..
11125	01	doors	1	bids/sub-11125/ses-01/func/sub-11125_ses-01_task-doors_run-1_events.tsv	60172901fb0b89dd47fdba3213aea26af9bb6c6f7bc7f33590bed91bd4748d6d	40	40	true	40	1	0	1	40	40	1	40	1	0.601871	331.015232	0	0	1	0	true	true	false	review	overall_miss_fraction_threshold;terminal_miss_streak	MMMMMMMMMMMMMMMMMMMMMMMMMMMMMMMMMMMMMMMM
11125	01	sharedreward	2	bids/sub-11125/ses-01/func/sub-11125_ses-01_task-sharedreward_run-2_events.tsv	29239b9338e18e3dc8d8502d0c6bbaba674ca56af7d075bbf392140cb7e86454	54	54	true	23	0.425926	0.574074	8	54	8	47	8	47	348.4971	53.9723	46	15	0.326087	0.851852	true	true	false	review	overall_miss_fraction_threshold;terminal_miss_streak	.......M...M..M.......MM.M.MMM....M..MMMMM....MMMMMMMM
11125	01	socialdoors	1	bids/sub-11125/ses-01/func/sub-11125_ses-01_task-socialdoors_run-1_events.tsv	4954cfc1cc78dfc18a9dcbfd10de543cfbb2eb03bd6d0f79e5c98c96ef057ea1	40	40	true	40	1	0	1	40	40	1	40	1	0.642679	332.248492	0	0	1	0	true	true	false	review	overall_miss_fraction_threshold;terminal_miss_streak	MMMMMMMMMMMMMMMMMMMMMMMMMMMMMMMMMMMMMMMM
11125	01	trust	2	bids/sub-11125/ses-01/func/sub-11125_ses-01_task-trust_run-2_events.tsv	77d45c62d6735c754c724e56029347a711c6f11c293ef8e483248daddc7dca83	42	42	true	14	0.333333	0.666667	3	41	4	16	0				42	14	0.333333	1	true	false	false	review	overall_miss_fraction_threshold	..MM.....M...M.MMMM....M..M....M....MM..M.
11126	01	trust	2	bids/sub-11126/ses-01/func/sub-11126_ses-01_task-trust_run-2_events.tsv	840738e15227cae9aed58773f45eb95dc482affea3855b43dcd33ebdd5d20fc2	42	42	true	11	0.261905	0.738095	1	42	1	1	1	42	435.40393	3.00807	41	10	0.243902	0.97619	true	false	false	review	overall_miss_fraction_threshold	M...M......M...M.M.M..M......M.....M...M.M
11126	01	ugr	2	bids/sub-11126/ses-01/func/sub-11126_ses-01_task-ugr_run-2_events.tsv	215b838040a8931218044122466cd0d6bfbe415b151889d32d94bd491755bb28	48	48	true	14	0.291667	0.708333	2	48	2	47	2	47	362.20172	10.59903	46	12	0.26087	0.958333	true	false	false	review	overall_miss_fraction_threshold	.M..M..M...M.M......M.M..M......M..M...M.M....MM
11201	01	sharedreward	1	bids/sub-11201/ses-01/func/sub-11201_ses-01_task-sharedreward_run-1_events.tsv	734a358601ac4d1bfd3c6562d291895b801730b1cc42d67368691651a91c4f35	54	25	false	5	0.2	0.8	1	25	3	23	3	23	130.17926	20.31313	22	2	0.090909	0.88	false	false	false	review	unexpected_trial_count	MM....................MMM
11201	01	trust	1	bids/sub-11201/ses-01/func/sub-11201_ses-01_task-trust_run-1_events.tsv	fd3b6e10db57b7560596b138e159e3e4e81133550365f197d4799d07459e6368	42	11	false	2	0.181818	0.818182	2	11	1	2	1	11	101.95581	3.012475	10	1	0.1	0.909091	false	false	false	review	unexpected_trial_count	.M........M
11201	01	ugr	1	bids/sub-11201/ses-01/func/sub-11201_ses-01_task-ugr_run-1_events.tsv	8f91d12f92ab160d55b8b43322ff79d5b8e48eb79d170847bffd153f5b5a843c	48	12	false	0	0	1			0		0				12	0	0	1	false	false	false	review	unexpected_trial_count	............
11316	01	ugr	2	bids/sub-11316/ses-01/func/sub-11316_ses-01_task-ugr_run-2_events.tsv	021fc2c5a82f3c333c6556d8008b8780e151f07dba4120d66131c0ea4f8ae55b	48	48	true	17	0.354167	0.645833	26	42	17	26	0				48	17	0.354167	1	true	false	false	review	overall_miss_fraction_threshold	.........................MMMMMMMMMMMMMMMMM......
11535	01	ugr	2	bids/sub-11535/ses-01/func/sub-11535_ses-01_task-ugr_run-2_events.tsv	a28bd4c9cf4ef0308181a12118e1d202d0c6b6134f0156084d30b4626ae809f9	48	48	true	18	0.375	0.625	2	48	4	24	1	48	372.42737	3.75039	47	17	0.361702	0.979167	true	false	false	review	overall_miss_fraction_threshold	.M....MMM.M.M.M......M.MMMM....M...M.M.....M.M.M
11626	01	trust	2	bids/sub-11626/ses-01/func/sub-11626_ses-01_task-trust_run-2_events.tsv	713b5d6e4b34d1a3a485bb19a32d30fe4e3efe5a0038aa2387df81bb61ab4672	42	42	true	11	0.261905	0.738095	2	40	2	6	0				42	11	0.261905	1	true	false	false	review	overall_miss_fraction_threshold	.M...MM...M......M.....M....M....MM.M..M..
11829	01	sharedreward	1	bids/sub-11829/ses-01/func/sub-11829_ses-01_task-sharedreward_run-1_events.tsv	750981c1531ed7a59a679c5a13622d85c59c3da15c384ba5ca471e8b1c0f92a0	54	54	true	20	0.37037	0.62963	1	31	5	20	0				54	20	0.37037	1	true	false	false	review	overall_miss_fraction_threshold	MM.M.MMM.M.MM.MMMM.MMMMM.....MM.......................
11902	01	sharedreward	2	bids/sub-11902/ses-01/func/sub-11902_ses-01_task-sharedreward_run-2_events.tsv	1ff85b37ca3112e98c543c86051d9200161207dd7d39afc28d107fd3af341a01	54	54	true	17	0.314815	0.685185	3	54	8	47	8	47	345.37564	57.19742	46	9	0.195652	0.851852	true	true	true	review	overall_miss_fraction_threshold;terminal_miss_streak	..M............M.........M......M.M...M.MM..M.MMMMMMMM
11920	01	sharedreward	2	bids/sub-11920/ses-01/func/sub-11920_ses-01_task-sharedreward_run-2_events.tsv	bd19994aa92624cc998dbd611de820fe5190417a30e231c1147ef7cb4abc75f7	54	54	true	23	0.425926	0.574074	3	54	7	48	7	48	352.8226	49.72778	47	16	0.340426	0.87037	true	true	false	review	overall_miss_fraction_threshold;terminal_miss_streak	..MMM.........MM.......MM...MMMMM....MM....MM..MMMMMMM
11984	01	ugr	2	bids/sub-11984/ses-01/func/sub-11984_ses-01_task-ugr_run-2_events.tsv	03196e4e8198dd744e1085b953eac5812a3e0fe465356213d8ac2b333487ec8b	48	48	true	28	0.583333	0.416667	21	48	28	21	28	21	155.30305	219.35079	20	0	0	0.416667	true	true	true	review	overall_miss_fraction_threshold;terminal_miss_streak	....................MMMMMMMMMMMMMMMMMMMMMMMMMMMM
12033	01	ugr	2	bids/sub-12033/ses-01/func/sub-12033_ses-01_task-ugr_run-2_events.tsv	52a8965b237819550e6e9e87f8208df74ebc7a7a7b4a4a6161f26771f8eb67fa	48	48	true	10	0.208333	0.791667	39	48	10	39	10	39	300.9552	75.86642	38	0	0	0.791667	false	true	true	review	terminal_miss_streak	......................................MMMMMMMMMM
12041	01	sharedreward	1	bids/sub-12041/ses-01/func/sub-12041_ses-01_task-sharedreward_run-1_events.tsv	6d6522111bd6a6f72af58b7bf9b3e39aeba73bc3249e1aeb17f95ef3327f2040	54	34	false	14	0.411765	0.588235	1	34	12	23	12	23	166.53957	86.25163	22	2	0.090909	0.647059	true	true	true	review	unexpected_trial_count;overall_miss_fraction_threshold;terminal_miss_streak	M..................M..MMMMMMMMMMMM
