0.0	0.0	0.0	0.0	0.0	0.0	0.0	0.0	0.0	0.0	0.0	0.0	1.0	0.0826771285945682	-0.0422881451186327	0.1609786963874455	-0.0007465890435001	-0.0015986912079812	0.0005149031786764	0.0	-0.6321376018008492	-1.6492047796925404
-0.100528719	0.1202660226	-0.1240836357	-0.0972343153	0.0071405861	-0.0851544035	0.0846654095	0.0846613839	0.0846546747	0.0846452821	0.0846332065	0.0846184482	0.0	0.0788852397368629	-0.0392968661680015	0.1808403462484591	-0.0011720746021047	-0.001716790657152	0.0004969949791636	0.0547194780337601	-0.0275622184832716	-1.4657508428527428
-0.1026534424	-0.0069639609	-0.0566215295	0.0109127314	0.0151122651	-0.0925215974	0.0846546747	0.0846184482	0.0845580822	0.0844735938	0.0843650073	0.0842323536	0.0	0.0843365377337761	-0.0204109834548376	0.1590523341460681	-0.0009170066964454	-0.0016877687991514	0.0005862266862654	0.0647912663505531	-0.0434006410965384	-1.7157763632610694
-0.1182689254	0.0260547967	0.0205386017	-0.0102373875	0.1163414151	-0.0366636877	0.0846332065	0.0845325986	0.0843650073	0.0841305655	0.0838294589	0.0834619261	0.0	0.0853558084678951	-0.0605589121498297	0.1932751516688	-0.0010616784874906	-0.0010758186997203	0.0005974294279846	0.113781248561618	-0.6815005590688372	-1.6069555843864871
-0.1181025003	0.0952391805	0.0316751249	0.0287181394	0.0890556518	0.0568268598	0.0846010076	0.0844038786	0.0840756705	0.0836168929	0.0830282584	0.082310681	0.0	0.0870290690699988	-0.0537266065700237	0.2185948184749406	-0.0015341712285564	-0.0012673967555463	0.0005140285224129	0.0711988181112253	0.892705152382704	-1.6804556915742346
-0.1291405341	0.1041846549	-0.0592979245	-0.0289597811	0.0903998929	0.0868204488	0.0845580822	0.0842323536	0.0836904018	0.082933618	0.0819639447	0.0807838712	0.0	0.0738922065435616	-0.0571291878407009	0.1919825140443976	-0.0016067392392392	-0.0012128485843316	0.0004330260985728	0.0535576785145374	-0.4243728081887611	-1.5782173397782555
-0.1132616256	-0.0001569582	-0.0534668923	-0.0425327605	-0.0080736604	0.0342706154	0.0845044355	0.0840181105	0.0832096409	0.0820821265	0.0806398906	0.078888463	0.0	0.0617259319569427	-0.0617886692075586	0.1951987940900323	-0.001542741534543	-0.0011668493441718	0.0004461003268051	0.0261955946535263	0.0773179832289511	-1.510191581286907
-0.0887698183	0.0014031125	0.0584231281	0.0449750971	0.0740825213	0.049942648	0.0844400745	0.0837612579	0.0826339362	0.0810641457	0.079060292	0.0766331049	0.0	0.0506183161952265	-0.0491781871708667	0.1658421821774567	-0.0014363768597305	-0.0007452406794512	0.0003339652590016	0.0850801300778137	-0.5153598178002967	-1.4519062060280867
-0.0630280253	0.0847302585	0.0885806128	-0.0507162729	-0.044139682	-0.0997501966	0.0843650073	0.0834619261	0.0819639447	0.0798817403	0.0772301546	0.0740280875	0.0	0.0506330766603753	-0.0485120230493265	0.1727604439929848	-0.001595356638561	-0.0006648489031637	0.0004369701787062	0.0247180101433471	0.3395569213002872	-1.395926760764431
-0.0381671997	0.0934745953	0.0285787663	0.0058742895	0.0290572098	0.004519657	0.0842792435	0.083120267	0.0812004309	0.0785373087	0.075155278	0.071085297	0.0	0.05072421079457	-0.0535298657191418	0.1747908284359169	-0.0019889314762313	-0.0005242657878765	0.0002669790194701	0.042346816856622	-0.2605442707176868	-1.3568963067515856
-0.0803605121	-0.0407335161	-0.091384294	-0.030019948	-0.0495980795	-0.0004276343	0.0841827938	0.0827364537	0.0803442659	0.0770335778	0.0728422374	0.0678181605	0.0	0.0506415907273947	-0.031558469079755	0.1847287408182296	-0.0015503448655171	-0.0005249642599083	0.0005980936845394	0.0705119164796397	0.4855024977791421	-1.4210907186642454
-0.0909118935	-0.0499184332	0.0093075223	0.0235245687	0.0347836386	-0.0574447324	0.0840756705	0.082310681	0.0793964266	0.0753735975	0.0702983627	0.0642415853	0.0	0.0547260921731123	-0.0125742126929111	0.1665338445097717	-0.0014729284486866	-0.0005791852834717	0.0002510732113161	0.0651965498218793	-0.1012949421446728	-1.377061804842432
-0.0643777885	0.0604589686	0.0376232246	0.0317096413	-0.0380850149	0.045856951	0.0839578872	0.0818431648	0.0783579946	0.0735607351	0.0675317154	0.0603718905	0.0	0.0507719293106418	-0.0214654660031072	0.1457042238704957	-0.0013354567676082	-0.0005241119692747	0.0001676499907313	0.0474734476049526	0.1315629587430074	-1.2971239750620671
-0.0344311073	0.069490789	-0.0074021526	0.018742663	0.0372481675	0.0311197599	0.0838294589	0.0813341421	0.0772301546	0.0715986674	0.0645510629	0.0562267326	0.0	0.0534142694623511	-0.0237210250258499	0.1292221540018516	-0.0015309418834577	-0.0005241735211367	0.0002260983566725	0.0340797207257311	-0.1636084812682026	-1.2530847572931336
-0.0647479323	-0.0237335786	-0.0979997574	0.0018754505	0.0349720102	0.0239537778	0.0836904018	0.0807838712	0.0760141937	0.0694913742	0.0613658507	0.051825025	0.0	0.0507272821390074	-0.0053025033411699	0.1292195698791545	-0.0013139221492744	-0.0005241968100322	0.0002991555368898	0.0356131032955257	-0.0605539435871505	-1.2709813414246995
-0.0547154969	-0.0749722898	0.0488266691	0.0315368827	0.0477396837	0.0916199918	0.0835407336	0.080192631	0.0747114992	0.0672431298	0.0579861726	0.0471868517	0.0	0.0326181889409724	-0.0276945952614937	0.1026459285766634	-0.0009179998139248	-0.0004580001228169	-2.102249638936504e-07	0.1051490656417795	-0.4438972639365423	-1.1044729477564177
-0.0178587158	0.0487398712	0.0983226587	0.0085548489	0.0251569795	-0.011910929	0.0833804731	0.0795607215	0.0733235575	0.0648584944	0.0544227387	0.0423333757	0.0	0.0290290595802815	-0.0277275058406445	0.0846967434536623	-0.0008719997455675	-0.0003959998360789	-1.72657575963622e-07	0.0269731211870043	-0.2901131898418287	-1.0427774503867175
0.0440077016	0.0734678694	0.0220893091	0.0611582726	-0.0009934798	-0.0383746481	0.0832096409	0.078888463	0.0718519523	0.0623423047	0.0506868414	0.0372867421	0.0	0.0289555043681133	-0.0082458788255905	0.0739473982061014	-0.0009939865964519	-0.0002670507777404	0.0001018673419484	0.0479533229121462	-0.7166486531213374	-1.0329260110313283
0.0050655745	-0.0046539083	-0.1020547555	-0.0507384992	0.0071762114	0.027845039	0.0830282584	0.0781761966	0.0702983627	0.0596996646	0.0467903195	0.0320699777	0.0	0.0370534119088574	0.0139968343531933	0.0780171253871344	-0.0009939704416679	-0.0002601138452755	0.0002288703563318	0.0411081529821759	-0.3846182020753803	-1.04262739169887
-0.0042419276	-0.0958268289	0.0141223468	0.0667812228	0.0628790163	-0.0539620775	0.0828363487	0.0774242835	0.0686645615	0.0569359339	0.0427455211	0.0267068854	0.0	0.0165560644117448	-0.0224053869042251	0.0447848564884196	-0.0002720002145159	6.489528159958624e-06	7.700097017432854e-05	0.1471539869904923	-0.0112885638847102	-0.8201102286066961
0.0600202155	-0.0257029895	0.0618011708	0.0439972857	-0.07214624	-0.0551745981	0.0826339362	0.0766331049	0.0669524127	0.0540567187	0.0385652638	0.0212219356	0.0	0.0100974053217584	0.0041638109434956	0.0099593976074032	-7.800000192256058e-05	0.0001710001706567	6.670711996595703e-09	0.0896285735463441	-0.4958140675826751	-0.809436042494297
0.0237011574	0.0572340691	0.0277845837	0.0222628356	-0.0655350142	-0.0049525341	0.0824210465	0.0758030622	0.06516387	0.0510678587	0.0342627948	0.015640155	0.0	0.0101183016896584	0.0385143396568281	0.0001248427417408	0.000246999506062	5.024331815484118e-06	0.0001969995870635	0.0786043931057589	0.4880306908299727	-0.7778183382453925
0.0718527949	-0.0294771998	-0.072173796	-0.0234485192	-0.0456252234	0.0367560757	0.0821977065	0.0749345762	0.0633009741	0.0479754164	0.0298517485	0.009987012	0.0	0.0100852518056342	0.0232181923605594	-0.0287914022702295	0.0003459999736385	-8.599999644465228e-05	1.4878114690150242e-08	0.0635959174315355	-0.171022101139464	-0.6717853137589083
0.0792390063	-0.1277677505	0.0184290422	0.0715078613	-0.0792797533	-0.1001070498	0.0819639447	0.0740280875	0.0613658507	0.0447856643	0.0253461031	0.0042883006	0.0	-0.0129389487621409	0.0143143152291145	-0.0294204988128683	0.0007140001221085	0.0002389999390026	-8.532297752838558e-08	0.0672121884923323	-0.0196448007612129	-0.5433246136998695
0.0612329764	-0.047672258	0.0547592277	0.017637643	-0.0917088981	0.0163311446	0.0817197906	0.0730840558	0.0593607077	0.0415050723	0.020760137	-0.0014299774	0.0	-0.0099278385850567	0.0160048719265546	-0.0036987283332052	0.0002469999900944	0.0002219999081114	-2.741782947619613e-08	0.054626340756855	1.5160296378089595	-0.5961603189318854
0.1178672803	-0.0042085543	0.0032236318	-0.0534784512	-0.1106484922	0.1407493166	0.0814652752	0.0721029597	0.0572878331	0.0381402944	0.0161083828	-0.0071417307	0.0	-0.0063154065687598	0.025781331548643	-0.0540666632077631	0.0005559997795236	0.0004850000328529	-1.3482852810869222e-07	0.0923621927564098	-0.1424524859713475	-0.5906765706771321
0.1103136276	-0.0786463312	-0.0925878038	-0.0654211054	-0.039067136	-0.0430069445	0.0812004309	0.071085297	0.055149592	0.0346981555	0.0114055819	-0.012820898	0.0	-0.0063416188022955	0.0298095019069819	-0.0667636876320614	0.0007809996821674	0.0003869996033012	-1.5112975409033128e-07	0.0329022386872469	-0.355718056171395	-0.5701225885861969
0.0134229797	-0.101216309	0.0304118133	0.0947666887	-0.0534129839	-0.0008760465	0.080925291	0.0700315836	0.0529484243	0.0311856375	0.0066666371	-0.0184415664	0.0	0.0084508443469246	0.0579031994742109	-0.0265964952959762	0.001192011047093	-0.0001088727182381	0.000213065197793	0.1390583537531338	0.7811427353794147	-0.5761212407967945
0.1040268809	0.045551659	0.0666498553	0.0289853709	0.0263594592	-0.0004138567	0.0806398906	0.0689423539	0.0506868414	0.0276098648	0.001906566	-0.0239780902	0.0	-0.0098086280897575	0.0167858662110518	-0.0574609348251016	0.0012600007457969	0.0003729997616161	-2.3499286565492442e-07	0.1283993636898043	0.0858733703046666	-0.5178957303600478
0.0913132232	0.0069016893	-0.0260216017	-0.0443783554	-0.0236701661	0.0210006095	0.0803442659	0.0678181605	0.0483674239	0.0239780902	-0.0028595469	-0.0294052075	0.0	-0.0223825137200321	0.0178250662723655	-0.0719720708486733	0.0011681201122607	0.0005642525303759	-0.000423329529691	0.0634356186712272	-0.458089467866079	-0.3955489730402933
0.0413012649	-0.0692833201	-0.1390161289	0.0400641232	0.0029158389	0.0077385209	0.0800384542	0.0666595733	0.0459928183	0.0202976803	-0.007616598	-0.0346981555	0.0	-0.0063646248261335	0.0312935298328795	-0.0396562854193547	0.0012430066331737	0.0001509506784544	-7.909384694015638e-05	0.1034233406629983	0.83562238530773	-0.5159231936068337
0.0367162534	-0.0693353783	0.0410853437	0.0469901036	-0.0593376354	-0.0445787919	0.0797224944	0.06546718	0.0435657341	0.0165761	-0.0123495124	-0.0398327839	0.0	0.0051474561526134	0.0741280952930338	-0.0455407615578593	0.0013189993946776	4.4036246394485445e-05	5.4970974143386505e-05	0.0760797233097736	-0.0664841486288415	-0.5424269834567645
0.097342927	0.0229748992	0.0660674367	0.021247005	0.0427323519	0.000560726	0.0793964266	0.0642415853	0.0410889406	0.012820898	-0.0170432917	-0.0447856643	0.0	-0.0108070285071448	0.0118185016296905	-0.0719732859585775	0.00152510697031	0.0004956771042994	-0.0004233782739505	0.1615014868053797	0.243075829929319	-0.3647358627634018
0.1052339179	0.0476124958	-0.0068514259	0.0444632859	-0.013564548	-0.0667961837	0.079060292	0.0629834107	0.0385652638	0.009039691	-0.0216830616	-0.0495341981	0.0	-0.0064066043253632	0.0233785706875977	-0.091315635564996	0.0016016703817852	0.000798161023632	-0.0004241398383202	0.0542932876049823	-1.0156105366507004	-0.3692704476230556
0.0980046837	-0.0830318265	-0.1022385112	-0.0468572713	-0.0946565205	0.12501342	0.0787141334	0.0616932944	0.0359975834	0.0052401486	-0.0262541187	-0.0540567187	0.0	-0.0061939702417674	0.0529772707022431	-0.0889585651066369	0.0015211100492412	0.0005141778882875	-0.0004233911037848	0.0504330146777953	0.3703037188806815	-0.3473147357039947
0.0222342774	-0.0764635061	0.0824273679	0.0961584555	-0.0231534867	0.0227921567	0.0783579946	0.0603718905	0.0333888291	0.0014299774	-0.0307419776	-0.0583325908	0.0	-0.0096474880757284	0.0743746022553182	-0.0915267250381219	0.001512049614968	0.0004178220415178	-0.0002358162105455	0.0420685680326311	-0.1421636986797693	-0.4066049963035731
0.1145030024	-0.0195445624	0.0701503632	-0.0299453558	-0.038770114	-0.0161426857	0.0779919207	0.0590198693	0.0307419776	-0.0023830942	-0.0351324164	-0.0623423047	0.0	-0.0143475423298866	0.0498186170727308	-0.13363855883739	0.0018326778813422	0.0008301117924958	-0.0004242614271387	0.1174360349332837	0.071852846293507	-0.3350826179597063
0.1036756951	0.0192847131	0.0318792298	-0.0227956728	-0.0686235932	-0.0537259539	0.0776159581	0.0576379163	0.0280600488	-0.0061913322	-0.039411522	-0.066067565	0.0	-0.0064734673848363	0.0705077426709124	-0.115737673660746	0.0019031468806443	0.0006850972701439	-0.0004241526596394	0.0572437001775408	-0.1859929057805578	-0.3413908296360244
0.0210143603	-0.066699344	-0.0606674578	0.0189474993	-0.0861842707	0.0594840433	0.0772301546	0.0562267326	0.0253461031	-0.009987012	-0.0435657341	-0.0694913742	0.0	-0.0064194141278477	0.0845496571713937	-0.0752788329342308	0.0017441553253552	0.0007281305616486	-0.000424135319742	0.0646569178185451	0.2552503051921492	-0.3380532970738137
0.015526385	-0.0810223328	0.1033367263	0.0211139997	-0.0195118853	0.0953238415	0.0768345591	0.0547870337	0.022603237	-0.013762435	-0.0475818882	-0.0725981101	0.0	-0.0064772640410808	0.0564965851280589	-0.1072046606466443	0.0022141322851827	0.000638030652635	-0.0004242064546281	0.0880441498553414	-0.6327503785620697	-0.2905921817706378
0.1261646294	0.0121503285	0.0681417278	0.0063109141	-0.0137771227	0.0287422518	0.0764292216	0.0533195497	0.0198345802	-0.0175099433	-0.0514472572	-0.0753735975	0.0	-0.0127312167299322	0.0632468522416189	-0.1420974745227852	0.002124175406331	0.000816050219089	-0.0004243671811977	0.0613038922723173	-0.5018351184523339	-0.2659777223483127
0.1157066336	0.0825447706	0.0784172137	-0.0887823604	-0.0268595453	-0.0193177009	0.0760141937	0.051825025	0.0170432917	-0.0212219356	-0.055149592	-0.0778051725	0.0	-0.0158510443225594	0.0840432439126743	-0.1546684044862729	0.0021947972538033	0.0008827673809435	-0.0006689698380606	0.0555842325366553	-0.1006892038323756	-0.2759465350625103
0.0258405078	0.0418586166	-0.1112491209	-0.0644813093	0.0075389589	0.0547671279	0.0755895279	0.0503042174	0.0142325566	-0.024890883	-0.05867716	-0.0798817403	0.0	-0.0369912116610038	0.0915584345233355	-0.1002042342491194	0.0024971634469538	0.0005868258933587	-0.0005402334487259	0.1194717316897591	0.5302542919721422	-0.1903196844928712
0.0569415642	-0.1296673117	0.0166632156	-0.0142323506	0.0637789423	-0.0999479962	0.075155278	0.0487578983	0.0114055819	-0.0285093435	-0.0620187825	-0.0815938261	0.0	-0.0563529148606676	0.0499726721120765	-0.1341349175828128	0.003067883188612	0.0008140797292128	-0.0009277514342545	0.1541527270966611	0.4732905367455971	-0.0299881994786625
0.0808035349	-0.0337188018	0.0205929653	-0.0620245332	0.0409590422	0.0079046213	0.0747114992	0.0471868517	0.0085655932	-0.0320699777	-0.06516387	-0.082933618	0.0	-0.0552824188430491	0.0640969398506285	-0.1533501076841759	0.0028180278214624	0.0011256953689535	-0.0009280877723846	0.0625003211085536	-1.0308096118367966	-0.0261488837849049
0.1061055822	0.0638433596	0.0367645907	-0.0796582997	0.0112056547	-0.1284517696	0.0742582477	0.0455918746	0.0057158309	-0.0355655636	-0.0681024558	-0.0838950027	0.0	-0.0526881961389733	0.095382524306558	-0.1365868386929918	0.0029063097334447	0.0008149277400488	-0.0007391860618752	0.0800406387210094	1.3488674091062145	-0.0965636473060808
0.0663504887	0.0021344266	-0.0660784683	-0.0651858273	-0.0049919859	-0.0585491311	0.0737955809	0.0439737757	0.0028595469	-0.0389890108	-0.0708252278	-0.0844735938	0.0	-0.0579343446663358	0.096792098526393	-0.1409114118986565	0.0024973808589686	0.0008143435113203	-0.0009270190222305	0.0408475991308572	-0.4678877293991424	-0.0583403111202596
0.0249718429	-0.1417885912	0.016575152	-0.0030760698	0.040394926	-0.1421347492	0.0733235575	0.0423333757	-0.0	-0.0423333757	-0.0733235575	-0.0846667513	0.0	-0.0560729795897998	0.0655457961921825	-0.1451666367913731	0.0027010658704496	0.0012182497860349	-0.0009286474669545	0.0678238788494431	0.3097789087002558	-0.0207630673480988
0.030662416	-0.0679545646	0.0722497016	0.0232892253	-0.022272638	-0.0202977664	0.0728422374	0.0406715065	-0.0028595469	-0.0455918746	-0.0755895279	-0.0844735938	0.0	-0.0411993761278211	0.0655848308649638	-0.136851737102674	0.0027580242635911	0.0011182235938365	-0.0009280443727691	0.0311069217997241	-0.7130189798429385	-0.0516142756301275
-0.022384649	0.0083119017	0.0596432193	0.0497885463	0.0406117052	0.046608459	0.0723516816	0.0389890108	-0.0057158309	-0.0487578983	-0.0776159581	-0.0838950027	0.0	-0.0472368780458083	0.0826644761390866	-0.0980646382307668	0.0026638668687349	0.0009750118584788	-0.0007433006778932	0.0830098873185072	1.1897453847246362	-0.0673167293769986
0.0824193436	0.0811293321	-0.0174191185	-0.0578623146	-0.0613492953	-0.0400938513	0.0718519523	0.0372867421	-0.0085655932	-0.051825025	-0.0793964266	-0.082933618	0.0	-0.0571803911695241	0.0539205051989597	-0.1401846801350643	0.0026535455126176	0.001166267528726	-0.000928050283029	0.1001238575431551	-0.1042470929929527	-0.0483825432833684
0.0187150681	-0.0448733464	-0.0570048974	-0.1097074492	-0.0034173642	0.0444315517	0.0713431129	0.0355655636	-0.0114055819	-0.0547870337	-0.080925291	-0.0815938261	0.0	-0.0410714656510435	0.0653763323280856	-0.1729756248759315	0.0028307434146285	0.001593191853491	-0.0009297574411163	0.0906471666316336	-1.0838367990215276	-0.1198803439418976
-0.0725571153	-0.0841027896	-0.0172235831	0.0340741365	-0.0790675807	-0.0047105901	0.0708252278	0.0338263481	-0.0142325566	-0.0576379163	-0.0821977065	-0.0798817403	0.0	-0.0380586924338217	0.0908401467842594	-0.0893903937980127	0.0024973352195376	0.0008670495532454	-0.0007620839203467	0.1734230195566194	2.117310297948433	-0.1014546946469172
0.0126960853	0.0028539743	0.0480815312	-0.033469441	0.0549804287	0.0209958866	0.0702983627	0.0320699777	-0.0170432917	-0.0603718905	-0.0832096409	-0.0778051725	0.0	-0.0412761179298257	0.0988682973945316	-0.1311757750788444	0.0024974060545696	0.0008142779554851	-0.0009800194184108	0.0665698539299278	-0.0573427697651598	-0.1248309392215746
0.0532189052	0.0731960182	0.0362374344	0.0175291678	0.0400768245	-0.0134093843	0.0697625845	0.0302973432	-0.0198345802	-0.0629834107	-0.0839578872	-0.0753735975	0.0	-0.0412252092901042	0.0488216566699009	-0.1443579694263519	0.002921069406139	0.0012161475834906	-0.0009287784952326	0.1071184388495147	-0.0295866245112727	-0.0407168991049596
0.0308001874	0.0552751425	-0.0235009305	-0.0184292807	0.1164922228	0.0459114897	0.0692179611	0.0285093435	-0.022603237	-0.06546718	-0.0844400745	-0.0725981101	0.0	-0.0413312087869428	0.0576775977470589	-0.1618444281107542	0.0029171460518205	0.0011373609703553	-0.0011256626611185	0.0404281059253838	-0.8715220810469881	-0.0603069451251525
-0.0213471337	-0.0378482061	-0.125162611	-0.0888762634	-0.0718449693	0.0155345167	0.0686645615	0.0267068854	-0.0253461031	-0.0678181605	-0.0846546747	-0.0694913742	0.0	-0.0209736111658997	0.0953698509230207	-0.1275499114128422	0.0024972685160455	0.0007120591714153	-0.0007543902168587	0.1531669564436568	1.4205606281970933	-0.1802336126787868
-0.0198592754	-0.0398938964	0.019421489	0.0011518859	0.1425553265	0.0263354319	0.0681024558	0.024890883	-0.0280600488	-0.0700315836	-0.0846010076	-0.066067565	0.0	-0.0287411755923585	0.1060196812378109	-0.1458666039402629	0.0029623737272127	0.0007961281381267	-0.0009276817556763	0.0728573731034797	-0.3403738902892061	-0.211253919345954
0.0175226507	0.0047557949	0.0164766063	0.0086903796	-0.011177905	-0.0787310053	0.0675317154	0.0230622573	-0.0307419776	-0.0721029597	-0.0842792435	-0.0623423047	0.0	-0.0234044338434813	0.0870112372975882	-0.1630892469429881	0.0032099952336038	0.0010560141207416	-0.0009286978088905	0.0669940058028351	-0.8399127100788599	-0.1178117679395465
0.0319000661	0.0554623962	0.0948839867	-0.0408524697	0.1214793864	0.022679661	0.0669524127	0.0212219356	-0.0333888291	-0.0740280875	-0.0836904018	-0.0583325908	0.0	-0.0314744576091783	0.0826014435669009	-0.1621095258479101	0.0028770368286849	0.001135170883588	-0.0009286351546986	0.0340684296893222	-0.2127402253364622	-0.0421464730602202
0.0345356829	0.034429002	-0.0410114855	-0.0848941766	-0.1556669988	0.0299112628	0.066364621	0.0193708514	-0.0359975834	-0.0758030622	-0.0828363487	-0.0540567187	0.0	-0.023240006706743	0.0868714709281306	-0.1675417957710863	0.0026975882726105	0.0011781665754311	-0.0009890914225535	0.0320817739754612	-1.3417184430797973	-0.1162344779262214
-0.0703289149	-0.0528777831	-0.0317085452	-0.0675658999	0.2507058633	0.1845019385	0.0657684149	0.0175099433	-0.0385652638	-0.0774242835	-0.0817197906	-0.0495341981	0.0	-0.0137669628533103	0.1005781203347453	-0.1288202127931015	0.0024972113143706	0.0007407882192425	-0.0005709259543675	0.1146973153687572	0.4131927688029175	-0.2039053878431053
-0.0393402968	-0.0878569046	0.033151706	-0.0988796705	0.3959112699	0.161286103	0.06516387	0.015640155	-0.0410889406	-0.078888463	-0.0803442659	-0.0447856643	0.0	-0.0270376584988412	0.0868596720438148	-0.1614312521568734	0.0026503128685203	0.0007398967503806	-0.000833982387676	0.0804526561162383	-0.2878293980405892	-0.1183901403442768
-0.0225320964	0.0463349354	0.0557127809	0.0237349112	-0.0956541433	-0.0226751494	0.0645510629	0.013762435	-0.0435657341	-0.080192631	-0.0787141334	-0.0398327839	0.0	-0.031386754923389	0.0762655739786168	-0.1542322867036176	0.0024980885277992	0.0012503470478852	-0.0009280639489022	0.0599799699155966	-1.0486047143741983	-0.022962131534858
-0.1020270449	0.140568166	0.0097842051	-0.0109012233	0.0073584538	0.1832113042	0.0639300714	0.0118777354	-0.0459928183	-0.0813341421	-0.0768345591	-0.0346981555	0.0	-0.0170985631143167	0.0688250383548876	-0.0713467516602008	0.0026187608082916	0.0007405864187266	-0.0006984709677462	0.1476155570165683	2.3902615600148214	-0.1470370739181918
-0.0905324449	0.036048593	-0.082206678	0.0453174116	-0.1263002693	-0.0466888705	0.0633009741	0.009987012	-0.0483674239	-0.082310681	-0.0747114992	-0.0294052075	0.0	-0.0195401579782839	0.0419084021708329	-0.0852732374778924	0.002813343253356	0.0007396972235387	-0.0009270420632194	0.0644868536519885	-0.9130622792491686	-0.0681064187705624
-0.0791331643	-0.0863958003	-0.0446055625	0.0380378672	0.039896704	0.0617747327	0.0626638509	0.0080912238	-0.0506868414	-0.083120267	-0.0723516816	-0.0239780902	0.0	-0.0351270559349501	0.0256882259074586	-0.1159324569343169	0.0032221965417601	0.0012161791492508	-0.0011319626632109	0.11697908438185	-0.6298330035538141	-0.0069054670564575
-0.0670280505	0.0146115303	0.0742996489	0.0199766467	-0.0108859874	-0.0670460487	0.0620187825	0.0061913322	-0.0529484243	-0.0837612579	-0.0697625845	-0.0184415664	0.0	-0.0414335119383508	0.0521158975201245	-0.1455881278025117	0.0029640348570612	0.0011391256061434	-0.0009286910056315	0.0893141427535464	-1.7953411111506208	0.060582218310359
-0.1172801616	0.1360847388	0.0139357293	0.1036313567	-0.0124501833	0.0309861381	0.0613658507	0.0042883006	-0.055149592	-0.0842323536	-0.0669524127	-0.012820898	0.0	-0.0434912686871769	0.0666370842202184	-0.0602728129232588	0.0029819114817564	0.0007388605588749	-0.0011011067982424	0.1314221315569028	1.2483410355961926	0.0724347588191379
-0.0673440987	0.1026483839	-0.1177728499	0.0251624004	-0.0614633167	-0.036118548	0.0607051383	0.0023830942	-0.0572878331	-0.0845325986	-0.0639300714	-0.0071417307	0.0	-0.0425850189008087	0.0289043031940536	-0.0921859022085413	0.0033370606762828	0.0009069739252891	-0.0012160162632689	0.1024607213961705	-0.3033232959431117	0.0495037743165361
-0.0610366962	-0.0430767383	-0.1277502816	-0.0185780903	0.004850071	-0.0042463276	0.060036729	0.0004766793	-0.0593607077	-0.0846613839	-0.0607051383	-0.0014299774	0.0	-0.0423137346166413	0.0504280015120883	-0.1228298288239102	0.0033057346631057	0.0010907892928984	-0.0013383053977558	0.069310434981236	-0.8120088037833835	0.1159618633899132
-0.0378166736	-0.0725811682	0.0419051963	0.0180571017	0.0129699802	-0.0906556605	0.0593607077	-0.0014299774	-0.0613658507	-0.0846184482	-0.0572878331	0.0042883006	0.0	-0.0518354512854699	0.0656399611878697	-0.1417593980738587	0.0033058892070803	0.0011980848149972	-0.0014629896026512	0.0552699591429985	0.1904807222675732	0.1414706654971882
-0.027539166	0.0113418776	0.0348810004	0.0601875314	0.0138503664	-0.070909506	0.05867716	-0.0033359089	-0.0633009741	-0.0844038786	-0.0536889851	0.009987012	0.0	-0.0421756548280001	0.0634262886258341	-0.1390046802081315	0.0031290167975137	0.0013712138809629	-0.0014631515943171	0.0321363602451426	-1.213152364618712	0.1126481878924283
-0.1104857933	0.0859876142	0.0336516343	0.0796994855	-0.0194580717	0.0341148412	0.0579861726	-0.0052401486	-0.06516387	-0.0840181105	-0.0499199989	0.015640155	0.0	-0.0421943340526382	0.087490669229723	-0.0793212706919064	0.0029393984853755	0.0012183561469512	-0.0014622951117391	0.1009330957811471	1.852920241772388	0.0942257443881895
-0.0253162909	0.0813190687	-0.0149153311	0.0439376361	-0.0119292518	0.117070923	0.0572878331	-0.0071417307	-0.0669524127	-0.0834619261	-0.0459928183	0.0212219356	0.0	-0.042115163106402	0.0613273851547688	-0.1215097283051562	0.003055055134127	0.0014342689716941	-0.001463196639404	0.0850544626924052	-0.2925648016464721	0.1336845934715836
-0.0117224903	-0.0437998425	-0.0877400838	-0.0009633359	-0.0723603712	-0.0836607647	0.05658223	-0.009039691	-0.0686645615	-0.0827364537	-0.0419198884	0.0267068854	0.0	-0.0421751695466525	0.0504467281960927	-0.1558725106625758	0.0034697535181393	0.0016949630740599	-0.0014649508880308	0.0791607825065911	-0.8661694323396684	0.1388124230349996
-0.066587068	-0.0304581244	-0.0180708297	0.0744319248	-0.0172463032	0.007223261	0.0558694529	-0.0109330668	-0.0702983627	-0.0818431648	-0.037714116	0.0320699777	0.0	-0.0396104816756945	0.0501513752939786	-0.1180380545359298	0.0033084631121391	0.0014528375516396	-0.001312908200091	0.068467427717733	1.1625703802235083	0.169443905370594
-0.0635063374	0.0716427542	0.0507601334	0.0798165352	-0.0322379817	0.0140560111	0.055149592	-0.012820898	-0.0718519523	-0.0807838712	-0.0333888291	0.0372867421	0.0	-0.0291091416954287	0.0663026018017376	-0.1362563717477911	0.003089136602064	0.0015407433746164	-0.001463384355301	0.0677563081129811	-1.1315996647644642	0.1080680727601929
0.0107903509	0.0579889873	0.0615643091	-0.0388035384	0.0019723838	-0.0039869372	0.0544227387	-0.0147022271	-0.0733235575	-0.0795607215	-0.0289577344	0.0423333757	0.0	-0.0357111577505264	0.0670657754507431	-0.1765313873436866	0.0033128488281918	0.0020263194432843	-0.0013203621321977	0.0902557311949486	-0.5582252580289692	0.1373066119770887
-0.0314548719	0.0400329132	-0.1199462617	-0.0243077839	-0.0399286234	-0.0790788361	0.0536889851	-0.0165761	-0.0747114992	-0.0781761966	-0.0244348739	0.0471868517	0.0	-0.0269881265460583	0.0973929990371118	-0.1543854582003234	0.0033161114601164	0.001695856849565	-0.001297815248647	0.0790097893939299	-0.3268090215490516	0.1166522394301353
-0.1287842657	-0.010200343	-0.0826306817	0.1112271647	0.0019554783	0.0040759835	0.0529484243	-0.0184415664	-0.0760141937	-0.0766331049	-0.0198345802	0.051825025	0.0	-0.0277720110442913	0.1264737115667316	-0.0919521124109508	0.0031556825876327	0.0011897243930867	-0.0011298851910976	0.1340225121427954	2.359185835643564	0.1108201231358067
-0.0008229847	-0.0212941763	0.0121623881	0.0743773662	-0.0206110051	-0.0748289436	0.0522011501	-0.0202976803	-0.0772301546	-0.0749345762	-0.0151714315	0.0562267326	0.0	-0.0426297825155899	0.0975962921009028	-0.1644565511402049	0.0035190784390341	0.001456928296698	-0.0014640714782647	0.1644789317753715	-0.4734775023183997	0.1347354970295493
-0.005469665	0.0351930359	0.0102455369	0.1061560787	-0.0203763077	-0.0551415207	0.0514472572	-0.0221435002	-0.0783579946	-0.0730840558	-0.0104602052	0.0603718905	0.0	-0.0386668336467295	0.0701331162244258	-0.1516594161104336	0.0034829306173604	0.0018578397961797	-0.0015322405898248	0.0694846814108837	-0.0190255429386046	0.2278757206877918
-0.0034660189	0.0900404515	-0.016613373	0.019220249	0.0699142536	-0.0224755989	0.0506868414	-0.0239780902	-0.0793964266	-0.071085297	-0.0057158309	0.0642415853	0.0	-0.0272262375894598	0.0975888091951446	-0.1539717865254175	0.0032038370401944	0.0018121631976584	-0.0014644104250999	0.0608386764635823	-0.9081553638482578	0.153556363488847
-0.0758303405	-0.0092543054	-0.0849680767	0.0043970988	0.0464120745	-0.0139460163	0.0499199989	-0.0258005198	-0.0803442659	-0.0689423539	-0.0009533435	0.0678181605	0.0	-0.0362909599099339	0.135159897884705	-0.1444700491850312	0.0028190939751336	0.0014929431336687	-0.0014631072566945	0.0914008632232157	-0.7122649853250395	0.1127662522155467
-0.0405656213	-0.0884715964	0.0452001499	0.056299663	-0.0185684639	0.036687476	0.0491468271	-0.0276098648	-0.0812004309	-0.0666595733	0.0038121652	0.071085297	0.0	-0.0421366963607283	0.1016679677329506	-0.1733839317865317	0.0035992470829182	0.0016798681832206	-0.0014650337589435	0.1167017821833242	-0.351494912853951	0.16155668733254
-0.0381712895	-0.0241674642	0.0487551646	0.0123709276	-0.0591497746	0.0827893761	0.0483674239	-0.0294052075	-0.0819639447	-0.0642415853	0.0085655932	0.0740280875	0.0	-0.0496498365742326	0.1156674317264929	-0.1832732417443736	0.0035264002972692	0.0018989232911721	-0.0014653514037729	0.0460128910863834	-1.3790049742947652	0.1656652556586681
-0.0142788351	0.0910326622	0.0177203918	-0.0187309543	-0.0661504976	-0.0656177963	0.0475818882	-0.0311856375	-0.0826339362	-0.0616932944	0.0132918772	0.0766331049	0.0	-0.0418834878452543	0.135176560733484	-0.1395754586004756	0.0032722413299879	0.0016801099924135	-0.0014642540541232	0.0946767416643474	2.0058725123732697	0.1972303536297388
-0.0145995449	0.081868328	-0.0156475688	-0.083632272	0.0147937382	0.0124970778	0.0467903195	-0.0329502518	-0.0832096409	-0.0590198693	0.0179760397	0.078888463	0.0	-0.0448039028452598	0.1323892488969704	-0.174380740289763	0.0034388551774801	0.0016792556920781	-0.0015998940752432	0.0556684169731865	-0.496456918117951	0.2048025302735902
-0.0357007053	-0.0830234598	-0.0257627336	-0.0320051193	0.0068225451	-0.0188155623	0.0459928183	-0.0346981555	-0.0836904018	-0.0562267326	0.022603237	0.0807838712	0.0	-0.0502184943302808	0.1092918508301465	-0.181399428487353	0.0036987850199608	0.0018259282114228	-0.0019358848198008	0.0726603330685849	-0.7882651992800657	0.2367394114451305
-0.0682037779	-0.0436677873	0.0039258516	0.041231155	-0.0158432681	-0.0180141111	0.0451894857	-0.0364284622	-0.0840756705	-0.0533195497	0.0271588055	0.082310681	0.0	-0.0616793594907107	0.1279543672609691	-0.1442559590669816	0.0035081352827035	0.001678117385037	-0.001934950656731	0.0842365873472689	0.6699627643369106	0.333013966136349
-0.0075323731	0.0586174888	0.065134267	-0.045312291	-0.009106757	0.0287905549	0.0443804234	-0.0381402944	-0.0843650073	-0.0503042174	0.0316283089	0.0834619261	0.0	-0.0613763039942654	0.1304590460469654	-0.1715751601083326	0.0036988763412268	0.0019199257231763	-0.0019360626201172	0.0518100033262326	-1.1370080048303497	0.2672369145328849
0.022822546	0.1001346878	0.063477282	0.0288169938	-0.0305471379	-6.16373e-05	0.0435657341	-0.0398327839	-0.0845580822	-0.0471868517	0.0359975834	0.0842323536	0.0	-0.0507997725786708	0.1014411391161473	-0.1631760515280547	0.0033231200026616	0.0021747891617951	-0.0019366250868342	0.0795526591217406	-0.9893397450736384	0.3808255887794817
-0.0128893386	0.078455465	-0.0987999218	-0.0201711554	0.0541273717	-0.0160740547	0.0427455211	-0.0415050723	-0.0846546747	-0.0439737757	0.0402527831	0.0846184482	0.0	-0.0612804095372752	0.104932610823468	-0.1458751696288089	0.0032032854623901	0.0023474096648328	-0.0019367701967125	0.0459029982245458	-0.9806546212741404	0.3574193215920869
-0.0684367518	-0.0686667652	-0.03209001	0.0716938123	-0.08902959	-0.0321657142	0.0419198884	-0.0431563116	-0.0846546747	-0.0406715065	0.0443804234	0.0846184482	0.0	-0.063462300720019	0.1426246816627525	-0.1397462924167598	0.0032023441006703	0.0018894081469245	-0.0019350322077035	0.0690368826659323	0.0627627796845037	0.3475534601456451
-0.0146820459	-0.0283936906	0.0009033861	0.0640695026	0.0671723428	-0.029671448	0.0410889406	-0.0447856643	-0.0845580822	-0.0372867421	0.0483674239	0.0842323536	0.0	-0.0614594022302839	0.1129796486389977	-0.1778389272698888	0.0039980610155767	0.0020460130722781	-0.0020011034764751	0.1206602218181989	-0.634032820294983	0.3421483391305288
0.0406882047	0.0347605708	0.0916513968	0.0067001448	-0.0174313465	-0.0866439622	0.0402527831	-0.0463923042	-0.0843650073	-0.0338263481	0.0522011501	0.0834619261	0.0	-0.0661652187872903	0.1291994137782097	-0.2151412602065363	0.0035941201196452	0.0022618691835096	-0.0023060736693096	0.1044662746327408	-0.6572194191675187	0.3943239734834383
0.0070779736	0.0656257801	-0.0187343364	-0.0083886691	-0.0645104806	-0.0316586234	0.039411522	-0.0479754164	-0.0840756705	-0.0302973432	0.0558694529	0.082310681	0.0	-0.0615928481773124	0.1555830204539603	-0.1532047932023061	0.0032911744267526	0.0022308226450049	-0.001936677632212	0.1280618577147037	1.471683997073832	0.4212191302422488
-0.0176442275	-0.0520917879	-0.1259507532	-0.0289529911	-0.004413497	-0.0032335782	0.0385652638	-0.0495341981	-0.0836904018	-0.0267068854	0.0593607077	0.0807838712	0.0	-0.0675678154164813	0.1347367705133706	-0.1663868123459337	0.0035545054562893	0.0021989841421672	-0.0022649210803236	0.0711738853476862	-0.0817985550344127	0.4544699845516649
-0.0036342499	-0.0792172595	0.0493359701	0.0427188251	-0.0342706004	0.0014830759	0.037714116	-0.0510678587	-0.0832096409	-0.0230622573	0.0626638509	0.078888463	0.0	-0.0796358120276607	0.1349325680071587	-0.1970064886923097	0.0037868821187192	0.0023794658835973	-0.0024020227796376	0.0703814756100434	-0.5988812994439081	0.4375145446758534
-0.0353105519	-0.0084779992	0.0540655525	0.0405243124	-0.0012214455	0.0252364416	0.0368581863	-0.0525756204	-0.0826339362	-0.0193708514	0.0657684149	0.0766331049	0.0	-0.0781878451994799	0.1575349424950758	-0.1452882829944854	0.0033806907521361	0.0022304516353981	-0.0024007851009882	0.1035907116855071	1.0982953900425894	0.4452132917756376
0.0266127609	0.0803248925	0.048380913	-0.0057455067	-0.0265150125	0.0428130426	0.0359975834	-0.0540567187	-0.0819639447	-0.015640155	0.0686645615	0.0740280875	0.0	-0.078523871168187	0.1348195608332929	-0.1831141590598832	0.003385157508781	0.0026159510114889	-0.0024019388240208	0.0804332764843028	-0.2580977799880162	0.5021660694850623
0.0433419784	-0.0357799245	-0.0465907949	-0.1089071362	0.0712316544	-0.0659131578	0.0351324164	-0.0555104022	-0.0812004309	-0.0118777354	0.0713431129	0.071085297	0.0	-0.0911223851799007	0.1349658531643029	-0.2010466053959732	0.0039147287390027	0.0026688115434856	-0.002403738628137	0.0598888309955436	-0.9965577968553267	0.4662220387652197
-0.0652856706	-0.1111210858	-0.0136872461	0.0379729043	0.0250568306	-0.0674482048	0.0342627948	-0.0569359339	-0.0803442659	-0.0080912238	0.0737955809	0.0678181605	0.0	-0.0968598169184531	0.1529946523411069	-0.1480971007949705	0.0034880214238583	0.002434207255139	-0.0024687547647714	0.1130321225226291	2.2576810077098046	0.5955386405572659
0.0189173531	-0.0565497063	0.0475451206	-0.0255965568	-0.0109764773	-0.0971639441	0.0333888291	-0.0583325908	-0.0793964266	-0.0042883006	0.0760141937	0.0642415853	0.0	-0.1001289397748479	0.1349413625139988	-0.1750828174968575	0.0038883790288778	0.0027791220845359	-0.0027759207254424	0.1009300491397599	-0.5904851054703679	0.6396639366490061
0.047964915	0.0372460055	0.0889272351	-0.0331549575	-0.0053562512	0.056495669	0.03251063	-0.0596996646	-0.0783579946	-0.0004766793	0.0779919207	0.0603718905	0.0	-0.0873780571256475	0.1348514670804803	-0.2041431159542384	0.0037913858310829	0.0027278424645069	-0.0024666865658915	0.0647764254088398	-0.0062408687902516	0.58117029112051
-0.0020774964	0.0621682649	-0.0186724765	0.0069537884	-0.0583558966	0.0417712858	0.0316283089	-0.0610364618	-0.0772301546	0.0033359089	0.0797224944	0.0562267326	0.0	-0.0979228516832364	0.1651919740065182	-0.1489594828998406	0.0035562487847741	0.0025029161826843	-0.0025849630881272	0.1249859270563796	0.3470411184585742	0.6153676486039392
0.0445569389	-0.1510079506	-0.0587469964	-0.0459914819	0.0419050681	0.0624244884	0.0307419776	-0.0623423047	-0.0760141937	0.0071417307	0.0812004309	0.051825025	0.0	-0.0872411432755484	0.1414422656240361	-0.2136823323970418	0.0040208024288751	0.0027271907670869	-0.0024039985177074	0.1426439062335412	-0.0204793484370484	0.4830038505672049
-0.0344738244	-0.0537705539	0.0562683658	0.0055380099	-0.0155298283	0.0823032008	0.0298517485	-0.063616531	-0.0747114992	0.0109330668	0.0824210465	0.0471868517	0.0	-0.0815435427359432	0.1561342706449693	-0.1706173882795099	0.0039493990605283	0.0023281415854237	-0.0024681113174521	0.0901828171658052	1.4860631176278725	0.5624422299419248
0.0479436773	-0.0206270503	0.0505269212	-0.0713157423	-0.0359320143	-0.023964219	0.0289577344	-0.0648584944	-0.0733235575	0.0147022271	0.0833804731	0.0423333757	0.0	-0.0847287225162176	0.1524238759589877	-0.1805539926494219	0.0036826681601398	0.0027270981316667	-0.0026740370319245	0.060412836891363	-0.2214419146854935	0.5522090443062486
0.0619075829	0.0670124818	0.0404087481	-0.0392048172	0.0169239837	-0.0691971526	0.0280600488	-0.066067565	-0.0718519523	0.0184415664	0.0840756705	0.0372867421	0.0	-0.0872531829935212	0.1464063806486848	-0.1972547263976167	0.0035571659311973	0.0027978800128769	-0.0026069963576307	0.0384089287581263	-1.029464005990298	0.5834674445311777
0.0054084907	-0.0122013369	-0.0535136598	0.0012354406	-0.057006755	0.0106881498	0.0271588055	-0.0672431298	-0.0702983627	0.0221435002	0.0845044355	0.0320699777	0.0	-0.0780853199642734	0.174558133472459	-0.1471100323642957	0.0035561456360959	0.0025381363074323	-0.0024640238565998	0.107651134965188	0.7621901667297157	0.5759624789927658
0.0180752686	-0.1054951496	-0.0112542023	-0.0498967479	0.0178197454	-0.0486493179	0.0262541187	-0.0683845925	-0.0686645615	0.0258005198	0.0846654095	0.0267068854	0.0	-0.0903359355910424	0.1420982971244626	-0.1960958738179243	0.0041050332925806	0.0025719160225137	-0.0027283003392457	0.1360434861389939	-0.5506152596341148	0.5340939559366044
0.0393282856	-0.0354709572	0.073751867	-0.0275771188	0.0395781399	-0.0557964299	0.0253461031	-0.0694913742	-0.0669524127	0.0294052075	0.0845580822	0.0212219356	0.0	-0.0925436292069576	0.1495291194013646	-0.1772153661734847	0.0040021115559978	0.0023948584869137	-0.0025778077718627	0.0500426155155467	-0.1809089549944227	0.5382968746492948
0.0382950859	0.0738922796	0.0260658187	0.0373083624	0.0122588914	-0.0364959871	0.0244348739	-0.0705629136	-0.06516387	0.0329502518	0.0841827938	0.015640155	0.0	-0.094267781213432	0.1692834169295594	-0.1561222737850158	0.003734250538448	0.0026181974234864	-0.0028509102910497	0.080786665588613	-0.6329654666494027	0.6176936119454843
0.0854622051	0.0172142917	-0.0583110984	-0.147196712	-0.0182372543	0.0622374663	0.0235205465	-0.0715986674	-0.0633009741	0.0364284622	0.0835407336	0.009987012	0.0	-0.0738194940566643	0.147590363808689	-0.2121776983268404	0.0043120531853046	0.0026482814983572	-0.0026612308260237	0.1380750741571327	-1.506782207614742	0.5129981254313647
0.0482460796	-0.091479465	-0.0227864035	-0.0697193927	-0.0183087377	0.0843898697	0.022603237	-0.0725981101	-0.0613658507	0.0398327839	0.0826339362	0.0042883006	0.0	-0.0936995323580873	0.1651855481562734	-0.1897552609082282	0.0040026619058375	0.0023231062062178	-0.0027041713497586	0.0937730148346896	1.213018991990478	0.5576602289787962
0.0622302072	-0.0362993599	0.0640594269	-0.0104213117	0.0380561934	-0.0107962121	0.0216830616	-0.0735607351	-0.0593607077	0.0431563116	0.0814652752	-0.0014299774	0.0	-0.0938909022877538	0.1875732161434626	-0.1834813680856513	0.004004100880011	0.0024739207297299	-0.0032959755455276	0.0660558154121626	-0.4503164350797458	0.6318079809040481
0.130257501	0.030953615	0.0792714697	-0.1090249311	-0.0489807001	0.0195190024	0.020760137	-0.0744860539	-0.0572878331	0.0463923042	0.0800384542	-0.0071417307	0.0	-0.1062023351514795	0.1621123498300818	-0.2093521200571046	0.0043247306380896	0.0028388744394138	-0.0033076678959698	0.0985068420587948	-0.0148072021823018	0.6688961724167021
0.0990552025	0.0494519265	-0.0029751444	-0.1293874139	-0.0448738108	0.0018697066	0.0198345802	-0.0753735975	-0.055149592	0.0495341981	0.0783579946	-0.012820898	0.0	-0.1021332755734221	0.1604601497223114	-0.1704304315765625	0.0038348993432869	0.0027248620784432	-0.0032122463953449	0.0796062059862798	0.8210777962800986	0.7721204818912678
0.0006208072	-0.0474231358	-0.0782995715	-0.0042549187	0.034711622	-0.0053744653	0.0189065085	-0.0762229157	-0.0529484243	0.0525756204	0.0764292216	-0.0184415664	0.0	-0.1096233386345488	0.1800782157309584	-0.1393288578439495	0.0038068106119957	0.0027779678008059	-0.0034433177090262	0.0738229911691467	0.3494502591052814	0.8034438444740597
0.0653235782	-0.1030619094	0.0845109611	-0.0363568072	-0.0134227692	0.0281960778	0.0179760397	-0.0770335778	-0.0506868414	0.0555104022	0.0742582477	-0.0239780902	0.0	-0.118111003323122	0.1417066453367397	-0.1730292603426448	0.0043281594329074	0.0032129572343362	-0.0035009848850329	0.1312599091039221	-0.6044266716420906	0.8578667531396914
0.0532225877	0.0352340222	0.0592365169	-0.0623254016	0.0485445142	-0.0221283775	0.0170432917	-0.0778051725	-0.0483674239	0.0583325908	0.0718519523	-0.0294052075	0.0	-0.1265573229120065	0.1492808423340221	-0.1499780380672319	0.0041469249465231	0.0033786995998772	-0.0037800457159542	0.0703736230039098	-0.5099484327888147	0.917379266715079
0.0840096098	0.0989051052	0.0130725656	0.0183219148	0.0810890729	0.005508903	0.0161083828	-0.0785373087	-0.0459928183	0.0610364618	0.0692179611	-0.0346981555	0.0	-0.1331746633991315	0.1633319007807756	-0.1212454111180818	0.0040078858513259	0.0031099990048679	-0.0037597672763264	0.0708019323747436	-0.2281846636974093	0.9667726839406804
0.0646072147	-0.0200000368	-0.1240648142	-0.1355601031	0.0907874604	-0.0158990014	0.0151714315	-0.079229615	-0.0435657341	0.063616531	0.066364621	-0.0398327839	0.0	-0.1152493818962625	0.1438659225885885	-0.1624649090739609	0.0043772674368198	0.0033779584488597	-0.0036889263109435	0.1140198573943652	-1.3617012748016972	0.8696688594959038
-0.0027357006	-0.0651183486	-0.0203112873	-0.0074357521	-0.0065130392	0.0203806585	0.0142325566	-0.0798817403	-0.0410889406	0.066067565	0.0633009741	-0.0447856643	0.0	-0.1154402081688203	0.1503880160590114	-0.1134950597767527	0.0040070757100561	0.0031028718496215	-0.0035712484048038	0.0938305806472688	1.5725408806773515	0.9579810039569844
0.0223794828	-0.0245827782	0.0307397299	0.0363655886	-0.0300290392	-0.0499058169	0.0132918772	-0.080493354	-0.0385652638	0.0683845925	0.060036729	-0.0495341981	0.0	-0.1256138511486568	0.1604365811386117	-0.0990878432955639	0.0038086007650159	0.0031311509580014	-0.0038739930130557	0.0611043576242256	-0.2906221524493267	1.027940037074484
0.0943601064	0.0411982877	0.0899984184	-0.0486092775	-0.008760692	0.0068846953	0.0123495124	-0.0810641457	-0.0359975834	0.0705629136	0.05658223	-0.0540567187	0.0	-0.1272457951770746	0.140111891537245	-0.1481611195649321	0.0042278266949837	0.0035960613275634	-0.0037731392117582	0.1202794149405177	-0.8907219490871147	0.9774162018146584
0.0574722285	0.0244917372	-0.0876754033	-0.0159927996	-0.0357140241	0.0405015665	0.0114055819	-0.0815938261	-0.0333888291	0.0725981101	0.0529484243	-0.0583325908	0.0	-0.1281468438353528	0.1445570114948537	-0.1015822897942229	0.0039151156016087	0.0034736221834921	-0.003785835901444	0.0743173447432011	1.0411192986483582	1.0473716223527725
0.0289699116	-0.1106255516	0.0043391107	-0.0028230962	0.0822024103	0.0030973444	0.0104602052	-0.0820821265	-0.0307419776	0.0744860539	0.0491468271	-0.0623423047	0.0	-0.1348212788513336	0.137947575723615	-0.1427574270524161	0.0040101536865508	0.0037394156612702	-0.0038020344466073	0.0733105134395877	-0.0355378980199451	1.064988677186583
0.0758043225	-0.0537400929	0.0512624236	-0.0065224794	-0.0200838249	-0.0024268764	0.0095135023	-0.0825287993	-0.0280600488	0.0762229157	0.0451894857	-0.066067565	0.0	-0.1340173727590183	0.1389601752821789	-0.1503102610843854	0.0043157129131394	0.0037823589125904	-0.0037922024944108	0.0272860611881135	-0.6933348935182325	1.105506035043844
0.0483642202	0.0077743079	0.0025843538	0.0267244386	0.0404282456	0.0283101863	0.0085655932	-0.082933618	-0.0253461031	0.0778051725	0.0410889406	-0.0694913742	0.0	-0.1100902082928598	0.1580137234249008	-0.0799894828472531	0.003606858441285	0.0036958760163325	-0.0036926996908543	0.1580434994294526	2.736788330769645	1.0668461533452178
0.0421162517	0.0800455042	-0.0184574281	-0.0414897173	0.0459170672	0.0908868116	0.007616598	-0.0832963772	-0.022603237	0.079229615	0.0368581863	-0.0725981101	0.0	-0.1150338591243667	0.1435270751952657	-0.0857345612232052	0.0039197965091653	0.0038441357099763	-0.0037760755567769	0.0524040588094291	0.1060919519171698	1.0962328084394437
0.0606573604	-0.0272402002	-0.0918599603	-0.0975146321	0.0312549698	0.0821909844	0.0066666371	-0.0836168929	-0.0198345802	0.080493354	0.03251063	-0.0753735975	0.0	-0.1231293557584649	0.1304463479616515	-0.0974080093610325	0.0039353107886466	0.0041121086822895	-0.0037796326531163	0.0472018894122347	-0.2204982769590117	1.2438572716104046
-0.0277881673	-0.0419831416	-0.0078497267	0.1006079027	-0.0705890387	0.0455193381	0.0057158309	-0.0838950027	-0.0170432917	0.0815938261	0.0280600488	-0.0778051725	0.0	-0.135141622319594	0.1352320493468113	-0.0363382789574444	0.0037403014965432	0.0041130278923826	-0.0040192292661518	0.099643954111477	1.72077370361889	1.2647236961902089
0.0645661549	-0.0188623507	0.0375957883	0.0232049266	0.0384024104	-0.0473734734	0.0047643001	-0.0841305655	-0.0142325566	0.0825287993	0.0235205465	-0.0798817403	0.0	-0.1330894678091425	0.1116590639444155	-0.0525638975328917	0.0038269780786822	0.0043897574317059	-0.0040709487167446	0.0626070370910496	0.3581259397952787	1.2981176654882105
0.0477728013	0.0797788659	-0.0099017249	-0.0075454573	0.0332269287	0.0593863401	0.0038121652	-0.0843234618	-0.0114055819	0.0832963772	0.0189065085	-0.0815938261	0.0	-0.1278227746930582	0.1087105121640803	-0.0462513945551421	0.003289108668905	0.0044932640056991	-0.0038169283737709	0.059297564211374	-0.7801355614840794	1.2678172620531327
-0.0660180509	-0.0131032993	-0.1195169947	0.0952308338	-0.0606845378	0.1299561393	0.0028595469	-0.0844735938	-0.0085655932	0.0838950027	0.0142325566	-0.082933618	0.0	-0.1146153919603847	0.1358739696145505	0.0036641512450046	0.0032023368711009	0.0040939287193419	-0.0038155851243602	0.1146589026618904	0.8311419727814323	1.1930469708804967
-0.0123678422	-0.0766360393	0.0155602986	0.1213729881	0.0106416283	-0.0488025682	0.001906566	-0.0845808854	-0.0057158309	0.0843234618	0.0095135023	-0.0838950027	0.0	-0.1267283524914546	0.0834658871809779	-0.0286835009764132	0.0036099971832989	0.0044301518180087	-0.0038180385058203	0.1341855348023053	-0.4484922548128776	1.3284202932341145
0.0397090056	-0.0221071539	0.0753692563	0.0460805133	0.0541102421	0.0018692289	0.0009533435	-0.0846452821	-0.0028595469	0.0845808854	0.0047643001	-0.0844735938	0.0	-0.1292433313687269	0.0924470153430547	-0.0305708469869188	0.0035631979500334	0.004276240801786	-0.0038176591117627	0.0234379352271447	-1.2448184989175646	1.3572967983171014
-0.0058423186	0.0583159571	0.0020533762	0.0815789073	0.0133691108	0.00958471	0.0	-0.0846667513	-0.0	0.0846667513	0.0	-0.0846667513	0.0	-0.1029179683891214	0.1245036456017203	0.0219280259332208	0.0030109819788291	0.0041697929674795	-0.0038148150836873	0.1439562578377207	0.6442427433815935	1.2071639061382513
0.0625357288	0.0149605099	-0.0906719577	0.044270625	0.0577202029	-0.0021852781	-0.0009533435	-0.0846452821	0.0028595469	0.0845808854	-0.0047643001	-0.0844735938	0.0	-0.1088835869188358	0.0996209411411257	-0.0256645670505406	0.0038618320452171	0.0046021768134207	-0.0038199307035899	0.1428583925856604	-0.2980814630748467	1.2183183275649925
0.0103618625	-0.1133249718	0.0079683968	0.0527571964	0.0097029047	-0.0169899297	-0.001906566	-0.0845808854	0.0057158309	0.0843234618	-0.0095135023	-0.0838950027	0.0	-0.1035801702285965	0.108971957966375	-0.0109314259200772	0.0033138461544001	0.0043380700534736	-0.0036022228927768	0.080877597724812	0.6571040812379138	1.2830071786381565
0.0138384207	-0.0196157436	0.0575130221	0.0809590107	-0.042371367	-0.0916357867	-0.0028595469	-0.0844735938	0.0085655932	0.0838950027	-0.0142325566	-0.082933618	0.0	-0.1032644746068314	0.1274322066871036	0.0065948799394277	0.0031308305029622	0.0046100677682832	-0.0038167519874348	0.0697793732472735	0.4912044213197765	1.2681662478836253
0.0452077175	0.0754427409	-0.0081250807	0.069453413	-0.072927521	0.1086544803	-0.0038121652	-0.0843234618	0.0114055819	0.0832963772	-0.0189065085	-0.0815938261	0.0	-0.1158846287559356	0.0882824613907899	0.0252451263389872	0.0032509905347342	0.0049503472380754	-0.0038180916162024	0.0935091023615673	0.5252033628624796	1.390267685995927
-0.1430586715	0.035402664	-0.0338308934	0.064953398	-0.0570141766	0.1525589568	-0.0047643001	-0.0841305655	0.0142325566	0.0825287993	-0.0235205465	-0.0798817403	0.0	-0.1026455275860058	0.0975760193599768	0.1472153169276566	0.0026728958968222	0.0048501153171436	-0.0040680251881742	0.190915856268566	2.8400631742173967	1.078054882111906
-0.0964372973	-0.0544963176	0.0343035459	0.1451905598	0.0494542027	0.0020824701	-0.0057158309	-0.0838950027	0.0170432917	0.0815938261	-0.0280600488	-0.0778051725	0.0	-0.123535770770971	0.0777741666719578	0.1221340403039477	0.0030809755913185	0.0051740483125561	-0.0042260225404701	0.1102738746069281	0.380045085887638	1.2244804281044042
-0.0837911221	-0.0013769147	0.0708186372	0.0986480974	-0.0848159442	0.1093533975	-0.0066666371	-0.0836168929	0.0198345802	0.080493354	-0.03251063	-0.0753735975	0.0	-0.1204040273568125	0.055821762950373	0.0870525653442371	0.003144834046208	0.0055731973859778	-0.0040528194871549	0.0919761511767739	-1.4153254663324013	1.3758770930714104
-0.1102538849	0.1016921306	0.0167472531	0.0562701076	-0.047133653	-0.0134070421	-0.007616598	-0.0832963772	0.022603237	0.079229615	-0.0368581863	-0.0725981101	0.0	-0.1181116275208467	0.0683238983921938	0.1621135669703193	0.002534046424221	0.0055560384354602	-0.0039650866524724	0.1256395072632238	1.7945897288053911	1.1515302643687733
-0.0822261957	0.02018423	-0.0858034455	0.0288290494	-0.0777930536	-0.0642359881	-0.0085655932	-0.082933618	0.0253461031	0.0778051725	-0.0410889406	-0.0694913742	0.0	-0.1095827092017316	0.0557290566129893	0.1611216761252194	0.0025320304871977	0.0055620505941715	-0.0039550915765634	0.0230168095255995	-0.1406077337768232	1.1878595428037857
-0.0962378015	-0.0790703392	0.0091440343	0.0486427888	-0.0177925426	-0.0630597908	-0.0095135023	-0.0825287993	0.0280600488	0.0762229157	-0.0451894857	-0.066067565	0.0	-0.1131559469671543	0.055953666924907	0.1370894395490012	0.0028918415558238	0.0057611437724034	-0.0040973856464175	0.0628900004891635	-1.180383218527564	1.285405755989385
-0.128219797	0.0287599932	0.0096870816	0.0489723404	-0.0520649884	-0.0276153637	-0.0104602052	-0.0820821265	0.0307419776	0.0744860539	-0.0491468271	-0.0623423047	0.0	-0.1088489724466938	0.0928532530934944	0.1857048626027051	0.0025170348254418	0.0057632573708921	-0.0038168008952326	0.1226972377455318	0.6531633860576473	1.168871564177526
-0.0163655348	0.0889302034	0.0235240961	0.0641997578	0.0381491783	-0.052993207	-0.0114055819	-0.0815938261	0.0333888291	0.0725981101	-0.0529484243	-0.0583325908	0.0	-0.1260979328834821	0.0560081879469294	0.1621609011559428	0.0028928979610551	0.0059821011041922	-0.0041312104986615	0.1230938106472305	0.3123602361654952	1.3426781525934326
-0.0150891527	0.0897670757	-0.0845776496	0.0095820199	-0.0081287949	0.1051131576	-0.0123495124	-0.0810641457	0.0359975834	0.0705629136	-0.05658223	-0.0540567187	0.0	-0.1238872416794549	0.0622705706249604	0.1344064692341504	0.002893858372365	0.0061170200259343	-0.0041899119162352	0.0459565433351355	-0.9255410020769628	1.380832694869876
-0.0895944664	0.0074719459	-0.0710312991	-0.023406896	0.0346477613	0.0829612739	-0.0132918772	-0.080493354	0.0385652638	0.0683845925	-0.060036729	-0.0495341981	0.0	-0.1194029327583052	0.0882632626627355	0.2142929869571332	0.0026179229002029	0.0059178103511716	-0.0040183010678126	0.1427013184492775	2.220598422136601	1.1686404335005254
-0.0599809712	-0.0363960948	-0.0182000349	0.0166414636	0.050929854	-0.0224840274	-0.0142325566	-0.0798817403	0.0410889406	0.066067565	-0.0633009741	-0.0447856643	0.0	-0.1194760552437372	0.058594256371677	0.1836945466802291	0.0030008467659716	0.006051475008638	-0.0040636418384991	0.0884370337494745	0.7830465943313503	1.2321211064605422
-0.0022343724	0.0286520834	0.0168085576	0.0327800541	0.0507103959	0.0255973696	-0.0151714315	-0.079229615	0.0435657341	0.063616531	-0.066364621	-0.0398327839	0.0	-0.1039098377204084	0.0636472452672762	0.1427547271073876	0.0031918610887625	0.0064219711382931	-0.0041458132017092	0.0937431167745745	-0.4090326728802622	1.3601236283042302
-0.0551534883	0.0987134154	-0.0223935924	0.0350818425	-0.0165036868	-0.0250713575	-0.0161083828	-0.0785373087	0.0459928183	0.0610364618	-0.0692179611	-0.0346981555	0.0	-0.115276771478733	0.084052408315415	0.2306405873601562	0.0024491271718609	0.0060534736655732	-0.0041604723960155	0.175952486255622	2.3788543802462905	1.1402652393898465
-0.0215562324	0.0059431135	-0.1197572638	0.0434198196	-0.0748946944	-0.0023753336	-0.0170432917	-0.0778051725	0.0483674239	0.0583325908	-0.0718519523	-0.0294052075	0.0	-0.1224938403680369	0.064454465022365	0.1842273138992141	0.002972784426842	0.0062550583131888	-0.0043908609703049	0.121009809487601	0.7170236854860508	1.3093496835148273
-0.0363735484	-0.0576622881	0.0486797814	0.0379188034	-0.0275048572	0.0028815093	-0.0179760397	-0.0770335778	0.0506868414	0.0555104022	-0.0742582477	-0.0239780902	0.0	-0.1199377191569084	0.0559455157195856	0.1553837456007869	0.0032410398391266	0.0065992294349876	-0.0042387681260113	0.078134607731185	0.1907126462111546	1.4515685229723592
-0.050979046	0.0315511118	-0.014381174	-0.0185193676	-0.015850651	0.0215494645	-0.0189065085	-0.0762229157	0.0529484243	0.0525756204	-0.0764292216	-0.0184415664	0.0	-0.119328713637131	0.0616507756419792	0.2140317420836197	0.0027251951219147	0.0067531845606285	-0.0043382713412272	0.1034274148284387	2.2755103593017743	1.207996762854247
-0.0267216484	0.0933431793	-0.0002228228	0.0061484721	0.0922426493	-0.1234210977	-0.0198345802	-0.0753735975	0.055149592	0.0495341981	-0.0783579946	-0.012820898	0.0	-0.1194663081737275	0.0558431826275125	0.2268268715227606	0.0027891204334485	0.0067712956373862	-0.0041565087605854	0.0319302654368691	0.8375032438611459	1.1582171595379769
0.0115987609	0.020173624	-0.1035731212	-0.0240916511	0.0295783869	-0.1468936683	-0.020760137	-0.0744860539	0.0572878331	0.0463923042	-0.0800384542	-0.0071417307	0.0	-0.1195435210539841	0.0559823578812057	0.1814875571539431	0.0028409127675741	0.0067470444683515	-0.0042581570286301	0.0544402910630173	-0.6683247476226474	1.3660391780685504
-0.0626292084	-0.0146411351	-0.0311728373	-0.0702650424	-0.027181521	-0.0981494221	-0.0216830616	-0.0735607351	0.0593607077	0.0431563116	-0.0814652752	-0.0014299774	0.0	-0.1195477347457938	0.0639807995559067	0.257042148414385	0.0027787812460048	0.0067071954554867	-0.0042453853966124	0.0892948549495426	2.6214350892482243	1.0807561863346316
-0.057853731	0.0279427497	0.0524941745	-0.0362957188	0.025992724	-0.0405300446	-0.022603237	-0.0725981101	0.0613658507	0.0398327839	-0.0826339362	0.0042883006	0.0	-0.1248801823250715	0.0562232947726215	0.2612479624268218	0.0025992869130098	0.0067572285702053	-0.0045123532461716	0.0421205312386397	0.1765658541464279	1.1265228417853992
0.001389415	0.0635290925	0.0437041361	-0.0126098164	0.0383301641	-0.0173671323	-0.0235205465	-0.0715986674	0.0633009741	0.0364284622	-0.0835407336	0.009987012	0.0	-0.1290395836338405	0.0463123973138692	0.2197476402568838	0.002943983482994	0.0072131099667223	-0.0044161994246679	0.1004072103377042	-0.4864586779421211	1.292329998863257
0.0190322423	0.0791068625	-0.0036654329	0.0493132639	0.0420113853	-0.0914775803	-0.0244348739	-0.0705629136	0.06516387	0.0329502518	-0.0841827938	0.015640155	0.0	-0.1263892238732893	0.0406776449767249	0.2416790018365446	0.0025649093127711	0.0069819577836962	-0.0044010285919803	0.0614863329741862	0.5764710008783762	1.2042418397379275
-0.0692252692	0.0280645955	-0.0338310823	-0.0260939996	-0.0005735285	-0.0115708521	-0.0253461031	-0.0694913742	0.0669524127	0.0294052075	-0.0845580822	0.0212219356	0.0	-0.1238716061716047	0.0561501665195152	0.3146646006949112	0.0022109074365375	0.0069912376466538	-0.0043963012178445	0.1093761937691915	0.518936884983293	0.8919041000440361
-0.0400132848	-0.0892102351	0.0123758595	-0.0507949507	-0.0476906294	-0.0843063295	-0.0262541187	-0.0683845925	0.0686645615	0.0258005198	-0.0846654095	0.0267068854	0.0	-0.1187137286514854	0.0130012113696977	0.2907876628277392	0.0026909563872634	0.007192661048768	-0.0044232545909138	0.1076050568325788	0.2460921146154876	1.0985389918358104
-0.0406375906	-0.0082203421	0.0003131675	-0.0299307627	0.0714346448	-0.0860903222	-0.0271588055	-0.0672431298	0.0702983627	0.0221435002	-0.0845044355	0.0320699777	0.0	-0.1185026107100384	0.0128371791440002	0.2861978614162979	0.002591067649093	0.0073619809751932	-0.0043511177081044	0.0220322289488358	-0.2464491292673292	0.9692705549269588
-0.0579365063	0.0547260772	0.0905607246	-0.0820319516	0.0254047839	-0.0110813868	-0.0280600488	-0.066067565	0.0718519523	0.0184415664	-0.0840756705	0.0372867421	0.0	-0.1244461036569504	0.023498990519684	0.338153220457059	0.0022289778346453	0.0073566375588436	-0.0044667766666539	0.0927152728306969	0.3190023071662873	0.8366354399468316
0.0033441991	0.0876395996	-0.0606861563	-0.0688700292	-0.0257950595	-0.0639672597	-0.0289577344	-0.0648584944	0.0733235575	0.0147022271	-0.0833804731	0.0423333757	0.0	-0.1184180898926001	0.0018753692756376	0.2896221358080311	0.0027102574130869	0.0073889939117515	-0.0045210963641597	0.1045805011001896	-0.2145853414681694	1.0468430004233238
0.0215445528	-0.0356011333	-0.0633002058	-0.0545854548	0.0761562523	-0.0409531635	-0.0298517485	-0.063616531	0.0747114992	0.0109330668	-0.0824210465	0.0471868517	0.0	-0.1178606389870395	0.0246547094920828	0.2629585256798776	0.0025849577248462	0.0075009601714561	-0.0047732893062988	0.0744733457543792	-0.3918223821636442	1.134968292309014
-0.046387171	-0.0403333609	0.016959397	-0.0841548239	0.023450007	0.0056564495	-0.0307419776	-0.0623423047	0.0760141937	0.0071417307	-0.0812004309	0.051825025	0.0	-0.1182463159352096	0.028506516066173	0.3114543435522421	0.0026498933808796	0.0073920774888469	-0.0045563811585956	0.0722696257119148	2.4545525278708875	0.9181654110459808
-0.0383448761	0.0233265213	0.0076408158	-0.0485281632	0.017876071	-0.0134468361	-0.0316283089	-0.0610364618	0.0772301546	0.0033359089	-0.0797224944	0.0562267326	0.0	-0.1183368610397934	0.0133984363357484	0.3372836712107698	0.0026288491499984	0.0073319125521367	-0.0047192224583361	0.053230475860131	0.3564031304620196	0.7955796218974411
0.0184827985	0.0337669648	0.0770432332	-0.0214375707	0.0467386225	-0.0904070422	-0.03251063	-0.0596996646	0.0783579946	-0.0004766793	-0.0779919207	0.0603718905	0.0	-0.1145092564690628	-0.0026590495785683	0.3103442518636115	0.0026112079914074	0.0075288271682196	-0.0048234235763769	0.0627623544679405	0.1801161106672904	1.0567845765194055
-0.0305501179	0.0549262165	0.0149146799	-0.0705968744	0.0104114982	-0.0118700739	-0.0333888291	-0.0583325908	0.0793964266	-0.0042883006	-0.0760141937	0.0642415853	0.0	-0.1180246722831981	0.004483502786627	0.3798268239564493	0.002516285617668	0.0074151078651494	-0.004783417876834	0.0925729090897933	2.280097718201508	0.6270217321231175
-0.0339511094	-0.0850916024	-0.0644241267	-0.0668068386	-0.0443802966	0.0635892501	-0.0342627948	-0.0569359339	0.0803442659	-0.0080912238	-0.0737955809	0.0678181605	0.0	-0.13688851066496	-0.0128674360878022	0.352226635300866	0.0026426662375151	0.0073362822354068	-0.0048012887421094	0.0749688216550293	0.6625482118394976	0.7051679810219922
-0.0255045685	-0.0875521326	0.0145470255	-0.0249468696	-0.0254707463	-0.0636556522	-0.0351324164	-0.0555104022	0.0812004309	-0.0118777354	-0.0713431129	0.071085297	0.0	-0.1275837765467287	-0.032589775169697	0.3194874627383655	0.0028368590842899	0.0074493460626194	-0.0047791582637764	0.0782356033786465	-0.4550940332137699	0.9415500731463184
-0.0294355706	-0.0221953013	0.1025624266	-0.0413139648	0.0081402954	0.0075314791	-0.0359975834	-0.0540567187	0.0819639447	-0.015640155	-0.0686645615	0.0740280875	0.0	-0.1156785784726111	-0.0145485013504327	0.3812735104043128	0.0024627516817332	0.0074072350438336	-0.0047792108043352	0.1125460676543941	1.9951746798651904	0.6289318259633566
0.0245740027	0.0289898838	0.0681965994	-0.0415938672	0.0272567079	-0.0436046457	-0.0368581863	-0.0525756204	0.0826339362	-0.0193708514	-0.0657684149	0.0766331049	0.0	-0.1292197482126624	-0.0290205001156067	0.3528490372522981	0.0027899655395159	0.0074889581416157	-0.0047820417822518	0.0770260383313099	-0.3926998457107163	0.7707674299775621
0.0199722612	0.0036152992	-0.0707287967	-0.0683245371	-0.1323060136	0.041234869	-0.037714116	-0.0510678587	0.0832096409	-0.0230622573	-0.0626638509	0.078888463	0.0	-0.1352463227607785	-0.0356869991199317	0.3621064666607338	0.0026919994681406	0.007594092054848	-0.0048563205517971	0.0358194406685218	0.4057664985767116	0.6804405285570055
-0.0635840589	-0.0828814486	0.0899829946	-0.1138082328	-0.0027047203	0.0897821946	-0.0385652638	-0.0495341981	0.0836904018	-0.0267068854	-0.0593607077	0.0807838712	0.0	-0.1315463605488105	-0.0135133661125763	0.3817847399271414	0.0020108666983217	0.0071153498041289	-0.0047302389592244	0.1098496991412659	0.4768394326336408	0.5893352438677
0.0145187723	-0.044581036	0.0971290339	-0.0485845566	-0.0626332451	-0.0142972875	-0.039411522	-0.0479754164	0.0840756705	-0.0302973432	-0.0558694529	0.082310681	0.0	-0.131525681684721	-0.0541328962168421	0.3458867608685523	0.002608348645124	0.0076604024676081	-0.0047750846120711	0.1359072011833544	-1.20022837605113	0.875837925074187
0.0411197434	0.0545589963	0.1038061794	-0.0122495271	-0.087651023	0.0579303299	-0.0402527831	-0.0463923042	0.0843650073	-0.0338263481	-0.0522011501	0.0834619261	0.0	-0.1373697812214658	-0.0480674565510383	0.3631790891456745	0.0025191030478485	0.0074591981182166	-0.0047054863304467	0.0472042788942407	0.5185305989417829	0.7018207110594412
-0.0063932311	0.04748513	-0.0060478729	-0.0535369557	-0.0647280462	0.0140709191	-0.0410889406	-0.0447856643	0.0845580822	-0.0372867421	-0.0483674239	0.0842323536	0.0	-0.1353574789712865	-0.0111579766986551	0.3847153849523579	0.0020842108900665	0.007183992478877	-0.0049190787151941	0.1066425870026958	-0.5441302365762491	0.5930005834472035
-0.0096982143	-0.109440212	0.0590136337	-0.0372352608	-0.0565521516	0.0455172414	-0.0419198884	-0.0431563116	0.0846546747	-0.0406715065	-0.0443804234	0.0846184482	0.0	-0.1377737724296537	-0.0542864953027191	0.336826929039276	0.0028449914677898	0.0073706987956232	-0.0048665788028761	0.143432608314888	-0.6828986363643806	0.8314644997420562
0.0156217544	-0.0454740149	0.0627199243	-0.031983031	-0.0149323292	-0.0694892138	-0.0427455211	-0.0415050723	0.0846546747	-0.0439737757	-0.0402527831	0.0846184482	0.0	-0.1215890972896716	-0.0450418078017236	0.3253779707330579	0.0027801028925008	0.0074672268404449	-0.0049659750204049	0.0499189628291707	-1.7706667532807476	0.8672713928860208
-0.0315269837	0.010405033	0.0907520372	-0.0467050893	0.0107898232	0.1253535219	-0.0435657341	-0.0398327839	0.0845580822	-0.0471868517	-0.0359975834	0.0842323536	0.0	-0.1283516704341565	-0.0135469591049002	0.385522973753936	0.0024106569744455	0.0069073044466922	-0.0048114095641834	0.1525991132636613	0.6772717808576917	0.6266263086032341
0.0746049563	0.0449799575	-0.0202299834	-0.0334558238	-0.0275217605	0.1210985602	-0.0443804234	-0.0381402944	0.0843650073	-0.0503042174	-0.0316283089	0.0834619261	0.0	-0.1166286298717409	-0.03604291613523	0.3561578896444075	0.0029478092302856	0.007372034921586	-0.004813961659214	0.1138058229904989	-0.2542033550058949	0.702631402431235
0.0507454952	-0.0787951024	-0.0715022363	-0.0253507028	-0.048134155	-0.0095068462	-0.0451894857	-0.0364284622	0.0840756705	-0.0533195497	-0.0271588055	0.082310681	0.0	-0.134448063317123	-0.0294430125863414	0.3131965534254846	0.0030206527582604	0.0072958388894375	-0.0048221132944202	0.0752402329796686	-1.2777663259521346	0.9455323286122124
0.0017458705	-0.0719701221	0.0248234224	-0.0273975055	0.0021641993	0.0286825748	-0.0459928183	-0.0346981555	0.0836904018	-0.0562267326	-0.022603237	0.0807838712	0.0	-0.1167290095736177	-0.021912335405247	0.3677621302287122	0.0029660317396447	0.0070900176245525	-0.0047881020663464	0.0945379833065523	1.795499732309275	0.6882333833878589
0.010598847	0.0102776743	0.0411681852	-0.0106927174	0.0434081074	0.0113726648	-0.0467903195	-0.0329502518	0.0832096409	-0.0590198693	-0.0179760397	0.078888463	0.0	-0.1169105901723526	-0.0176170507265425	0.3775608282712994	0.0028080634744186	0.0071279138319968	-0.0047721007373801	0.0248688534018616	-0.6864473106157677	0.5865555116568204
0.0866000332	0.0514006249	0.0028141195	0.0637476357	0.004652487	0.0135198808	-0.0475818882	-0.0311856375	0.0826339362	-0.0616932944	-0.0132918772	0.0766331049	0.0	-0.116436774304006	-0.0515442692293817	0.3404471540522564	0.0031576912009321	0.0073338274208714	-0.0049416775545418	0.1077706152177187	-1.0146093402041567	0.8596565353710957
0.0739476495	-0.0257385092	-0.129438412	-0.0378536402	0.0058396336	-0.0204693957	-0.0483674239	-0.0294052075	0.0819639447	-0.0642415853	-0.0085655932	0.0740280875	0.0	-0.1217948174480483	-0.0343392461518874	0.3633328573082224	0.0029389331454486	0.0073039336929594	-0.0048938313529569	0.0602736687265225	-1.1521961441729134	0.7122573421839151
-0.019364594	-0.0994519383	0.0307324107	-0.0431269586	0.0257723203	0.0300379114	-0.0491468271	-0.0276098648	0.0812004309	-0.0666595733	-0.0038121652	0.071085297	0.0	-0.1278129632378863	-0.0177751856897572	0.3871832626316944	0.0030249930980305	0.0070188167020528	-0.0048252028908108	0.0684228818571702	-0.6344801541946954	0.5929241699386416
0.0593254876	-0.0284547465	0.0479374663	0.0248290367	0.0337648385	-0.0302791522	-0.0499199989	-0.0258005198	0.0803442659	-0.0689423539	0.0009533435	0.0678181605	0.0	-0.1321154143908245	-0.0429980946770172	0.3498845443555893	0.0033593148233805	0.0071710764597574	-0.0050881430942907	0.1043001627430283	-1.615266567341503	0.8451425749047619
0.0849730795	0.0476340201	-0.0074260267	0.0144392198	0.0508639869	-0.0326469715	-0.0506868414	-0.0239780902	0.0793964266	-0.071085297	0.0057158309	0.0642415853	0.0	-0.1165910896996109	-0.03041957600756	0.3599016044007186	0.003087945323399	0.0071871561279381	-0.0048371893248531	0.0650400502857901	-0.0159539823070066	0.7608387580492245
0.0597760848	0.011755837	-0.0936435295	0.0024460294	-0.0032775479	-0.0617220169	-0.0514472572	-0.0221435002	0.0783579946	-0.0730840558	0.0104602052	0.0603718905	0.0	-0.1164808713326408	-0.0066722663253244	0.3746301941518908	0.0032049393455875	0.0071681299153365	-0.0049870826202222	0.0528817943083379	-0.9200798792870252	0.6651036838102994
0.0425859036	-0.1222167992	-0.0582976043	0.0213468043	0.0089205104	-0.0375197252	-0.0522011501	-0.0202976803	0.0772301546	-0.0749345762	0.0151714315	0.0562267326	0.0	-0.1212040423438622	-0.0470424689524122	0.3377510794500438	0.0035088278119407	0.0070710601448917	-0.0048810043350829	0.1073243144370212	-0.7784008526647079	0.9453144493229274
0.0181823411	-0.0359024188	0.0382737057	0.0522674265	0.0284168919	0.0717519402	-0.0529484243	-0.0184415664	0.0760141937	-0.0766331049	0.0198345802	0.051825025	0.0	-0.117200679475971	-0.0260695773407633	0.3771579068120019	0.0034851296556618	0.0069202758811712	-0.0047861475939673	0.0778500398972482	1.0759017175111891	0.6465022719866668
0.060312971	0.0529937174	0.0389884178	-0.0079683024	0.0303968396	0.026406968	-0.0536889851	-0.0165761	0.0747114992	-0.0781761966	0.0244348739	0.0471868517	0.0	-0.1173452136843451	-0.0238181021784384	0.3638311058273729	0.0036378781279912	0.0066862408167693	-0.0048792523325158	0.039717224119318	-0.4282354518471284	0.7065042171765783
0.1207709207	0.0354644411	-0.0537629202	0.0052541025	-0.0371565808	0.0090208398	-0.0544227387	-0.0147022271	0.0733235575	-0.0795607215	0.0289577344	0.0423333757	0.0	-0.1339307167545342	-0.0503801077382348	0.3305122237089506	0.0039520884464388	0.0070820903809203	-0.0050831000216793	0.1221617693365127	-1.298424460657061	0.9268748420248424
0.0406876266	-0.0599019866	-0.1152088516	0.0053684479	0.0691844214	0.1332213566	-0.055149592	-0.012820898	0.0718519523	-0.0807838712	0.0333888291	0.0372867421	0.0	-0.1300953788377228	-0.0361369268337909	0.3791968379426294	0.0037188523738094	0.0069879229159757	-0.0049460952239284	0.089983549821179	1.5612639269951405	0.6295147506617624
0.0098316011	-0.0434754099	0.0168987722	0.0399584744	0.0102955199	-0.0672977295	-0.0558694529	-0.0109330668	0.0702983627	-0.0818431648	0.037714116	0.0320699777	0.0	-0.1217223159703166	-0.0158619266019854	0.3670894441616354	0.0034367472404104	0.0069220928414475	-0.0049639857029359	0.0590467412269406	-0.1858761485138668	0.6968565689320897
0.0906275611	-0.0038461169	-0.0101796149	0.1108343794	-0.0400650873	-0.0126242547	-0.05658223	-0.009039691	0.0686645615	-0.0827364537	0.0419198884	0.0267068854	0.0	-0.1167585841456286	-0.0481586051589602	0.3302931540188041	0.0037400068584248	0.0070869258753514	-0.0049183505873977	0.0997430888973191	-1.2168196508564633	0.9534182658545612
0.0575130025	0.0323266827	0.0314275492	0.0243577269	-0.0721948087	0.047406311	-0.0572878331	-0.0071417307	0.0669524127	-0.0834619261	0.0459928183	0.0212219356	0.0	-0.1110020131343105	-0.0298722702019063	0.3922095857454053	0.0034360581257473	0.0071069068972391	-0.0047803016028475	0.1090582746507432	0.7528332971335887	0.5653752970828336
0.0615537235	-0.0158022227	-0.1048418057	0.0514793404	-0.0405042248	0.0154833069	-0.0579861726	-0.0052401486	0.06516387	-0.0840181105	0.0499199989	0.015640155	0.0	-0.1170067053109136	-0.0116017614985253	0.3451247458223605	0.0036662408694267	0.0069771020053868	-0.0049203863292897	0.0963636589017239	-0.6966830084862253	0.7519409398923463
0.0613987157	-0.1061542098	0.0397946883	0.1639032764	0.0313045707	0.021047621	-0.05867716	-0.0033359089	0.0633009741	-0.0844038786	0.0536889851	0.009987012	0.0	-0.1024452979464172	-0.0373221133814638	0.2876588704933311	0.003891455913147	0.0070450787576346	-0.0046487975642892	0.1259866626248943	-1.3880730755909354	1.0269496805984435
0.0130875859	0.0160829764	0.0476885674	0.0713556136	-0.0466463214	0.0964898353	-0.0593607077	-0.0014299774	0.0613658507	-0.0846184482	0.0572878331	0.0042883006	0.0	-0.1015773132932054	-0.016423944985803	0.3775886064849203	0.0035619062196144	0.0068711465786404	-0.0047553265444645	0.1421964316755667	0.7085765401815233	0.6069802014645569
0.1014506205	0.0865684068	-0.0213597853	0.0750943099	0.0748609951	0.0528124659	-0.060036729	0.0004766793	0.0593607077	-0.0846613839	0.0607051383	-0.0014299774	0.0	-0.1095437409114623	-0.0360612548555536	0.3397992091124422	0.0038422007305053	0.0069294040324594	-0.0047979035547489	0.0844495836102005	-0.9893813019857496	0.8052729551818844
0.1015264173	0.0271135954	-0.1065023556	0.0608766259	-0.0054180205	-0.0026430669	-0.0607051383	0.0023830942	0.0572878331	-0.0845325986	0.0639300714	-0.0071417307	0.0	-0.1011426410836549	-0.038304016706391	0.3134895909501694	0.0042788929053278	0.0071643032350683	-0.0048289359181413	0.0720846668821076	-2.7092404265828494	0.9327350837619393
-0.0338148567	-0.0646288973	0.0549187657	0.0033419713	-0.0012528888	0.0790745833	-0.0613658507	0.0042883006	0.055149592	-0.0842323536	0.0669524127	-0.012820898	0.0	-0.1175527866913483	-0.0198759237465253	0.4182984942048193	0.0037092010711192	0.0069151694041627	-0.0050974279459932	0.194013026470514	0.2656634070489813	0.4054462386520495
0.0907485088	0.0360211826	0.0040031769	0.0848377827	0.092574147	-0.0553680605	-0.0620187825	0.0061913322	0.0529484243	-0.0837612579	0.0697625845	-0.0184415664	0.0	-0.1160447013808863	-0.0527006970731918	0.3642462845439524	0.0037492610067031	0.0070732522529832	-0.0049998546298446	0.1031708733256454	-1.118584569647456	0.8450108928550548
0.0877817091	0.0437980471	-0.0815584696	0.0168174049	0.0274302363	0.0138580342	-0.0626638509	0.0080912238	0.0506868414	-0.083120267	0.0723516816	-0.0239780902	0.0	-0.1165911732375946	-0.05609099281547	0.3766359311767502	0.0035548279869019	0.0071558137686711	-0.0049618169617677	0.0320780244100843	0.2454681652064413	0.6686620050787528
0.0038102927	-0.0540865907	-0.0087540973	0.0466126335	-0.0859298436	0.0618707308	-0.0633009741	0.009987012	0.0483674239	-0.082310681	0.0747114992	-0.0294052075	0.0	-0.1178834024679815	-0.0231693745094077	0.4076881307697135	0.0034570233590415	0.0068968737278547	-0.0050600207528476	0.0880134701172475	-0.0910715028365843	0.52259320160127
0.0553322554	-0.0278366014	-0.0044666835	0.1553514731	-2.62154e-05	0.0542639842	-0.0639300714	0.0118777354	0.0459928183	-0.0813341421	0.0768345591	-0.0346981555	0.0	-0.1178549201531211	-0.0670236858728827	0.3349903611029532	0.0040658895753153	0.0070483634156142	-0.0050514360021068	0.1550275960838007	-0.9682938540983944	0.8641670101451456
0.0846610555	0.0655114833	0.0086573063	0.164516141	0.0698721075	0.0613535755	-0.0645510629	0.013762435	0.0435657341	-0.080192631	0.0787141334	-0.0398327839	0.0	-0.1005598366351705	-0.050151270448552	0.3811487214389046	0.0034367733896068	0.0071879288442746	-0.00506495112233	0.1194356960078376	-0.0771145954649533	0.5953703214835345
-0.0243535879	0.0179209787	-0.0093145045	-0.0092056406	-0.0896220888	0.0714408729	-0.06516387	0.015640155	0.0410889406	-0.078888463	0.0803442659	-0.0447856643	0.0	-0.0961098582559714	-0.0333039860521893	0.4590048798920492	0.003433896142064	0.0067971169501102	-0.0049507615810745	0.1245473553768414	0.1093217994545267	0.2319866273746098
0.0222120185	-0.1267742824	-0.0605632647	0.1033247625	0.0285015039	0.0647977364	-0.0657684149	0.0175099433	0.0385652638	-0.0774242835	0.0817197906	-0.0495341981	0.0	-0.1027305993631273	-0.0715665670871317	0.3590654647066174	0.0040569565368711	0.0069012099747225	-0.0048900968085418	0.184213646925135	-1.2386585301524886	0.7575058499501814
-0.0226804404	0.0046182551	0.0312322152	0.0909118074	-0.0336150015	0.0244823212	-0.066364621	0.0193708514	0.0359975834	-0.0758030622	0.0828363487	-0.0540567187	0.0	-0.1056799952870477	-0.0654259871783153	0.4462777030700096	0.0036627598198294	0.0067538005552152	-0.0050894679125858	0.1333510762257789	1.4412477138785285	0.2512472271526016
0.0245434202	0.0819568008	0.0358884231	0.0381879178	0.0501984744	0.0116692001	-0.0669524127	0.0212219356	0.0333888291	-0.0740280875	0.0836904018	-0.0583325908	0.0	-0.11637476627007	-0.0679757924899462	0.474070107844625	0.0036332463086781	0.0068850326521008	-0.0052781124661397	0.0585064891488086	-0.3793657541063791	0.1745121672110083
0.0411325825	0.0813610314	-0.0700939237	0.1015126	0.0425011706	0.0417134114	-0.0675317154	0.0230622573	0.0307419776	-0.0721029597	0.0842792435	-0.0623423047	0.0	-0.1319295545839196	-0.0914201507085721	0.4186050522670399	0.0037897572103421	0.0072771414185643	-0.005544409624388	0.1352100434288505	-1.7002737070119174	0.5887928166883901
-0.0452200747	0.0288286923	-0.0790846323	-0.0708021123	0.0127088188	-0.0217360216	-0.0681024558	0.024890883	0.0280600488	-0.0700315836	0.0846010076	-0.066067565	0.0	-0.1112927129126859	-0.0893262389421636	0.5678646843742001	0.0032891956434949	0.0069192665493515	-0.0053829854934782	0.2229834138932923	0.9550589997700176	-0.242717027811627
-0.0877780781	-0.0282150394	0.0910059436	-0.104619624	0.0470048821	-0.0208693642	-0.0686645615	0.0267068854	0.0253461031	-0.0678181605	0.0846546747	-0.0694913742	0.0	-0.0991661021932799	-0.1010940005979676	0.6011218486979288	0.0036691457091973	0.0065637883700853	-0.0053541421013919	0.0953651185516837	-0.1761816475366357	-0.4065991463749615
-0.0058319463	0.0726326802	0.0219152553	-0.0139973207	-0.0481081236	-0.0464157657	-0.0692179611	0.0285093435	0.022603237	-0.06546718	0.0844400745	-0.0725981101	0.0	-0.0965471930264953	-0.1631354230973301	0.5237280586510735	0.0038516984406221	0.0071821217678325	-0.0054604470943648	0.1874136778202474	-1.51017546207918	0.029130000598628
-0.0310431811	0.0211847528	-0.0699217387	0.0185594726	0.0564967308	0.0030236274	-0.0697625845	0.0302973432	0.0198345802	-0.0629834107	0.0839578872	-0.0753735975	0.0	-0.1031993403047266	-0.1399104157972601	0.4996946357766205	0.0039750783600856	0.0074930331598395	-0.0056000223263163	0.0826039046238543	-1.2461089129453	0.0382870492526827
-0.1079141005	-0.0424564737	0.0203119918	-0.0718957657	0.0137063133	-0.0246544588	-0.0702983627	0.0320699777	0.0170432917	-0.0603718905	0.0832096409	-0.0778051725	0.0	-0.1050565668825385	-0.1284124033979026	0.5741840609673261	0.0039964937142708	0.0073410446844264	-0.005558292721419	0.0986013358926549	0.7261504881584748	-0.2661506408879445
-0.0433894907	0.0385076934	0.0705142656	0.050880586	0.0656194023	-0.1099256062	-0.0708252278	0.0338263481	0.0142325566	-0.0576379163	0.0821977065	-0.0798817403	0.0	-0.1062284871778445	-0.1221690853815289	0.5480158592938125	0.0039963605927215	0.0073878847213777	-0.0058909010908437	0.0525625163814583	-1.0804368548265588	-0.1310416258927497
0.001636625	0.0477538832	-0.0527273384	0.0786830011	0.0779092448	-0.034046086	-0.0713431129	0.0355655636	0.0114055819	-0.0547870337	0.080925291	-0.0815938261	0.0	-0.108732036612352	-0.111880803302796	0.5218283116232101	0.0040650649025221	0.0075733795109802	-0.0058000302734577	0.0562328750232977	-2.091590112068566	0.1200882341540647
-0.0679919011	0.0553411008	-0.0858011765	-0.0949905838	-0.0149986675	-0.0077592444	-0.0718519523	0.0372867421	0.0085655932	-0.051825025	0.0793964266	-0.082933618	0.0	-0.1003216276625096	-0.1048772067419889	0.6085876042375702	0.0038169394733445	0.0072291461484446	-0.0057679301798106	0.1333962423930246	0.8655660512627815	-0.422265137049532
-0.0977489638	-0.0180508489	0.0096724358	-0.0972692715	0.0066393066	-0.0402791982	-0.0723516816	0.0389890108	0.0057158309	-0.0487578983	0.0776159581	-0.0838950027	0.0	-0.0825456303260097	-0.1095336720080411	0.6325477005304521	0.0036882371118103	0.0074902361807636	-0.0056474379279313	0.0719067911820589	-0.836749091847055	-0.6223479607990077
-0.0803475148	-0.0174739356	0.0470534168	-0.0576373559	-0.0804177853	-0.1078409503	-0.0728422374	0.0406715065	0.0028595469	-0.0455918746	0.0755895279	-0.0844735938	0.0	-0.0750676343119778	-0.1474520649093875	0.5956691998052293	0.0040944377485088	0.0076419714966236	-0.0057132810192705	0.113463841835486	-1.844668343687877	-0.39542652544467
-0.0325980324	0.0798516164	-0.0296286858	-0.0119576806	0.1011760953	-0.0218807973	-0.0733235575	0.0423333757	0.0	-0.0423333757	0.0733235575	-0.0846667513	0.0	-0.0791128128702496	-0.1307768825214879	0.5983963929420497	0.0036921890582614	0.0079639775286759	-0.0057988445963373	0.0639384690513169	-1.7986560312931374	-0.4701130706981758
-0.0794179577	0.0117117257	-0.0096290072	-0.0690915165	-0.0645080713	0.0124039832	-0.0737955809	0.0439737757	-0.0028595469	-0.0389890108	0.0708252278	-0.0844735938	0.0	-0.0665676254650691	-0.1331771384607663	0.6704610389161019	0.0031419008916837	0.0078941911823415	-0.00603554694942	0.1298489326182511	-0.5299837901996834	-0.7745334788215998
-0.0749197582	-0.0638632915	-0.0177544996	-0.0330656196	0.0577638087	-0.0499492522	-0.0742582477	0.0455918746	-0.0057158309	-0.0355655636	0.0681024558	-0.0838950027	0.0	-0.0743951599195327	-0.1713205211325714	0.6291428021717138	0.0037930113559181	0.0079678048888947	-0.006002265579528	0.1251894309046367	-0.6622249302894417	-0.5540721665379728
-0.0757529463	0.0038349312	0.0427874406	-0.0465489207	0.0151516137	-0.1025711923	-0.0747114992	0.0471868517	-0.0085655932	-0.0320699777	0.06516387	-0.082933618	0.0	-0.0796851502113327	-0.1670574880175479	0.6608881566982774	0.0037382501427851	0.0082144804790216	-0.0060000102210207	0.056482986021747	-0.941858579203354	-0.7978687957176266
-0.0551584418	0.0186036578	0.1009026744	-0.1105794555	0.028954292	-0.0277242004	-0.075155278	0.0487578983	-0.0114055819	-0.0285093435	0.0620187825	-0.0815938261	0.0	-0.0732916568847343	-0.1445257648905453	0.7397329518072979	0.0033018300690762	0.0081923290319767	-0.0062821868224905	0.1448074176738014	0.240664881433772	-1.1428849399077223
-0.0358209499	0.0626981713	-0.025477465	-0.0408733955	0.0368257528	-0.0960841813	-0.0755895279	0.0503042174	-0.0142325566	-0.024890883	0.05867716	-0.0798817403	0.0	-0.0598634296697468	-0.1761626190756544	0.6966769044330761	0.0034701835267938	0.0085811653488225	-0.0060785528535512	0.1261623159494534	-1.2768372434444286	-0.9679369442751208
-0.0510111298	-0.0217194678	-0.0995195548	0.00394173	-0.0398210887	-0.1041326405	-0.0760141937	0.051825025	-0.0170432917	-0.0212219356	0.055149592	-0.0778051725	0.0	-0.0575129318307006	-0.1679981173850961	0.6506558586437734	0.0034553428098058	0.0083662680633129	-0.0060351110724233	0.0701950345001822	-0.7682827011310751	-0.6440418511155502
-0.0612217666	-0.0350377157	-0.0338872993	0.0109557787	0.0788405772	-0.0926688823	-0.0764292216	0.0533195497	-0.0198345802	-0.0175099433	0.0514472572	-0.0753735975	0.0	-0.044242478485728	-0.1431206827515581	0.638017866791273	0.0036450100416251	0.008316851367643	-0.0062303265072916	0.0725008479488859	-1.120580274598037	-0.6307169292881374
-0.0973409308	-0.0256189703	0.107022743	-0.146208823	0.0034423691	-0.0385916184	-0.0768345591	0.0547870337	-0.022603237	-0.013762435	0.0475818882	-0.0725981101	0.0	-0.0455240661125913	-0.1410215008011874	0.7554219555300392	0.0033919009066607	0.008262005002805	-0.0060051680795463	0.1474405546933851	1.0589303302186872	-1.250907753709649
-0.027468172	0.0771525123	-0.0255148036	0.0200260106	-0.0193256107	-0.0806998456	-0.0772301546	0.0562267326	-0.0253461031	-0.009987012	0.0435657341	-0.0694913742	0.0	-0.0417420344865036	-0.1731218887928776	0.7029531014992045	0.0034710461187852	0.0085170330560311	-0.006443961816938	0.1269996237857275	0.3130145037792581	-0.9416971606106266
-0.0329115412	0.0541866184	-0.0812295504	-0.0286852473	0.0412113788	-0.0799073383	-0.0776159581	0.0576379163	-0.0280600488	-0.0061913322	0.039411522	-0.066067565	0.0	-0.0433118761519608	-0.1691609314383413	0.6919679248009629	0.0033333503293954	0.0089600952946713	-0.0060811088018214	0.0636965278755651	-1.4312597235138362	-0.9751855007976078
-0.1046349902	-0.0521047187	0.063069513	-0.1148239733	-0.0699656399	0.0324667423	-0.0779919207	0.0590198693	-0.0307419776	-0.0023830942	0.0351324164	-0.0623423047	0.0	-0.0294280573114349	-0.1619735549967487	0.7956555458360839	0.0032838675695588	0.0087750148805798	-0.0062150844512798	0.1431857574865645	1.2021390312543754	-1.4262740492078805
-0.0228830625	0.0197815785	0.0386948048	-0.0053417491	-0.1183110054	0.0056737176	-0.0783579946	0.0603718905	-0.0333888291	0.0014299774	0.0307419776	-0.0583325908	0.0	-0.045643943188466	-0.1847385503628373	0.7271781767472447	0.003569847595651	0.008935174291873	-0.0067661652763505	0.1573192634547638	-0.0325885631621892	-1.106093472582781
-0.0378996096	0.0574358727	0.0431080025	0.0013763914	0.0252335353	-0.0130308558	-0.0787141334	0.0616932944	-0.0359975834	0.0052401486	0.0262541187	-0.0540567187	0.0	-0.0429672376486252	-0.1718613868931555	0.6990647408170787	0.0031402032860371	0.009040125214027	-0.0067679017435273	0.0704838898869236	-0.9366278333476826	-0.9138976038329502
-0.0667932871	0.0514782896	0.0239049281	-0.0668262601	-0.1313236441	0.1126769372	-0.079060292	0.0629834107	-0.0385652638	0.009039691	0.0216830616	-0.0495341981	0.0	-0.0392555404278169	-0.1629385583123195	0.8024902159700957	0.0033600111518051	0.0089987675177587	-0.0065343156617117	0.1407975831472564	1.3444327793303743	-1.549235720880268
-0.0311707453	-0.0386012528	-0.0392905619	-0.0341462608	-0.0270335716	-0.012776559	-0.0793964266	0.0642415853	-0.0410889406	0.012820898	0.0170432917	-0.0447856643	0.0	-0.0436883712839346	-0.1872466742042036	0.7675114548928121	0.0033867939988681	0.0091921371793313	-0.006566276827369	0.0763253915399303	0.7173106732703943	-1.2800423027373649
-0.0554079023	-0.0345115653	0.0725130304	-0.0540894686	-0.0826176419	-0.0992012362	-0.0797224944	0.06546718	-0.0435657341	0.0165761	0.0123495124	-0.0398327839	0.0	-0.0448823072233892	-0.196216890399782	0.7698784762756077	0.0033073821904241	0.0097393290422285	-0.0066243265855316	0.0467638449930185	-0.7459081807719831	-1.365177535411945
-0.045484828	0.0108030696	0.1056873085	-0.0959368442	-0.007148433	0.0555408041	-0.0800384542	0.0666595733	-0.0459928183	0.0202976803	0.007616598	-0.0346981555	0.0	-0.0427808738746335	-0.1653261355461097	0.8448745113821019	0.003141161947919	0.0092750743556664	-0.0068042820134804	0.1485097411597221	1.1072812539287762	-1.7355894600769886
-0.017607893	0.0459529658	-0.0151392798	-0.0118237483	-0.0475399649	-0.0254102517	-0.0803442659	0.0678181605	-0.0483674239	0.0239780902	0.0028595469	-0.0294052075	0.0	-0.0445255209295112	-0.1978920004914783	0.7865917678576153	0.0035491873815506	0.0094353510516846	-0.0070064779111303	0.1311181568897179	-0.0686833311465923	-1.3703313352269235
-0.0126435356	-0.041422928	-0.0364356573	-0.0015585792	-0.0863005052	0.0039337153	-0.0806398906	0.0689423539	-0.0506868414	0.0276098648	-0.001906566	-0.0239780902	0.0	-0.057314043526162	-0.1979552441910499	0.7887489447039684	0.0033520222616432	0.0096261623620501	-0.006939367131769	0.0377633036242854	-0.6505768456408879	-1.387216718548865
-0.0501987911	-0.0700669896	0.0486758216	-0.1099709706	-0.0235977662	0.0295257892	-0.080925291	0.0700315836	-0.0529484243	0.0311856375	-0.0066666371	-0.0184415664	0.0	-0.0568409796101718	-0.1810169086510029	0.8657985876839973	0.0030592184235269	0.009586067775378	-0.0070114021098626	0.1147077125801661	0.836997082720916	-1.8121978404236685
-0.0206070806	-0.0114342529	0.092769376	-0.0189568471	0.0303995545	0.0346969708	-0.0812004309	0.071085297	-0.055149592	0.0346981555	-0.0114055819	-0.012820898	0.0	-0.0467808827080915	-0.2136481641073828	0.8180484670794215	0.0034324620066732	0.0097141694270288	-0.0070684150928234	0.118359383850931	-0.0760121553393504	-1.3948407507070315
-0.0301756898	-0.0016312614	0.0246257673	-0.0174506941	-0.1661278448	0.0695175412	-0.0814652752	0.0721029597	-0.0572878331	0.0381402944	-0.0161083828	-0.0071417307	0.0	-0.0444389862658169	-0.2053813474490198	0.878895400644538	0.003408481287159	0.0100057792290282	-0.006766288207046	0.1023415170303041	1.974968725761622	-1.8623519813748328
-0.0018609154	-0.0328180872	-0.0518503388	-0.0688793231	-0.0181484158	0.0051611233	-0.0817197906	0.0730840558	-0.0593607077	0.0415050723	-0.020760137	-0.0014299774	0.0	-0.0446449698990534	-0.1898540043679872	0.8898104499274808	0.0031480151018309	0.0100163105120161	-0.0066679975308151	0.0451127832245569	0.3183784744636691	-1.882080032512634
-0.0351825558	-0.0979864427	0.0466400868	0.0457316365	0.0053833086	0.0043390513	-0.0819639447	0.0740280875	-0.0613658507	0.0447856643	-0.0253461031	0.0042883006	0.0	-0.044110285857414	-0.2235726705806797	0.8238562945322343	0.0038585571082519	0.0104099226056619	-0.0067043396875612	0.1572323184902233	-0.4088279684239321	-1.585844768916172
-0.0158749066	0.0130683795	0.1135056398	-0.0312244477	-0.0122210487	0.0369077725	-0.0821977065	0.0749345762	-0.0633009741	0.0479754164	-0.0298517485	0.009987012	0.0	-0.0438087254529619	-0.2046107105795158	0.8807236504425475	0.0033351285409639	0.0101843263300998	-0.006873734893045	0.1220518787326241	1.6532188900476572	-1.8543286971371995
0.0320465972	0.0197390416	0.006898668	-0.0157618039	-0.0497050725	0.0360616605	-0.0824210465	0.0758030622	-0.06516387	0.0510678587	-0.0342627948	0.015640155	0.0	-0.0434930603270089	-0.1995790405975412	0.8795214085351546	0.0032121913433898	0.010447281558884	-0.0069025381717216	0.0272843622670655	0.1808109180230593	-1.8341883264542735
-0.0052783336	0.004125862	-0.0246685369	-0.0037870154	0.048307929	0.0176520008	-0.0826339362	0.0766331049	-0.0669524127	0.0540567187	-0.0385652638	0.0212219356	0.0	-0.0431596871873978	-0.2202027092849334	0.8526706606188696	0.0035662692312887	0.010589177109078	-0.0071051619946126	0.0827376527924832	-1.2388421710737676	-1.6290168820843791
0.0024589101	-0.0391974285	0.0390295147	-0.0793866993	-0.0687953409	0.0437051324	-0.0828363487	0.0774242835	-0.0686645615	0.0569359339	-0.0427455211	0.0267068854	0.0	-0.042895919797516	-0.2088880779070336	0.9443377337189672	0.0034022951466384	0.0107182944082828	-0.0071185164017898	0.1185677614194941	1.873919939635219	-2.088428587988776
0.0153291843	0.0396682672	0.0345967092	0.0101490101	-0.090919219	-0.0005263618	-0.0830282584	0.0781761966	-0.0702983627	0.0596996646	-0.0467903195	0.0320699777	0.0	-0.0374636698775248	-0.2080190816349869	0.8723572828499044	0.0036613204918152	0.0106270773161762	-0.0072762484185743	0.1036804197644956	0.5744960629721985	-1.8234579336262489
0.0359403165	0.0641504619	-0.0063370849	0.0720435785	0.0018812473	0.0415522547	-0.0832096409	0.078888463	-0.0718519523	0.0623423047	-0.0506868414	0.0372867421	0.0	-0.0493431602598235	-0.2027428758526923	0.8465371412234219	0.0036090085530193	0.0104633062796211	-0.0069506451727778	0.0700601488484508	-0.4404587717412974	-1.672408387956372
0.0279067959	-0.0371388076	-0.0388425672	-0.0345004714	0.0856121199	0.1428768048	-0.0833804731	0.0795607215	-0.0733235575	0.0648584944	-0.0544227387	0.0423333757	0.0	-0.0537606895393452	-0.1682461156523516	0.9663425565929202	0.0030569357410411	0.0102605157160773	-0.0070784476539128	0.2028529976822107	1.3159404915654496	-2.200790516486681
0.0051832838	-0.0569837206	0.0088369671	0.1190895809	0.099320964	-0.0201286437	-0.0835407336	0.080192631	-0.0747114992	0.0672431298	-0.0579861726	0.0471868517	0.0	-0.0435091440587314	-0.2149307450604993	0.8626852709819701	0.0037362049731999	0.0102219825871028	-0.0071523702342196	0.2001797075717166	0.4187018288949536	-1.7604915295626598
0.0114967349	-0.0173378019	0.0457653268	0.0776431369	0.0344896728	0.0203211902	-0.0836904018	0.0807838712	-0.0760141937	0.0694913742	-0.0613658507	0.051825025	0.0	-0.042594613811218	-0.2381917383352458	0.8628144564869444	0.0034071074674309	0.0103889063006048	-0.0073094796367348	0.0569612401165441	-0.5045874944992647	-1.6905347066277332
0.0573430072	-0.0021727537	0.0531551942	-0.0407561251	0.0117978895	0.1215792794	-0.0838294589	0.0813341421	-0.0772301546	0.0715986674	-0.0645510629	0.0562267326	0.0	-0.0474296531976392	-0.2190388156784593	0.971994630823744	0.0029202422198724	0.0106282392473677	-0.0072678000192504	0.1715620269702973	1.8582978842723696	-2.214606877592729
0.0186333251	-0.0182939502	-0.0530494082	-0.0214178778	-0.0437512217	0.0169857027	-0.0839578872	0.0818431648	-0.0783579946	0.0735607351	-0.0675317154	0.0603718905	0.0	-0.0593723955089871	-0.210034452804507	0.9330001462177506	0.0031054692664672	0.0104639780191881	-0.007328525043579	0.0804522547464435	0.2169177266606675	-2.071953581675005
0.0128298374	-0.0619894211	0.0207119335	0.1440250656	0.0035554487	0.0463548349	-0.0840756705	0.082310681	-0.0793964266	0.0753735975	-0.0702983627	0.0642415853	0.0	-0.050551172203626	-0.2180637436967032	0.8434475938408355	0.0034789202885459	0.0106482058565464	-0.0075623286452261	0.1459771896286775	-0.4537533310740926	-1.5647726543541924
0.0339639373	-0.0157469195	0.0187727891	-0.0086253745	0.022372439	-0.008011809	-0.0841827938	0.0827364537	-0.0803442659	0.0770335778	-0.0728422374	0.0678181605	0.0	-0.0513883388917975	-0.2031374841159561	0.9276154152354792	0.0031524884816582	0.0104044336178596	-0.0075641906899992	0.1285345521809424	1.798889946399539	-1.999300170214506
0.0592766293	0.0586930082	-0.0366283282	0.0100853865	0.0472059483	-0.0271215188	-0.0842792435	0.083120267	-0.0812004309	0.0785373087	-0.075155278	0.071085297	0.0	-0.0423512014384499	-0.2009044829766821	0.9189966220371844	0.0032978948456591	0.0103560470216759	-0.007484369058102	0.0335696613950064	0.1983051958179955	-2.006734468026855
0.0656578849	0.0702872497	-0.1191873354	0.088980923	-0.0279550355	-0.011400128	-0.0843650073	0.0834619261	-0.0819639447	0.0798817403	-0.0772301546	0.0740280875	0.0	-0.0426030536335844	-0.2076573407042445	0.8606271265120853	0.0034863672172285	0.0105200068339519	-0.007361125898098	0.0891579726402659	-0.8693273284562532	-1.6055200978787485
0.0285105753	-0.0702726708	-0.0515058873	-0.0045863709	0.0021338379	-0.0200910779	-0.0844400745	0.0837612579	-0.0826339362	0.0810641457	-0.079060292	0.0766331049	0.0	-0.0404218120320791	-0.2082344974402872	0.9294411288383344	0.0039431338392848	0.0101849546592431	-0.0075523789831877	0.1207259947565371	1.8296082380926908	-2.072525368186812
0.0796942562	0.0094872319	0.0266294999	-0.11047276	0.0308227847	-0.0220915769	-0.0845044355	0.0840181105	-0.0832096409	0.0820821265	-0.0806398906	0.078888463	0.0	-0.0187087827259091	-0.1900720536244335	1.0677153772506216	0.004267417365528	0.0089461167245303	-0.0071013172362174	0.2788588819306259	1.5100275431644017	-2.6572015923394305
0.0532017967	0.0262513213	-0.0779318394	0.0882060313	0.091603763	-0.062174847	-0.0845580822	0.0842323536	-0.0836904018	0.082933618	-0.0819639447	0.0807838712	0.0	0.0149815500415826	-0.2097172713557427	0.9344044632355804	0.0053650578543105	0.0090000122863993	-0.007190402273	0.2486775188855471	-0.2313680117664962	-2.24937302398098
0.0386083845	-0.0575285448	-0.0870294942	0.0996063062	0.0621561582	-0.0541418823	-0.0846010076	0.0844038786	-0.0840756705	0.0836168929	-0.0830282584	0.082310681	0.0	0.0061295172229307	-0.2700846925570914	0.8454132940196075	0.0057090366410417	0.0085583930380732	-0.0073196883289599	0.2039548277868334	-1.1695017029486836	-1.7797533693852403
0.0336370081	0.0256357057	0.0228182101	0.1076132623	-0.0584111801	0.0309601982	-0.0846332065	0.0845325986	-0.0843650073	0.0841305655	-0.0838294589	0.0834619261	0.0	-0.0131878112380547	-0.3021464924263881	0.8952671832809926	0.0047358679231928	0.0094091346520988	-0.0081130922895775	0.2320987322162722	-0.2171347975727884	-2.0072245833964697
0.0844731429	0.027432469	0.0315490395	0.0537936298	0.0443474955	-0.0004723751	-0.0846546747	0.0846184482	-0.0845580822	0.0844735938	-0.0843650073	0.0842323536	0.0	-0.0314784025624845	-0.3024236144579788	0.959580961198114	0.0047539461662017	0.010141061495152	-0.0081304447802862	0.1212493701116819	0.1092857638080535	-2.304613485939613
0.1011384346	0.024518206	-0.0997492151	-0.0040678316	0.0914557818	-0.0457258046	-0.0846654095	0.0846613839	-0.0846546747	0.0846452821	-0.0846332065	0.0846184482	0.0	-0.0187165701720886	-0.285432144306867	0.9969381730042244	0.004231299653664	0.0104252142937444	-0.0083634209084393	0.119099286311778	0.0945863119398733	-2.353217845169642
