subject	session	task	run	run_key	nss_count	selection_reason	n_valid_t2_voxels	t2star_spatial_correlation	t2star_median_absolute_difference_seconds	t2star_median_absolute_percent_difference	t2star_p95_absolute_percent_difference	t2star_rmse_seconds	n_valid_optcom_voxels	optcom_median_voxelwise_temporal_correlation	optcom_median_volume_spatial_correlation	optcom_normalized_rmse	optcom_median_signal_percent_difference	optcom_full_median_tsnr	optcom_exclude_median_tsnr	optcom_median_tsnr_difference
10785	01	sharedreward	1	sub-10785_ses-01_task-sharedreward_run-1	0	ordinary_control	62645	1.0	0.0	0.0	0.0	0.0	68586	1.0	1.0	0.0	0.0	47.821862675932	47.821862675932	0.0
10804	01	sharedreward	2	sub-10804_ses-01_task-sharedreward_run-2	8	nss_count_8_coverage	63536	0.8908456310342879	4.171207547187805e-05	0.08554846493603652	6.923282730677588	217.68879358456047	68904	0.9999999752065655	0.9860616479903683	0.06116384039625802	-1.2302176520552899	59.987576280020676	59.148847894107014	-0.8387283859136616
10807	01	sharedreward	2	sub-10807_ses-01_task-sharedreward_run-2	1	high_motion_ordinary_classification	70705	0.9999949813806137	1.4528632164001465e-05	0.030089291846254324	5.231496450191022	163.82019167395487	77248	0.9999999983062319	0.989400728485547	0.05936322119529639	0.8442659145620558	34.262336381805014	35.51654170843263	1.2542053266276127
10913	01	sharedreward	1	sub-10913_ses-01_task-sharedreward_run-1	1	ordinary_control	70099	0.9951502136546401	9.778887033462524e-06	0.019934067365307423	0.12853618897913527	123.03504393454963	76556	0.9999999993646892	0.99928754006319	0.01492457429285651	-0.013715807598470601	46.10447889572521	46.11081568958243	0.0063367938572227445
11012	01	sharedreward	1	sub-11012_ses-01_task-sharedreward_run-1	2	ordinary_control	65871	0.9945469119885798	1.7385929822921753e-05	0.03724387602889422	1.1963192183474967	24.447373904736093	71744	0.9999999973820515	0.9930834223757742	0.046139009424210446	-0.8927187229700785	43.72206326480713	43.39038991464877	-0.3316733501583613
11068	01	sharedreward	1	sub-11068_ses-01_task-sharedreward_run-1	2	ordinary_control	61955	0.0895231443417879	1.7549842596054077e-05	0.03475471009943925	14.05348372577756	7.329084587298724	67810	0.9999999972616324	0.9757243020070654	0.0873024140072444	2.273607308239519	49.17513001753252	51.77828334337753	2.603153325845014
11072	01	sharedreward	2	sub-11072_ses-01_task-sharedreward_run-2	0	nss_zero_control	62307	1.0000000000000002	0.0	0.0	0.0	0.0	67710	1.0	1.0	0.0	0.0	39.89950411188718	39.89950411188718	0.0
11301	01	sharedreward	2	sub-11301_ses-01_task-sharedreward_run-2	2	ordinary_control	64682	0.9999999907600038	1.6674399375915527e-05	0.03251637922141082	13.92602278760805	1099.4512503682067	70553	0.9999999968759234	0.9749091895626734	0.08515507194812698	2.0186960165452423	61.346754294565585	64.1487160346446	2.8019617400790082
11329	01	sharedreward	1	sub-11329_ses-01_task-sharedreward_run-1	2	ordinary_control	79978	0.9989006059046694	8.907169103622437e-06	0.01921642075129449	0.1053498209784328	0.015166188386470368	86660	0.9999999988288986	0.9980822118618745	0.022389168247849686	-0.2007112636044327	56.495227722595764	56.411100783392236	-0.08412693920352865
11560	01	sharedreward	2	sub-11560_ses-01_task-sharedreward_run-2	1	high_rejected_count_high_motion;high_ica_dimensionality	84572	0.9983053566435196	1.1922791600227356e-05	0.023623545181407215	4.686580081286531	17.68544785193503	91037	0.9999999993239974	0.9912510897403356	0.05559575023479211	-0.7535080067941305	22.632651491781004	21.891699116054614	-0.7409523757263905
11881	01	sharedreward	1	sub-11881_ses-01_task-sharedreward_run-1	1	high_rejected_variance	52399	0.5049207240304238	6.128102540969849e-06	0.012158853949028617	14.760703431820836	0.15832511834685342	57569	0.9999999996673229	0.9784316034020406	0.08730480218033115	2.4816758938865204	52.51489703290365	56.79015152042859	4.27525448752494
11976	01	sharedreward	1	sub-11976_ses-01_task-sharedreward_run-1	1	high_rejected_fraction	72263	0.7660448839153756	6.3069164752960205e-06	0.014376738108451975	0.10489433373318058	96.57476355086479	77921	0.9999999996683865	0.9980667497073974	0.023236523376448617	-0.12211116524291034	39.02858267259006	38.933747664980544	-0.09483500760951813
12020	01	sharedreward	1	sub-12020_ses-01_task-sharedreward_run-1	1	high_rejected_count_low_motion	70835	0.694632699665599	4.61190938949585e-06	0.009882425374570158	16.83053867543135	0.034497996286509035	77314	0.9999999995962979	0.9670484305169689	0.11083084939227623	3.948778110244904	86.95744621012639	92.72351085594899	5.7660646458225955
10418	01	doors	1	sub-10418_ses-01_task-doors_run-1	7	nss_count_7_coverage	64764	0.1036334609044736	8.729659020900726e-05	0.1608002165418615	11.112188679222962	999.1058908499346	70119	0.9999999433586481	0.9902738169532006	0.0648629613003865	2.156943295043208	34.43610636044603	35.39317591576855	0.9570695553225192
10585	01	socialdoors	1	sub-10585_ses-01_task-socialdoors_run-1	1	high_motion_ordinary_classification	66929	0.005459718970088807	1.8674880266189575e-05	0.03729915357444054	2.8866488849196283	110.69815074894773	72527	0.9999999974440436	0.9945873470509011	0.04574796578295147	-1.1622996586491348	27.329375140545398	27.080541751829543	-0.24883338871585536
10590	01	socialdoors	1	sub-10590_ses-01_task-socialdoors_run-1	6	nss_count_6_coverage	73296	0.6576153447156338	3.622472286224365e-05	0.07389337865775461	0.37897257610970697	516.915016434403	78772	0.9999999838495544	0.998767958882729	0.022582323503625285	-0.2414514941297871	35.90286163455422	35.826053853101996	-0.07680778145222433
11005	01	socialdoors	1	sub-11005_ses-01_task-socialdoors_run-1	1	high_rejected_count_high_motion	65934	0.7882960493414413	1.2423843145370483e-05	0.027106764857460882	0.13783673442270386	1688.8126356371524	73897	0.9999999992338454	0.9993450348835778	0.01547083008343144	0.14704142789548394	14.92673464950245	14.934243568716239	0.007508919213789156
11012	01	socialdoors	1	sub-11012_ses-01_task-socialdoors_run-1	5	ordinary_control	66621	0.9737864910151462	5.6412070989608765e-05	0.1222695897291666	1.1388100705800384	290.5250111552025	71617	0.9999999682479854	0.9961826775411201	0.03362277705278128	0.42187936852181596	49.372233511708714	49.691217485777884	0.31898397406916956
11068	01	doors	1	sub-11068_ses-01_task-doors_run-1	1	ordinary_control	62063	0.999999997971696	1.1555850505828857e-05	0.02568457735046595	0.21562566863617968	146.98118748552153	68142	0.9999999984675038	0.9967789650711163	0.030928643495329766	-0.4419888610268403	50.63396611970677	50.509978095888904	-0.12398802381786567
11410	01	socialdoors	1	sub-11410_ses-01_task-socialdoors_run-1	1	ordinary_control	58730	0.9782899346667027	8.564908057451248e-06	0.018769743309306877	0.10835690334246205	0.01460321286904768	64744	0.9999999991439152	0.9971624627348218	0.027716696128271615	-0.2828562044444123	43.88904452777022	43.83801234318109	-0.05103218458912551
11433	01	socialdoors	1	sub-11433_ses-01_task-socialdoors_run-1	1	ordinary_control	66653	0.9997158114368287	5.837529897689819e-06	0.01354411845938522	0.06392850475099686	1112.1270678088285	72952	0.9999999993414724	0.9989764899230007	0.016470268573373095	0.09116794928609576	57.069163933025926	57.09529319637946	0.02612926335353194
11451	01	doors	1	sub-11451_ses-01_task-doors_run-1	4	ordinary_control	76548	0.9980515742711452	1.7851591110229492e-05	0.03525945135698254	0.1894655541457215	54.27907985343617	82848	0.9999999973874198	0.9989458860015188	0.01716715245839067	-0.12277020422029077	58.80584303035176	58.753196484900904	-0.05264654545085534
11518	01	socialdoors	1	sub-11518_ses-01_task-socialdoors_run-1	1	ordinary_control	60410	0.9968106541339827	9.183306246995926e-06	0.020274558512017742	0.13994445851936277	0.01143842085867935	66234	0.9999999989130333	0.996989075529876	0.032534755608305044	0.4783063844117523	47.27834081946963	47.38174084439605	0.10340002492641531
11526	01	doors	1	sub-11526_ses-01_task-doors_run-1	1	high_rejected_count_low_motion	70548	-2.9465804215958713e-05	4.377216100692749e-06	0.010024464006780871	7.149551306948515	281.26093257788875	76070	0.9999999996802138	0.9860688973887817	0.066044714866839	1.3853211527761964	71.22873149539667	75.16897608533407	3.940244589937393
11527	01	socialdoors	1	sub-11527_ses-01_task-socialdoors_run-1	0	nss_zero_control	67621	1.0	0.0	0.0	0.0	0.0	72741	1.0	1.0	0.0	0.0	43.940486910188554	43.940486910188554	0.0
11560	01	doors	1	sub-11560_ses-01_task-doors_run-1	0	high_ica_dimensionality	84072	0.9999999999999999	0.0	0.0	0.0	0.0	91476	1.0	1.0	0.0	0.0	17.385616801917525	17.385616801917525	0.0
11597	01	doors	1	sub-11597_ses-01_task-doors_run-1	0	high_rejected_fraction;high_rejected_variance	55183	0.9999999999999999	0.0	0.0	0.0	0.0	60026	1.0	1.0	0.0	0.0	43.13823506515106	43.13823506515106	0.0
11016	01	trust	2	sub-11016_ses-01_task-trust_run-2	1	ordinary_control	60384	0.9994569886666532	6.57886266708374e-06	0.014304156745124344	0.9842578611060838	1.7818922472144143	66157	0.999999999399877	0.992779344047114	0.04443583281817408	0.7284446764729975	61.19405774021313	61.394504096278865	0.2004463560657328
11036	01	trust	1	sub-11036_ses-01_task-trust_run-1	1	ordinary_control	64803	0.0015851525006750592	6.854534149169922e-06	0.015011609521929188	3.7634160173249827	201.70164909047423	70544	0.9999999994075097	0.9901199838918968	0.052290270899970695	-0.7325903955205615	53.59218754133002	53.018341024988246	-0.5738465163417743
11058	01	trust	1	sub-11058_ses-01_task-trust_run-1	1	high_motion_ordinary_classification	75197	0.7203159032293361	7.715076208114624e-06	0.016754289033089304	0.10061072847113885	24.046140734905027	81351	0.999999999492706	0.9993974907473485	0.013097556770243119	-0.062285530291373625	37.21771808867402	37.20275425915491	-0.014963829519111016
11066	01	trust	2	sub-11066_ses-01_task-trust_run-2	3	ordinary_control	66283	0.9670628092346636	1.7706304788589478e-05	0.035866565593322804	4.78555826598365	268.2596189207666	71731	0.9999999966978292	0.9883656498954037	0.056351563824653284	-0.8067620765838142	50.40022914567949	48.88616826086375	-1.5140608848157413
11276	01	trust	2	sub-11276_ses-01_task-trust_run-2	3	high_rejected_count_high_motion;high_ica_dimensionality	80416	0.9121314754414385	4.431605339050293e-05	0.08371320484985148	10.14280986119364	923.1072120754048	86522	0.9999999928881705	0.983912199082535	0.06623232019484944	-2.183632517150985	21.202242444159367	20.902186003158697	-0.3000564410006703
11325	01	trust	2	sub-11325_ses-01_task-trust_run-2	1	ordinary_control	74754	0.9999999857318169	5.9604644775390625e-06	0.012613958470678532	0.06312786669474228	4.035593757087906	80882	0.9999999995503552	0.9985864618570116	0.019071986804459543	-0.12195503819880969	56.60239228762134	56.55394215416252	-0.048450133458821654
11527	01	trust	1	sub-11527_ses-01_task-trust_run-1	1	ordinary_control	66818	0.9999999329296271	8.125323802232742e-06	0.01579928114801711	8.838386455876906	739.0651572509512	72814	0.9999999992872952	0.9886489930344908	0.06260752216904673	-1.2847902376830662	50.00180170657584	48.88057314116216	-1.1212285654136807
11570	01	trust	1	sub-11570_ses-01_task-trust_run-1	0	nss_zero_control	77293	0.9999999999999999	0.0	0.0	0.0	0.0	84319	1.0	1.0	0.0	0.0	59.789915626154325	59.789915626154325	0.0
11586	01	trust	1	sub-11586_ses-01_task-trust_run-1	0	high_rejected_count_low_motion	83551	0.9999999999999999	0.0	0.0	0.0	0.0	90056	1.0	1.0	0.0	0.0	53.57571159769362	53.57571159769362	0.0
11829	01	trust	1	sub-11829_ses-01_task-trust_run-1	3	ordinary_control	59495	0.9251063822611739	9.782612323760986e-06	0.024787589250295217	0.2901348750893598	287.9078650893401	61375	0.999999997730788	0.9950016695896463	0.036440832263482735	0.2973799223026664	76.80330299489594	78.7098821739861	1.9065791790901585
11902	01	trust	1	sub-11902_ses-01_task-trust_run-1	1	ordinary_control	75569	0.999999430154466	5.289912223815918e-06	0.01251875647596572	2.186314533249157	320.03002570450957	82131	0.9999999996600477	0.9939049538043626	0.04444351174495125	0.7455473786420971	47.94276750085106	48.46549533107059	0.5227278302195302
12008	01	trust	2	sub-12008_ses-01_task-trust_run-2	1	high_rejected_fraction;high_rejected_variance	62803	0.7846749723575787	1.2479722499847412e-05	0.029134260779223237	6.5441505560747775	664.3985017208065	66977	0.999999999788377	0.9879452544308402	0.061822202105342894	0.9670191667275521	8.280403992614868	8.354630789716044	0.07422679710117563
10649	01	ugr	1	sub-10649_ses-01_task-ugr_run-1	0	high_motion_ordinary_classification	67081	1.0	0.0	0.0	0.0	0.0	69154	1.0	1.0	0.0	0.0	28.11713949879658	28.11713949879658	0.0
10881	02	ugr	1	sub-10881_ses-02_task-ugr_run-1	1	high_rejected_fraction;high_rejected_variance	27871	0.9990899063176004	3.719702363014221e-06	0.022149068105636112	0.21296726703941427	0.0028069889560550267	28089	0.9999999971399105	0.9990779492738631	0.016558931809089236	-0.3524538432451109	28.62726842986207	28.584729103964975	-0.04253932589709564
11005	01	ugr	1	sub-11005_ses-01_task-ugr_run-1	0	high_rejected_count_high_motion	65554	0.9999999999999999	0.0	0.0	0.0	0.0	73116	1.0	1.0	0.0	0.0	15.827955276439905	15.827955276439905	0.0
11066	01	ugr	1	sub-11066_ses-01_task-ugr_run-1	2	ordinary_control	65750	0.9999999819041933	1.399219036102295e-05	0.029710027893122333	0.19759392272480414	66.02755642848025	71749	0.9999999979263352	0.9973814815201443	0.02668816078756475	0.04520914238659988	47.9193985652974	48.00481660670756	0.08541804141015774
11246	01	ugr	2	sub-11246_ses-01_task-ugr_run-2	1	ordinary_control	71312	0.988528342767885	1.0367482900619507e-05	0.021095190534330788	3.1242324224853752	521.719725422156	76826	0.9999999990428177	0.9881679269428686	0.05974545229977796	-0.5525737529461588	42.42919291072669	40.945186300775234	-1.4840066099514573
11340	01	ugr	1	sub-11340_ses-01_task-ugr_run-1	2	ordinary_control	63826	0.6046106956667958	1.598149538040161e-05	0.032204913351832426	11.496754554592556	18.160584521217846	70176	0.9999999978163633	0.9842888226718531	0.0694239910756896	1.6833036646408306	46.36513884133089	47.082301856044154	0.7171630147132646
11440	01	ugr	1	sub-11440_ses-01_task-ugr_run-1	1	ordinary_control	64597	0.9185353134042679	1.247599720954895e-05	0.027454639975577438	0.1827939859051182	1.8582619528937938	71206	0.99999999840019	0.9980348885300298	0.024801122849980695	-0.247873521749627	43.819433011255434	43.78341029431569	-0.03602271693974046
11451	01	ugr	2	sub-11451_ses-01_task-ugr_run-2	2	ordinary_control	76853	0.9999937704620226	1.9050203263759613e-05	0.03774397261148433	0.25819740897086874	196.2180209397904	82999	0.9999999971993643	0.9997308648364426	0.00865848624466023	0.03609086035213562	57.03245581109687	57.048504905569374	0.01604909447250691
11526	01	ugr	1	sub-11526_ses-01_task-ugr_run-1	2	high_rejected_count_low_motion	69837	0.9918846742684114	7.033348083496094e-06	0.01626637100381512	11.609484380160392	56.15652540739444	75963	0.9999999991525373	0.9814779990592785	0.07704454967425835	2.28989606843767	75.59351066666395	77.77524494260207	2.181734275938126
11534	01	ugr	1	sub-11534_ses-01_task-ugr_run-1	4	ordinary_control	68806	0.0008074526775000764	1.8388032913208008e-05	0.03973442495766723	4.424157479589675	1216.6369533101004	75095	0.9999999949684621	0.9926801955896758	0.052287268345786446	-0.9879931462843172	52.561166712441846	52.25178797612183	-0.30937873632001356
11598	01	ugr	1	sub-11598_ses-01_task-ugr_run-1	0	high_ica_dimensionality	68013	1.0	0.0	0.0	0.0	0.0	74726	1.0	1.0	0.0	0.0	29.53604011702424	29.53604011702424	0.0
11861	01	ugr	2	sub-11861_ses-01_task-ugr_run-2	0	nss_zero_control	61980	0.9999999999999998	0.0	0.0	0.0	0.0	67654	1.0	1.0	0.0	0.0	63.84874817129827	63.84874817129827	0.0
